{"type":"FeatureCollection","features":[{"type":"Feature","properties":{"id":"0101","ward":1,"precinct":1},"geometry":{"type":"Polygon","coordinates":[[[-70.97289,42.35361],[-70.98259,42.35601],[-70.98518,42.3567],[-70.98527,42.35672],[-70.98559,42.35681],[-70.98572,42.35776],[-70.98574,42.35791],[-70.98585,42.35883],[-70.98628,42.36212],[-70.98629,42.3622],[-70.9866,42.36458],[-70.98847,42.36461],[-70.98994,42.36463],[-70.99391,42.36469],[-70.99894,42.36477],[-70.99905,42.36477],[-71.00074,42.36483],[-71.0007,42.36465],[-71.00099,42.36466],[-71.00169,42.36469],[-71.00348,42.36476],[-71.00374,42.36477],[-71.00514,42.36483],[-71.00522,42.36483],[-71.01036,42.36504],[-71.01031,42.36519],[-71.01024,42.36536],[-71.00929,42.36786],[-71.00824,42.37061],[-71.00755,42.37241],[-71.00712,42.37354],[-71.00665,42.37475],[-71.00612,42.37606],[-71.00551,42.37624],[-71.00061,42.37765],[-71.00021,42.37776],[-71.00033,42.3778],[-71.00097,42.37796],[-71.00223,42.37833],[-71.00234,42.37833],[-71.00245,42.3783],[-71.00258,42.3783],[-71.00268,42.37836],[-71.00272,42.37841],[-71.00283,42.3785],[-71.00291,42.37854],[-71.00363,42.37879],[-71.00396,42.37893],[-71.00419,42.37905],[-71.00442,42.37912],[-71.00471,42.37916],[-71.00523,42.37922],[-71.00541,42.37922],[-71.00551,42.37919],[-71.0057,42.37905],[-71.00776,42.37969],[-71.00831,42.37986],[-71.00886,42.38003],[-71.01102,42.3807],[-71.01112,42.38081],[-71.01112,42.38078],[-71.01117,42.38073],[-71.01127,42.38066],[-71.01138,42.38058],[-71.01158,42.38051],[-71.01179,42.3805],[-71.01195,42.38055],[-71.01207,42.38062],[-71.01228,42.38078],[-71.01248,42.38096],[-71.01259,42.38098],[-71.01288,42.38098],[-71.01329,42.38097],[-71.01338,42.38095],[-71.01345,42.38088],[-71.01352,42.38068],[-71.01355,42.38048],[-71.01355,42.38022],[-71.0135,42.38012],[-71.01332,42.37997],[-71.01328,42.37984],[-71.01332,42.37962],[-71.01347,42.37956],[-71.01377,42.37957],[-71.01389,42.37957],[-71.01408,42.37957],[-71.01438,42.37949],[-71.0146,42.37933],[-71.01475,42.37931],[-71.01492,42.3793],[-71.01515,42.37933],[-71.01529,42.3795],[-71.01582,42.38028],[-71.01612,42.3804],[-71.0164,42.38019],[-71.01681,42.37981],[-71.01745,42.37929],[-71.01915,42.38028],[-71.01976,42.38029],[-71.01989,42.38029],[-71.02027,42.37942],[-71.0209,42.37896],[-71.0211,42.3788],[-71.02219,42.37934],[-71.02232,42.37941],[-71.02254,42.37951],[-71.02314,42.37928],[-71.02336,42.37914],[-71.02359,42.37889],[-71.02369,42.37882],[-71.02453,42.37812],[-71.02459,42.3781],[-71.02468,42.3781],[-71.02476,42.37811],[-71.02482,42.37816],[-71.02522,42.37843],[-71.02608,42.3777],[-71.02616,42.37763],[-71.02602,42.37664],[-71.02593,42.37605],[-71.02713,42.37494],[-71.02743,42.37466],[-71.029,42.37479],[-71.02906,42.37417],[-71.02944,42.37416],[-71.02949,42.37415],[-71.02968,42.37405],[-71.02978,42.37395],[-71.0299,42.37377],[-71.02973,42.37368],[-71.0295,42.37352],[-71.02945,42.37341],[-71.02938,42.37328],[-71.02935,42.37323],[-71.02927,42.37311],[-71.02919,42.37297],[-71.02911,42.37287],[-71.02902,42.37275],[-71.02892,42.37265],[-71.02877,42.37249],[-71.02862,42.37236],[-71.02831,42.3721],[-71.0277,42.37159],[-71.02752,42.37143],[-71.02725,42.3712],[-71.02703,42.37101],[-71.02689,42.37084],[-71.02678,42.37071],[-71.0269,42.37059],[-71.02698,42.37045],[-71.02706,42.37033],[-71.02784,42.36982],[-71.02878,42.36942],[-71.02958,42.36917],[-71.03001,42.36943],[-71.03131,42.3681],[-71.03137,42.36802],[-71.03173,42.36754],[-71.03204,42.36713],[-71.03249,42.36654],[-71.03336,42.36691],[-71.03407,42.36723],[-71.03523,42.36774],[-71.03538,42.36757],[-71.03573,42.36713],[-71.03621,42.36652],[-71.03629,42.36641],[-71.03683,42.36572],[-71.03711,42.36547],[-71.03749,42.36487],[-71.03758,42.3649],[-71.03893,42.36313],[-71.03916,42.36324],[-71.04013,42.36212],[-71.03963,42.36179],[-71.02836,42.35411],[-71.02827,42.35404],[-71.0269,42.35311],[-71.01099,42.34271],[-71.00343,42.34287],[-70.99579,42.34319],[-70.98817,42.34346],[-70.97509,42.34351],[-70.97289,42.35361]]]}},{"type":"Feature","properties":{"id":"0102","ward":1,"precinct":2},"geometry":{"type":"Polygon","coordinates":[[[-71.03523,42.36774],[-71.03407,42.36723],[-71.03336,42.36691],[-71.03249,42.36654],[-71.03204,42.36713],[-71.03173,42.36754],[-71.03137,42.36802],[-71.03131,42.3681],[-71.03001,42.36943],[-71.03012,42.36949],[-71.03038,42.36961],[-71.031,42.37005],[-71.0312,42.37019],[-71.03154,42.37042],[-71.03165,42.37049],[-71.03193,42.37067],[-71.03265,42.37111],[-71.03322,42.37148],[-71.03392,42.37194],[-71.03481,42.37115],[-71.03554,42.37053],[-71.03606,42.37009],[-71.03669,42.36955],[-71.03699,42.3693],[-71.03747,42.36872],[-71.03624,42.36818],[-71.03523,42.36774]]]}},{"type":"Feature","properties":{"id":"0103","ward":1,"precinct":3},"geometry":{"type":"Polygon","coordinates":[[[-71.03523,42.36774],[-71.03624,42.36818],[-71.03747,42.36872],[-71.03699,42.3693],[-71.03669,42.36955],[-71.03606,42.37009],[-71.03554,42.37053],[-71.03481,42.37115],[-71.03392,42.37194],[-71.03408,42.37204],[-71.03474,42.37247],[-71.03656,42.37091],[-71.03717,42.37129],[-71.03778,42.37077],[-71.03808,42.37051],[-71.03866,42.37002],[-71.03897,42.37015],[-71.03962,42.37044],[-71.04029,42.37075],[-71.04095,42.37103],[-71.04127,42.37116],[-71.04158,42.3713],[-71.04163,42.37132],[-71.04231,42.37161],[-71.04293,42.37187],[-71.04315,42.37161],[-71.04369,42.37095],[-71.04389,42.37071],[-71.04319,42.3704],[-71.04307,42.37034],[-71.04398,42.36976],[-71.04573,42.36864],[-71.04651,42.36815],[-71.04644,42.36806],[-71.0464,42.36801],[-71.04623,42.36781],[-71.04445,42.3658],[-71.0434,42.36461],[-71.0426,42.36381],[-71.0413,42.36292],[-71.04013,42.36212],[-71.03916,42.36324],[-71.03893,42.36313],[-71.03758,42.3649],[-71.03749,42.36487],[-71.03711,42.36547],[-71.03683,42.36572],[-71.03629,42.36641],[-71.03621,42.36652],[-71.03573,42.36713],[-71.03538,42.36757],[-71.03523,42.36774]]]}},{"type":"Feature","properties":{"id":"0104","ward":1,"precinct":4},"geometry":{"type":"Polygon","coordinates":[[[-71.04611,42.37481],[-71.04629,42.37437],[-71.047,42.37261],[-71.0491,42.37121],[-71.04884,42.37091],[-71.0471,42.36888],[-71.0467,42.36841],[-71.04651,42.36815],[-71.04573,42.36864],[-71.04398,42.36976],[-71.04307,42.37034],[-71.04319,42.3704],[-71.04389,42.37071],[-71.04369,42.37095],[-71.04315,42.37161],[-71.04293,42.37187],[-71.04231,42.37161],[-71.04163,42.37132],[-71.04158,42.3713],[-71.04127,42.37116],[-71.04095,42.37103],[-71.04029,42.37075],[-71.03962,42.37044],[-71.03897,42.37015],[-71.03866,42.37002],[-71.03808,42.37051],[-71.03778,42.37077],[-71.03717,42.37129],[-71.03656,42.37091],[-71.03474,42.37247],[-71.03457,42.37262],[-71.03445,42.37272],[-71.0346,42.37277],[-71.03472,42.37282],[-71.03509,42.37299],[-71.03515,42.37302],[-71.03622,42.37359],[-71.03625,42.3736],[-71.03698,42.37397],[-71.03711,42.37403],[-71.03783,42.37435],[-71.0379,42.37446],[-71.03861,42.3749],[-71.03878,42.37494],[-71.03909,42.37493],[-71.03909,42.37471],[-71.03908,42.37454],[-71.03908,42.37418],[-71.03933,42.37426],[-71.03954,42.37437],[-71.03977,42.37449],[-71.03998,42.37461],[-71.04127,42.37427],[-71.04151,42.37444],[-71.04165,42.37454],[-71.04169,42.37493],[-71.04611,42.37481]]]}},{"type":"Feature","properties":{"id":"0105","ward":1,"precinct":5},"geometry":{"type":"Polygon","coordinates":[[[-71.03698,42.37397],[-71.03625,42.3736],[-71.03622,42.37359],[-71.03515,42.37302],[-71.03509,42.37299],[-71.03472,42.37282],[-71.0346,42.37277],[-71.03445,42.37272],[-71.03457,42.37262],[-71.03474,42.37247],[-71.03408,42.37204],[-71.03392,42.37194],[-71.03322,42.37148],[-71.03265,42.37111],[-71.03193,42.37067],[-71.03165,42.37049],[-71.03154,42.37042],[-71.0312,42.37019],[-71.031,42.37005],[-71.03038,42.36961],[-71.03012,42.36949],[-71.03001,42.36943],[-71.02958,42.36917],[-71.02878,42.36942],[-71.02784,42.36982],[-71.02706,42.37033],[-71.02698,42.37045],[-71.0269,42.37059],[-71.02678,42.37071],[-71.02689,42.37084],[-71.02703,42.37101],[-71.02725,42.3712],[-71.02752,42.37143],[-71.0277,42.37159],[-71.02831,42.3721],[-71.02862,42.37236],[-71.02877,42.37249],[-71.02892,42.37265],[-71.02902,42.37275],[-71.02911,42.37287],[-71.02919,42.37297],[-71.02927,42.37311],[-71.02935,42.37323],[-71.02938,42.37328],[-71.02945,42.37341],[-71.0295,42.37352],[-71.02973,42.37368],[-71.0299,42.37377],[-71.02978,42.37395],[-71.02968,42.37405],[-71.02949,42.37415],[-71.02944,42.37416],[-71.02906,42.37417],[-71.029,42.37479],[-71.02743,42.37466],[-71.02713,42.37494],[-71.0285,42.37577],[-71.02872,42.37589],[-71.02881,42.37596],[-71.02891,42.37602],[-71.02904,42.37608],[-71.02908,42.37611],[-71.02914,42.37614],[-71.02942,42.37631],[-71.02991,42.37662],[-71.03054,42.37701],[-71.03104,42.37733],[-71.03154,42.37764],[-71.03368,42.37684],[-71.03513,42.37559],[-71.03676,42.37419],[-71.03682,42.37414],[-71.03691,42.37407],[-71.03698,42.37397]]]}},{"type":"Feature","properties":{"id":"0106","ward":1,"precinct":6},"geometry":{"type":"Polygon","coordinates":[[[-71.0452,42.37711],[-71.04556,42.37619],[-71.04611,42.37481],[-71.04169,42.37493],[-71.04165,42.37454],[-71.04151,42.37444],[-71.04127,42.37427],[-71.03998,42.37461],[-71.03977,42.37449],[-71.03954,42.37437],[-71.03933,42.37426],[-71.03908,42.37418],[-71.03908,42.37454],[-71.03909,42.37471],[-71.03909,42.37493],[-71.03878,42.37494],[-71.03861,42.3749],[-71.0379,42.37446],[-71.03783,42.37435],[-71.03711,42.37403],[-71.03698,42.37397],[-71.03691,42.37407],[-71.03682,42.37414],[-71.03676,42.37419],[-71.03513,42.37559],[-71.03368,42.37684],[-71.03154,42.37764],[-71.03196,42.37826],[-71.03236,42.37886],[-71.03451,42.37808],[-71.03666,42.37725],[-71.03739,42.37699],[-71.03823,42.37669],[-71.03874,42.37651],[-71.03915,42.37636],[-71.03917,42.37712],[-71.0399,42.37713],[-71.04116,42.37702],[-71.04152,42.37703],[-71.04343,42.37699],[-71.04343,42.37707],[-71.0452,42.37711]]]}},{"type":"Feature","properties":{"id":"0107","ward":1,"precinct":7},"geometry":{"type":"Polygon","coordinates":[[[-71.04465,42.38079],[-71.04498,42.37855],[-71.0452,42.37711],[-71.04343,42.37707],[-71.04343,42.37699],[-71.04152,42.37703],[-71.04116,42.37702],[-71.0399,42.37713],[-71.03917,42.37712],[-71.03915,42.37636],[-71.03874,42.37651],[-71.03823,42.37669],[-71.03739,42.37699],[-71.03666,42.37725],[-71.03451,42.37808],[-71.03492,42.37869],[-71.03278,42.37949],[-71.03319,42.38011],[-71.03534,42.37931],[-71.03576,42.37994],[-71.03605,42.38031],[-71.03609,42.38039],[-71.0361,42.38048],[-71.0361,42.38056],[-71.03836,42.3797],[-71.03923,42.37937],[-71.03925,42.38055],[-71.0393,42.38055],[-71.04019,42.3805],[-71.0402,42.38064],[-71.04182,42.38051],[-71.04217,42.38058],[-71.04465,42.38079]]]}},{"type":"Feature","properties":{"id":"0108","ward":1,"precinct":8},"geometry":{"type":"Polygon","coordinates":[[[-71.0443,42.38322],[-71.04465,42.38079],[-71.04217,42.38058],[-71.04182,42.38051],[-71.0402,42.38064],[-71.04019,42.3805],[-71.0393,42.38055],[-71.03925,42.38055],[-71.03923,42.37937],[-71.03836,42.3797],[-71.0361,42.38056],[-71.0361,42.38048],[-71.03609,42.38039],[-71.03605,42.38031],[-71.03576,42.37994],[-71.03534,42.37931],[-71.03319,42.38011],[-71.03342,42.38045],[-71.03342,42.38053],[-71.03341,42.38137],[-71.03341,42.38196],[-71.0334,42.38262],[-71.03334,42.38305],[-71.03328,42.38404],[-71.03323,42.38492],[-71.03498,42.38588],[-71.03607,42.3861],[-71.03836,42.38654],[-71.03881,42.38682],[-71.03887,42.38682],[-71.03892,42.38682],[-71.03897,42.38682],[-71.03908,42.38681],[-71.03913,42.38681],[-71.03926,42.38684],[-71.03932,42.38686],[-71.03935,42.38685],[-71.03938,42.38686],[-71.03943,42.38687],[-71.03947,42.38686],[-71.03951,42.38686],[-71.04326,42.3836],[-71.0443,42.38322]]]}},{"type":"Feature","properties":{"id":"0109","ward":1,"precinct":9},"geometry":{"type":"Polygon","coordinates":[[[-71.03319,42.38011],[-71.03278,42.37949],[-71.03492,42.37869],[-71.03451,42.37808],[-71.03236,42.37886],[-71.03085,42.37944],[-71.03024,42.37967],[-71.02863,42.38028],[-71.02775,42.38061],[-71.02639,42.38109],[-71.02616,42.38077],[-71.02554,42.38132],[-71.0255,42.38132],[-71.02465,42.38205],[-71.02351,42.38303],[-71.02303,42.38346],[-71.023,42.3835],[-71.02266,42.38392],[-71.02257,42.38404],[-71.02241,42.38434],[-71.02228,42.38462],[-71.02218,42.38495],[-71.02215,42.3852],[-71.02216,42.38525],[-71.02218,42.3854],[-71.02241,42.38588],[-71.02246,42.38595],[-71.02254,42.38607],[-71.02265,42.38624],[-71.02267,42.38627],[-71.02421,42.38559],[-71.02771,42.38405],[-71.032,42.38461],[-71.03323,42.38492],[-71.03328,42.38404],[-71.03334,42.38305],[-71.0334,42.38262],[-71.03341,42.38196],[-71.03341,42.38137],[-71.03342,42.38053],[-71.03342,42.38045],[-71.03319,42.38011]]]}},{"type":"Feature","properties":{"id":"0110","ward":1,"precinct":10},"geometry":{"type":"Polygon","coordinates":[[[-71.03154,42.37764],[-71.03104,42.37733],[-71.03054,42.37701],[-71.02991,42.37662],[-71.02942,42.37631],[-71.02914,42.37614],[-71.02908,42.37611],[-71.02904,42.37608],[-71.02891,42.37602],[-71.02881,42.37596],[-71.02872,42.37589],[-71.0285,42.37577],[-71.02713,42.37494],[-71.02593,42.37605],[-71.02602,42.37664],[-71.02616,42.37763],[-71.02608,42.3777],[-71.02522,42.37843],[-71.02482,42.37816],[-71.02476,42.37811],[-71.02468,42.3781],[-71.02459,42.3781],[-71.02453,42.37812],[-71.02369,42.37882],[-71.02359,42.37889],[-71.02336,42.37914],[-71.02314,42.37928],[-71.02254,42.37951],[-71.02266,42.37976],[-71.02228,42.37991],[-71.02213,42.37996],[-71.02156,42.38015],[-71.02162,42.38027],[-71.02177,42.38052],[-71.02177,42.38055],[-71.02208,42.38104],[-71.02218,42.38118],[-71.02232,42.38121],[-71.02262,42.38171],[-71.02264,42.38175],[-71.0228,42.38192],[-71.02287,42.382],[-71.02247,42.38237],[-71.02259,42.38245],[-71.02272,42.38253],[-71.02291,42.38265],[-71.02351,42.38303],[-71.02465,42.38205],[-71.0255,42.38132],[-71.02554,42.38132],[-71.02616,42.38077],[-71.02639,42.38109],[-71.02775,42.38061],[-71.02863,42.38028],[-71.03024,42.37967],[-71.03085,42.37944],[-71.03236,42.37886],[-71.03196,42.37826],[-71.03154,42.37764]]]}},{"type":"Feature","properties":{"id":"0111","ward":1,"precinct":11},"geometry":{"type":"Polygon","coordinates":[[[-71.01389,42.37957],[-71.0139,42.37963],[-71.01457,42.38091],[-71.01495,42.38147],[-71.01507,42.38165],[-71.01514,42.38175],[-71.0154,42.38214],[-71.01581,42.38274],[-71.01624,42.38338],[-71.01628,42.38345],[-71.01512,42.38389],[-71.01403,42.38427],[-71.01259,42.38476],[-71.01293,42.38536],[-71.01304,42.38532],[-71.01328,42.38563],[-71.01333,42.38561],[-71.01367,42.38611],[-71.01589,42.38657],[-71.01583,42.38675],[-71.01494,42.38724],[-71.01498,42.38725],[-71.01614,42.38797],[-71.01639,42.38816],[-71.01653,42.38824],[-71.01744,42.38882],[-71.01764,42.38893],[-71.01879,42.38955],[-71.01928,42.38899],[-71.01933,42.38893],[-71.02051,42.38765],[-71.02243,42.38638],[-71.02267,42.38627],[-71.02265,42.38624],[-71.02254,42.38607],[-71.02246,42.38595],[-71.02241,42.38588],[-71.02218,42.3854],[-71.02216,42.38525],[-71.02215,42.3852],[-71.02218,42.38495],[-71.02228,42.38462],[-71.02241,42.38434],[-71.02257,42.38404],[-71.02266,42.38392],[-71.023,42.3835],[-71.02303,42.38346],[-71.02351,42.38303],[-71.02291,42.38265],[-71.02272,42.38253],[-71.02259,42.38245],[-71.02247,42.38237],[-71.02287,42.382],[-71.0228,42.38192],[-71.02264,42.38175],[-71.02262,42.38171],[-71.02232,42.38121],[-71.02218,42.38118],[-71.02208,42.38104],[-71.02177,42.38055],[-71.02177,42.38052],[-71.02162,42.38027],[-71.02156,42.38015],[-71.02213,42.37996],[-71.02228,42.37991],[-71.02266,42.37976],[-71.02254,42.37951],[-71.02232,42.37941],[-71.02219,42.37934],[-71.0211,42.3788],[-71.0209,42.37896],[-71.02027,42.37942],[-71.01989,42.38029],[-71.01976,42.38029],[-71.01915,42.38028],[-71.01745,42.37929],[-71.01681,42.37981],[-71.0164,42.38019],[-71.01612,42.3804],[-71.01582,42.38028],[-71.01529,42.3795],[-71.01515,42.37933],[-71.01492,42.3793],[-71.01475,42.37931],[-71.0146,42.37933],[-71.01438,42.37949],[-71.01408,42.37957],[-71.01389,42.37957]]]}},{"type":"Feature","properties":{"id":"0112","ward":1,"precinct":12},"geometry":{"type":"Polygon","coordinates":[[[-71.00021,42.37776],[-71.00017,42.37775],[-71.00009,42.37778],[-71.00001,42.37777],[-70.99972,42.37775],[-70.99952,42.37774],[-70.99939,42.37776],[-70.99933,42.37775],[-70.99932,42.37777],[-70.99932,42.37778],[-70.99931,42.3778],[-70.99898,42.3779],[-70.99799,42.37821],[-70.99669,42.37875],[-70.99617,42.37948],[-70.99465,42.38116],[-70.99466,42.38191],[-70.99467,42.38237],[-70.99464,42.38267],[-70.99463,42.38272],[-70.9946,42.383],[-70.99441,42.38374],[-70.99424,42.38466],[-70.99337,42.38503],[-70.99304,42.38517],[-70.9916,42.38579],[-70.99145,42.38585],[-70.9914,42.38587],[-70.98828,42.38712],[-70.98809,42.3871],[-70.98806,42.38708],[-70.98804,42.38704],[-70.98801,42.387],[-70.98798,42.38698],[-70.98795,42.38697],[-70.98791,42.38697],[-70.98784,42.38696],[-70.98778,42.38695],[-70.98775,42.38698],[-70.98772,42.38702],[-70.98768,42.38702],[-70.98764,42.38702],[-70.98757,42.387],[-70.98751,42.38698],[-70.98744,42.38697],[-70.98739,42.38696],[-70.98736,42.38695],[-70.98731,42.38695],[-70.98722,42.38694],[-70.98711,42.38693],[-70.98704,42.38692],[-70.98695,42.38692],[-70.9869,42.38692],[-70.98682,42.38696],[-70.9868,42.38696],[-70.98673,42.38702],[-70.9867,42.38704],[-70.98667,42.38708],[-70.98662,42.38715],[-70.98659,42.38721],[-70.98654,42.3873],[-70.98648,42.38741],[-70.98646,42.38743],[-70.98644,42.38745],[-70.98643,42.38748],[-70.9865,42.38755],[-70.98605,42.38812],[-70.98699,42.38853],[-70.98729,42.38874],[-70.98742,42.38901],[-70.98751,42.38924],[-70.98759,42.38953],[-70.98762,42.38974],[-70.98762,42.3898],[-70.98761,42.38992],[-70.98758,42.39032],[-70.98757,42.39059],[-70.98745,42.39104],[-70.98741,42.39105],[-70.98736,42.39109],[-70.98734,42.39113],[-70.98733,42.39118],[-70.98732,42.39119],[-70.9872,42.39147],[-70.98721,42.39154],[-70.98722,42.39157],[-70.98714,42.39189],[-70.98712,42.39193],[-70.98711,42.39199],[-70.98712,42.39207],[-70.98713,42.39213],[-70.98719,42.3922],[-70.98724,42.39229],[-70.98731,42.39236],[-70.98744,42.39275],[-70.98797,42.39283],[-70.98808,42.39287],[-70.9882,42.3929],[-70.98827,42.39291],[-70.98833,42.39297],[-70.98846,42.39302],[-70.98851,42.39302],[-70.98858,42.39304],[-70.98882,42.39306],[-70.98917,42.39316],[-70.98941,42.39319],[-70.98957,42.39321],[-70.98977,42.39325],[-70.99002,42.39324],[-70.99009,42.39318],[-70.99033,42.3931],[-70.99143,42.39303],[-70.99225,42.39299],[-70.99228,42.39298],[-70.9924,42.39296],[-70.99245,42.39296],[-70.99249,42.39296],[-70.99251,42.39295],[-70.99265,42.39295],[-70.99269,42.39295],[-70.99289,42.39295],[-70.99293,42.39296],[-70.99298,42.39297],[-70.99382,42.39293],[-70.99385,42.39296],[-70.99389,42.39303],[-70.99389,42.39306],[-70.9939,42.39308],[-70.99398,42.39312],[-70.99403,42.39312],[-70.99409,42.39309],[-70.99417,42.3931],[-70.99423,42.39312],[-70.99428,42.39316],[-70.99429,42.39317],[-70.9943,42.39319],[-70.99431,42.3932],[-70.99431,42.39322],[-70.9943,42.39324],[-70.9943,42.39327],[-70.99429,42.39331],[-70.99436,42.39332],[-70.99443,42.39332],[-70.99445,42.39332],[-70.99458,42.39334],[-70.99477,42.39343],[-70.99481,42.39345],[-70.99494,42.39351],[-70.99502,42.39356],[-70.99505,42.39357],[-70.99508,42.39354],[-70.99509,42.39352],[-70.99543,42.39292],[-70.99593,42.39215],[-70.99664,42.3911],[-70.99684,42.39087],[-70.99726,42.39042],[-70.99755,42.39012],[-70.99786,42.38985],[-70.99828,42.38953],[-70.99874,42.38922],[-70.99891,42.3891],[-70.99911,42.38897],[-70.99944,42.38878],[-70.99997,42.38853],[-71.00002,42.38851],[-71.00017,42.38845],[-71.00124,42.38809],[-71.0034,42.38734],[-71.0046,42.38693],[-71.00614,42.38645],[-71.0068,42.38667],[-71.00715,42.38659],[-71.00864,42.38608],[-71.00921,42.38589],[-71.01008,42.3856],[-71.0104,42.38549],[-71.01259,42.38476],[-71.01403,42.38427],[-71.01512,42.38389],[-71.01628,42.38345],[-71.01624,42.38338],[-71.01581,42.38274],[-71.0154,42.38214],[-71.01514,42.38175],[-71.01507,42.38165],[-71.01495,42.38147],[-71.01457,42.38091],[-71.0139,42.37963],[-71.01389,42.37957],[-71.01377,42.37957],[-71.01347,42.37956],[-71.01332,42.37962],[-71.01328,42.37984],[-71.01332,42.37997],[-71.0135,42.38012],[-71.01355,42.38022],[-71.01355,42.38048],[-71.01352,42.38068],[-71.01345,42.38088],[-71.01338,42.38095],[-71.01329,42.38097],[-71.01288,42.38098],[-71.01259,42.38098],[-71.01248,42.38096],[-71.01228,42.38078],[-71.01207,42.38062],[-71.01195,42.38055],[-71.01179,42.3805],[-71.01158,42.38051],[-71.01138,42.38058],[-71.01127,42.38066],[-71.01117,42.38073],[-71.01112,42.38078],[-71.01112,42.38081],[-71.01102,42.3807],[-71.00886,42.38003],[-71.00831,42.37986],[-71.00776,42.37969],[-71.0057,42.37905],[-71.00551,42.37919],[-71.00541,42.37922],[-71.00523,42.37922],[-71.00471,42.37916],[-71.00442,42.37912],[-71.00419,42.37905],[-71.00396,42.37893],[-71.00363,42.37879],[-71.00291,42.37854],[-71.00283,42.3785],[-71.00272,42.37841],[-71.00268,42.37836],[-71.00258,42.3783],[-71.00245,42.3783],[-71.00234,42.37833],[-71.00223,42.37833],[-71.00097,42.37796],[-71.00033,42.3778],[-71.00021,42.37776]]]}},{"type":"Feature","properties":{"id":"0113","ward":1,"precinct":13},"geometry":{"type":"Polygon","coordinates":[[[-71.01879,42.38955],[-71.01764,42.38893],[-71.01744,42.38882],[-71.01653,42.38824],[-71.01639,42.38816],[-71.01614,42.38797],[-71.01498,42.38725],[-71.01494,42.38724],[-71.01583,42.38675],[-71.01589,42.38657],[-71.01367,42.38611],[-71.01333,42.38561],[-71.01328,42.38563],[-71.01304,42.38532],[-71.01293,42.38536],[-71.01259,42.38476],[-71.0104,42.38549],[-71.01008,42.3856],[-71.00921,42.38589],[-71.00864,42.38608],[-71.00715,42.38659],[-71.0068,42.38667],[-71.00614,42.38645],[-71.0046,42.38693],[-71.0034,42.38734],[-71.00124,42.38809],[-71.00017,42.38845],[-71.00002,42.38851],[-70.99997,42.38853],[-71.00044,42.38851],[-71.00025,42.38863],[-70.99943,42.38906],[-70.99921,42.38921],[-70.99917,42.38924],[-70.99913,42.38928],[-70.99912,42.38941],[-70.99914,42.38953],[-70.99919,42.38964],[-70.99929,42.38972],[-70.99938,42.38976],[-70.99946,42.3898],[-70.99981,42.38994],[-70.99997,42.39002],[-71.00137,42.39008],[-71.00184,42.39009],[-71.0034,42.39015],[-71.00393,42.39018],[-71.00419,42.39021],[-71.00442,42.39022],[-71.00642,42.39057],[-71.0078,42.39083],[-71.00807,42.39088],[-71.00835,42.39096],[-71.00854,42.391],[-71.00871,42.39106],[-71.00893,42.39112],[-71.00914,42.39119],[-71.00948,42.39132],[-71.00991,42.39148],[-71.01094,42.39186],[-71.011,42.3919],[-71.01234,42.39237],[-71.01248,42.39242],[-71.01418,42.393],[-71.01434,42.39307],[-71.01557,42.39345],[-71.01553,42.39327],[-71.01545,42.39312],[-71.01533,42.39299],[-71.01497,42.39268],[-71.01484,42.39249],[-71.01481,42.39235],[-71.01486,42.39227],[-71.01485,42.39224],[-71.01506,42.39197],[-71.01606,42.39221],[-71.01723,42.39248],[-71.01724,42.39247],[-71.01779,42.39071],[-71.01879,42.38955]]]}},{"type":"Feature","properties":{"id":"0114","ward":1,"precinct":14},"geometry":{"type":"Polygon","coordinates":[[[-70.99997,42.38853],[-70.99944,42.38878],[-70.99911,42.38897],[-70.99891,42.3891],[-70.99874,42.38922],[-70.99828,42.38953],[-70.99786,42.38985],[-70.99755,42.39012],[-70.99726,42.39042],[-70.99684,42.39087],[-70.99664,42.3911],[-70.99593,42.39215],[-70.99543,42.39292],[-70.99509,42.39352],[-70.99508,42.39354],[-70.99505,42.39357],[-70.99508,42.39359],[-70.99522,42.39367],[-70.99524,42.39369],[-70.9953,42.39376],[-70.99531,42.39377],[-70.99536,42.39382],[-70.9954,42.39388],[-70.99553,42.39416],[-70.99557,42.39428],[-70.99594,42.39512],[-70.99647,42.39629],[-70.99648,42.39632],[-70.99656,42.39635],[-70.99665,42.3964],[-70.99677,42.39642],[-70.9969,42.39646],[-70.99816,42.3969],[-70.99831,42.39694],[-70.99877,42.39698],[-70.99915,42.39699],[-70.9995,42.39695],[-71.00043,42.39685],[-71.00068,42.39683],[-71.00141,42.39675],[-71.00539,42.3941],[-71.0056,42.39397],[-71.00586,42.3939],[-71.00895,42.3952],[-71.00983,42.39546],[-71.00989,42.39548],[-71.01,42.3955],[-71.01168,42.39573],[-71.01193,42.39576],[-71.01127,42.3966],[-71.01138,42.39664],[-71.0124,42.39703],[-71.0134,42.39741],[-71.01609,42.39591],[-71.01659,42.39451],[-71.01723,42.39248],[-71.01606,42.39221],[-71.01506,42.39197],[-71.01485,42.39224],[-71.01486,42.39227],[-71.01481,42.39235],[-71.01484,42.39249],[-71.01497,42.39268],[-71.01533,42.39299],[-71.01545,42.39312],[-71.01553,42.39327],[-71.01557,42.39345],[-71.01434,42.39307],[-71.01418,42.393],[-71.01248,42.39242],[-71.01234,42.39237],[-71.011,42.3919],[-71.01094,42.39186],[-71.00991,42.39148],[-71.00948,42.39132],[-71.00914,42.39119],[-71.00893,42.39112],[-71.00871,42.39106],[-71.00854,42.391],[-71.00835,42.39096],[-71.00807,42.39088],[-71.0078,42.39083],[-71.00642,42.39057],[-71.00442,42.39022],[-71.00419,42.39021],[-71.00393,42.39018],[-71.0034,42.39015],[-71.00184,42.39009],[-71.00137,42.39008],[-70.99997,42.39002],[-70.99981,42.38994],[-70.99946,42.3898],[-70.99938,42.38976],[-70.99929,42.38972],[-70.99919,42.38964],[-70.99914,42.38953],[-70.99912,42.38941],[-70.99913,42.38928],[-70.99917,42.38924],[-70.99921,42.38921],[-70.99943,42.38906],[-71.00025,42.38863],[-71.00044,42.38851],[-70.99997,42.38853]]]}},{"type":"Feature","properties":{"id":"0115","ward":1,"precinct":15},"geometry":{"type":"Polygon","coordinates":[[[-70.97289,42.35361],[-70.97509,42.34351],[-70.97839,42.32891],[-70.98263,42.32901],[-70.98662,42.32911],[-70.99056,42.32885],[-70.99081,42.32883],[-70.99252,42.32872],[-71.00396,42.32872],[-71.02354,42.32871],[-71.02517,42.32875],[-71.02829,42.32874],[-71.0282,42.32461],[-71.0284,42.30881],[-71.02652,42.30785],[-71.02209,42.30561],[-71.02077,42.30584],[-71.01869,42.30621],[-71.01694,42.30647],[-71.01539,42.30671],[-71.01175,42.30573],[-71.0102,42.30532],[-71.01022,42.3053],[-71.01026,42.30523],[-71.01009,42.3052],[-71.01003,42.30519],[-71.00999,42.30519],[-71.00995,42.3052],[-71.00991,42.30522],[-71.00988,42.30523],[-71.00947,42.30541],[-71.00925,42.30551],[-71.00919,42.3055],[-71.00918,42.30549],[-71.00354,42.30805],[-71.00209,42.30871],[-70.99859,42.31201],[-70.98869,42.31361],[-70.98691,42.31226],[-70.98194,42.30852],[-70.9818,42.3084],[-70.98178,42.30839],[-70.98137,42.3078],[-70.98099,42.30726],[-70.97872,42.30401],[-70.97826,42.30334],[-70.97734,42.30204],[-70.97707,42.30165],[-70.97626,42.30049],[-70.97599,42.30011],[-70.97592,42.3001],[-70.97569,42.3001],[-70.97562,42.30009],[-70.97377,42.30002],[-70.96822,42.29981],[-70.96638,42.29974],[-70.96514,42.29969],[-70.96143,42.29955],[-70.96019,42.29951],[-70.94899,42.30131],[-70.94514,42.30448],[-70.93709,42.31111],[-70.92789,42.31018],[-70.92719,42.31011],[-70.92319,42.31173],[-70.92072,42.31273],[-70.91709,42.31421],[-70.90569,42.31701],[-70.90451,42.32274],[-70.90333,42.32847],[-70.90329,42.32868],[-70.90325,42.32889],[-70.90055,42.342],[-70.89626,42.36286],[-70.89481,42.36991],[-70.89429,42.37241],[-70.86949,42.37247],[-70.85119,42.37251],[-70.75146,42.37335],[-70.75056,42.37335],[-70.74949,42.37335],[-70.74885,42.37376],[-70.7488,42.40022],[-70.74949,42.40083],[-70.85144,42.39322],[-70.87433,42.38903],[-70.90129,42.38411],[-70.91789,42.38601],[-70.95504,42.36406],[-70.96163,42.36017],[-70.96217,42.35984],[-70.96298,42.35937],[-70.96705,42.35696],[-70.96711,42.35702],[-70.96715,42.35699],[-70.96726,42.35708],[-70.9675,42.35689],[-70.96829,42.35628],[-70.96844,42.35616],[-70.96868,42.35598],[-70.96875,42.35592],[-70.96882,42.35587],[-70.96894,42.35593],[-70.96915,42.35581],[-70.97226,42.35398],[-70.97234,42.35393],[-70.97289,42.35361]]]}},{"type":"Feature","properties":{"id":"0201","ward":2,"precinct":1},"geometry":{"type":"Polygon","coordinates":[[[-71.0598,42.36878],[-71.06064,42.37003],[-71.06066,42.37007],[-71.0609,42.37039],[-71.06108,42.37059],[-71.06129,42.37076],[-71.06184,42.3711],[-71.06189,42.37112],[-71.06192,42.37113],[-71.06196,42.37114],[-71.06202,42.37116],[-71.06205,42.37117],[-71.06224,42.37124],[-71.06238,42.3713],[-71.06263,42.3714],[-71.06267,42.37141],[-71.06271,42.37142],[-71.06304,42.37156],[-71.06319,42.37162],[-71.06361,42.3718],[-71.06384,42.37192],[-71.06396,42.37222],[-71.064,42.3723],[-71.06406,42.37241],[-71.06415,42.37269],[-71.06421,42.37284],[-71.06423,42.37313],[-71.0642,42.37327],[-71.06418,42.37338],[-71.06415,42.37342],[-71.064,42.37359],[-71.06375,42.37371],[-71.06339,42.37385],[-71.0632,42.37395],[-71.06279,42.3745],[-71.0625,42.37481],[-71.06222,42.3752],[-71.06205,42.3756],[-71.06187,42.37596],[-71.06239,42.37613],[-71.06244,42.37608],[-71.0625,42.376],[-71.06262,42.37579],[-71.0628,42.37538],[-71.06309,42.3747],[-71.06332,42.37488],[-71.06367,42.3751],[-71.06397,42.37528],[-71.06416,42.37539],[-71.06432,42.37547],[-71.06446,42.37555],[-71.06407,42.37592],[-71.064,42.37598],[-71.06369,42.37629],[-71.0635,42.37653],[-71.06378,42.37664],[-71.06393,42.37669],[-71.06426,42.37685],[-71.06497,42.37731],[-71.06531,42.37759],[-71.0655,42.3778],[-71.06566,42.37791],[-71.06592,42.37811],[-71.06622,42.37833],[-71.06639,42.37847],[-71.06659,42.37864],[-71.06666,42.37868],[-71.06704,42.37893],[-71.06783,42.37821],[-71.06813,42.37848],[-71.06847,42.3788],[-71.06875,42.37906],[-71.06911,42.37942],[-71.06952,42.37984],[-71.06969,42.38002],[-71.06999,42.38032],[-71.07051,42.38006],[-71.07078,42.37994],[-71.0709,42.37988],[-71.07069,42.37954],[-71.07043,42.37908],[-71.06994,42.37821],[-71.0696,42.37758],[-71.06935,42.37719],[-71.06906,42.37664],[-71.06877,42.37609],[-71.06868,42.37592],[-71.06832,42.37531],[-71.06822,42.37513],[-71.06791,42.37464],[-71.06804,42.37454],[-71.06788,42.37427],[-71.0678,42.37414],[-71.06796,42.37409],[-71.06804,42.37421],[-71.06841,42.3741],[-71.06851,42.37407],[-71.06887,42.37392],[-71.06914,42.37382],[-71.0692,42.37379],[-71.06936,42.37369],[-71.06938,42.37368],[-71.06942,42.37366],[-71.06949,42.3736],[-71.06952,42.37357],[-71.06955,42.37355],[-71.06959,42.37352],[-71.06962,42.37348],[-71.06964,42.37346],[-71.06967,42.37343],[-71.0697,42.3734],[-71.06971,42.37339],[-71.06974,42.37335],[-71.06988,42.37318],[-71.07,42.37303],[-71.07019,42.37277],[-71.07032,42.37262],[-71.0704,42.37253],[-71.07045,42.37248],[-71.07055,42.37236],[-71.0705,42.37236],[-71.07045,42.37235],[-71.07042,42.37235],[-71.07033,42.37233],[-71.07022,42.37231],[-71.07012,42.3723],[-71.07006,42.37229],[-71.06991,42.37226],[-71.06974,42.37224],[-71.06969,42.37223],[-71.06966,42.37222],[-71.06945,42.37219],[-71.06932,42.37217],[-71.06911,42.37214],[-71.06906,42.37213],[-71.069,42.37212],[-71.06895,42.37211],[-71.0687,42.37207],[-71.06844,42.37203],[-71.0683,42.37201],[-71.06822,42.372],[-71.06815,42.37199],[-71.068,42.37196],[-71.06791,42.37195],[-71.06777,42.37193],[-71.06767,42.37191],[-71.06761,42.3719],[-71.06745,42.37188],[-71.06739,42.37187],[-71.06716,42.37183],[-71.06712,42.37182],[-71.06698,42.3717],[-71.0667,42.37144],[-71.06658,42.37133],[-71.06651,42.37127],[-71.06644,42.3712],[-71.06637,42.37114],[-71.06624,42.37102],[-71.06599,42.37079],[-71.06571,42.37053],[-71.06562,42.37044],[-71.06541,42.37025],[-71.06534,42.37019],[-71.06521,42.37007],[-71.06509,42.36995],[-71.06497,42.36985],[-71.06493,42.36981],[-71.06478,42.36967],[-71.06471,42.36961],[-71.06464,42.36955],[-71.06453,42.36944],[-71.06435,42.36928],[-71.06421,42.36915],[-71.06413,42.36907],[-71.06406,42.36901],[-71.06392,42.36902],[-71.06356,42.3689],[-71.06299,42.3684],[-71.06275,42.36846],[-71.06249,42.3685],[-71.06218,42.36855],[-71.0621,42.36856],[-71.06199,42.36857],[-71.06193,42.36858],[-71.06084,42.36868],[-71.05988,42.36877],[-71.0598,42.36878]]]}},{"type":"Feature","properties":{"id":"0202","ward":2,"precinct":2},"geometry":{"type":"Polygon","coordinates":[[[-71.04498,42.37855],[-71.05131,42.38029],[-71.05192,42.37982],[-71.05196,42.37972],[-71.05197,42.37967],[-71.05207,42.37946],[-71.05217,42.37928],[-71.0524,42.37895],[-71.05259,42.37879],[-71.05267,42.37872],[-71.05294,42.37844],[-71.05313,42.37824],[-71.05321,42.37816],[-71.05364,42.37773],[-71.05376,42.37762],[-71.05457,42.37685],[-71.05523,42.37623],[-71.05552,42.37595],[-71.05579,42.37568],[-71.05584,42.37564],[-71.05586,42.37562],[-71.05624,42.37532],[-71.05665,42.37508],[-71.05696,42.37488],[-71.05729,42.37461],[-71.05735,42.37456],[-71.05775,42.37425],[-71.0578,42.37421],[-71.05775,42.37413],[-71.05743,42.37361],[-71.05713,42.37313],[-71.05691,42.37266],[-71.05728,42.37245],[-71.05766,42.37224],[-71.05755,42.37218],[-71.05621,42.3715],[-71.05611,42.37152],[-71.055,42.37071],[-71.0517,42.37071],[-71.0509,42.37071],[-71.05071,42.37076],[-71.0491,42.37121],[-71.047,42.37261],[-71.04629,42.37437],[-71.04611,42.37481],[-71.04556,42.37619],[-71.0452,42.37711],[-71.04498,42.37855]]]}},{"type":"Feature","properties":{"id":"0203","ward":2,"precinct":3},"geometry":{"type":"Polygon","coordinates":[[[-71.0598,42.36878],[-71.05883,42.36922],[-71.05714,42.36999],[-71.05628,42.37028],[-71.055,42.37071],[-71.05611,42.37152],[-71.05621,42.3715],[-71.05755,42.37218],[-71.05766,42.37224],[-71.05728,42.37245],[-71.05691,42.37266],[-71.05713,42.37313],[-71.05743,42.37361],[-71.05775,42.37413],[-71.0578,42.37421],[-71.05784,42.37426],[-71.05789,42.3743],[-71.05793,42.37433],[-71.05803,42.37441],[-71.05855,42.37544],[-71.0587,42.37578],[-71.05874,42.37594],[-71.05933,42.37584],[-71.05952,42.37591],[-71.06001,42.37608],[-71.05972,42.37666],[-71.06049,42.37693],[-71.06124,42.37716],[-71.06153,42.37663],[-71.06187,42.37596],[-71.06205,42.3756],[-71.06222,42.3752],[-71.0625,42.37481],[-71.06279,42.3745],[-71.0632,42.37395],[-71.06339,42.37385],[-71.06375,42.37371],[-71.064,42.37359],[-71.06415,42.37342],[-71.06418,42.37338],[-71.0642,42.37327],[-71.06423,42.37313],[-71.06421,42.37284],[-71.06415,42.37269],[-71.06406,42.37241],[-71.064,42.3723],[-71.06396,42.37222],[-71.06384,42.37192],[-71.06361,42.3718],[-71.06319,42.37162],[-71.06304,42.37156],[-71.06271,42.37142],[-71.06267,42.37141],[-71.06263,42.3714],[-71.06238,42.3713],[-71.06224,42.37124],[-71.06205,42.37117],[-71.06202,42.37116],[-71.06196,42.37114],[-71.06192,42.37113],[-71.06189,42.37112],[-71.06184,42.3711],[-71.06129,42.37076],[-71.06108,42.37059],[-71.0609,42.37039],[-71.06066,42.37007],[-71.06064,42.37003],[-71.0598,42.36878]]]}},{"type":"Feature","properties":{"id":"0204","ward":2,"precinct":4},"geometry":{"type":"Polygon","coordinates":[[[-71.06187,42.37596],[-71.06153,42.37663],[-71.06124,42.37716],[-71.06049,42.37693],[-71.05972,42.37666],[-71.06001,42.37608],[-71.05952,42.37591],[-71.05933,42.37584],[-71.05874,42.37594],[-71.0587,42.37578],[-71.05855,42.37544],[-71.05803,42.37441],[-71.05793,42.37433],[-71.05789,42.3743],[-71.05784,42.37426],[-71.0578,42.37421],[-71.05775,42.37425],[-71.05735,42.37456],[-71.05729,42.37461],[-71.05696,42.37488],[-71.05665,42.37508],[-71.05624,42.37532],[-71.05586,42.37562],[-71.05584,42.37564],[-71.05579,42.37568],[-71.05552,42.37595],[-71.05523,42.37623],[-71.05541,42.37635],[-71.05544,42.37637],[-71.05547,42.37639],[-71.05571,42.37652],[-71.05584,42.37659],[-71.05595,42.37664],[-71.05597,42.37665],[-71.05603,42.37668],[-71.05616,42.37675],[-71.05619,42.37677],[-71.05646,42.37693],[-71.05705,42.37708],[-71.05712,42.3771],[-71.05722,42.37714],[-71.05741,42.37721],[-71.05841,42.37755],[-71.05874,42.37768],[-71.05908,42.3778],[-71.05958,42.37797],[-71.05961,42.37798],[-71.05987,42.37806],[-71.05989,42.37807],[-71.06024,42.37818],[-71.06029,42.3782],[-71.06032,42.37821],[-71.06064,42.37831],[-71.06098,42.37843],[-71.06123,42.37852],[-71.06136,42.37857],[-71.06158,42.37865],[-71.06178,42.37871],[-71.06264,42.37899],[-71.06289,42.37864],[-71.06307,42.37839],[-71.06337,42.37799],[-71.06354,42.37777],[-71.06369,42.37757],[-71.06389,42.37733],[-71.064,42.37718],[-71.06426,42.37685],[-71.06393,42.37669],[-71.06378,42.37664],[-71.0635,42.37653],[-71.06369,42.37629],[-71.064,42.37598],[-71.06407,42.37592],[-71.06446,42.37555],[-71.06432,42.37547],[-71.06416,42.37539],[-71.06397,42.37528],[-71.06367,42.3751],[-71.06332,42.37488],[-71.06309,42.3747],[-71.0628,42.37538],[-71.06262,42.37579],[-71.0625,42.376],[-71.06244,42.37608],[-71.06239,42.37613],[-71.06187,42.37596]]]}},{"type":"Feature","properties":{"id":"0205","ward":2,"precinct":5},"geometry":{"type":"Polygon","coordinates":[[[-71.06426,42.37685],[-71.064,42.37718],[-71.06389,42.37733],[-71.06369,42.37757],[-71.06354,42.37777],[-71.06337,42.37799],[-71.06307,42.37839],[-71.06289,42.37864],[-71.06264,42.37899],[-71.06204,42.37981],[-71.06172,42.38026],[-71.06139,42.3807],[-71.0616,42.3808],[-71.06182,42.38088],[-71.06214,42.38102],[-71.06236,42.38111],[-71.06286,42.38132],[-71.06329,42.3815],[-71.06367,42.38165],[-71.0642,42.38188],[-71.06435,42.38168],[-71.06465,42.38127],[-71.06493,42.38089],[-71.06503,42.38074],[-71.06534,42.38031],[-71.0645,42.37988],[-71.0647,42.37964],[-71.06494,42.37932],[-71.06578,42.37956],[-71.06635,42.37973],[-71.06669,42.37987],[-71.06672,42.37989],[-71.06702,42.38002],[-71.06723,42.3801],[-71.06762,42.38033],[-71.06793,42.38051],[-71.06837,42.38009],[-71.06843,42.38003],[-71.06869,42.37979],[-71.06911,42.37942],[-71.06875,42.37906],[-71.06847,42.3788],[-71.06813,42.37848],[-71.06783,42.37821],[-71.06704,42.37893],[-71.06666,42.37868],[-71.06659,42.37864],[-71.06639,42.37847],[-71.06622,42.37833],[-71.06592,42.37811],[-71.06566,42.37791],[-71.0655,42.3778],[-71.06531,42.37759],[-71.06497,42.37731],[-71.06426,42.37685]]]}},{"type":"Feature","properties":{"id":"0206","ward":2,"precinct":6},"geometry":{"type":"Polygon","coordinates":[[[-71.06911,42.37942],[-71.06869,42.37979],[-71.06843,42.38003],[-71.06837,42.38009],[-71.06793,42.38051],[-71.06762,42.38033],[-71.06723,42.3801],[-71.06702,42.38002],[-71.06672,42.37989],[-71.06669,42.37987],[-71.06635,42.37973],[-71.06578,42.37956],[-71.06494,42.37932],[-71.0647,42.37964],[-71.0645,42.37988],[-71.06534,42.38031],[-71.06503,42.38074],[-71.06493,42.38089],[-71.06465,42.38127],[-71.06435,42.38168],[-71.0642,42.38188],[-71.06452,42.38202],[-71.06475,42.38211],[-71.06541,42.38239],[-71.06597,42.38263],[-71.06638,42.38281],[-71.06756,42.3833],[-71.06798,42.38348],[-71.06829,42.3836],[-71.06856,42.38371],[-71.06858,42.38372],[-71.06879,42.38377],[-71.06906,42.3838],[-71.06943,42.38323],[-71.06987,42.38255],[-71.07016,42.38221],[-71.0702,42.38217],[-71.0705,42.38184],[-71.07074,42.38155],[-71.07097,42.38132],[-71.07154,42.38095],[-71.07124,42.38045],[-71.0709,42.37988],[-71.07078,42.37994],[-71.07051,42.38006],[-71.06999,42.38032],[-71.06969,42.38002],[-71.06952,42.37984],[-71.06911,42.37942]]]}},{"type":"Feature","properties":{"id":"0207","ward":2,"precinct":7},"geometry":{"type":"Polygon","coordinates":[[[-71.0709,42.37988],[-71.07124,42.38045],[-71.07154,42.38095],[-71.07097,42.38132],[-71.07074,42.38155],[-71.0705,42.38184],[-71.0702,42.38217],[-71.07016,42.38221],[-71.06987,42.38255],[-71.06943,42.38323],[-71.06906,42.3838],[-71.06879,42.38377],[-71.06858,42.38372],[-71.06856,42.38371],[-71.06829,42.3836],[-71.06798,42.38348],[-71.06756,42.3833],[-71.06638,42.38281],[-71.06597,42.38263],[-71.06541,42.38239],[-71.06475,42.38211],[-71.06452,42.38202],[-71.0642,42.38188],[-71.06367,42.38165],[-71.06329,42.3815],[-71.06286,42.38132],[-71.06236,42.38111],[-71.06214,42.38102],[-71.06182,42.38088],[-71.0616,42.3808],[-71.06148,42.38097],[-71.06125,42.38124],[-71.06107,42.38147],[-71.06096,42.38163],[-71.06082,42.38188],[-71.06061,42.38225],[-71.05998,42.3833],[-71.05873,42.38497],[-71.0574,42.38731],[-71.05749,42.3873],[-71.05778,42.38727],[-71.05787,42.38727],[-71.06071,42.38703],[-71.06345,42.38679],[-71.0657,42.3866],[-71.06702,42.38721],[-71.06889,42.38808],[-71.0709,42.389],[-71.07073,42.3895],[-71.0707,42.3896],[-71.07068,42.38962],[-71.07067,42.38964],[-71.07058,42.3897],[-71.07052,42.38979],[-71.07049,42.38984],[-71.07048,42.38986],[-71.0703,42.39005],[-71.07013,42.3903],[-71.06906,42.39177],[-71.06912,42.39179],[-71.06816,42.39274],[-71.06741,42.39348],[-71.067,42.39401],[-71.06695,42.39408],[-71.06697,42.39425],[-71.06703,42.39454],[-71.06694,42.39476],[-71.06686,42.39499],[-71.06737,42.3953],[-71.06759,42.39512],[-71.06801,42.39476],[-71.06886,42.39405],[-71.06896,42.39396],[-71.06904,42.39389],[-71.06913,42.39393],[-71.06918,42.39396],[-71.06926,42.39399],[-71.06932,42.39403],[-71.07011,42.39331],[-71.07041,42.39302],[-71.07086,42.39258],[-71.07131,42.39215],[-71.07161,42.39186],[-71.07201,42.39147],[-71.0727,42.3908],[-71.07315,42.39137],[-71.0735,42.3918],[-71.07361,42.39162],[-71.07379,42.39134],[-71.07397,42.39107],[-71.07408,42.39088],[-71.07412,42.39083],[-71.0742,42.3907],[-71.07423,42.39065],[-71.07427,42.3906],[-71.07462,42.3901],[-71.0756,42.38872],[-71.07567,42.38861],[-71.07595,42.38823],[-71.07601,42.38813],[-71.07614,42.38796],[-71.07626,42.38778],[-71.07635,42.38765],[-71.07644,42.38753],[-71.07654,42.38739],[-71.0766,42.3873],[-71.07663,42.38726],[-71.0768,42.38702],[-71.07701,42.38673],[-71.07715,42.38653],[-71.07741,42.38618],[-71.07754,42.38598],[-71.07756,42.38596],[-71.07764,42.38585],[-71.07765,42.38583],[-71.07776,42.38568],[-71.07804,42.38528],[-71.07847,42.38468],[-71.07873,42.38431],[-71.07894,42.38402],[-71.07934,42.38355],[-71.0795,42.38336],[-71.07956,42.38327],[-71.07973,42.38302],[-71.07979,42.38294],[-71.08001,42.38282],[-71.08008,42.38278],[-71.08045,42.38261],[-71.08071,42.38249],[-71.08081,42.38245],[-71.08095,42.38239],[-71.08097,42.38233],[-71.08095,42.38224],[-71.08093,42.38214],[-71.0807,42.38105],[-71.0806,42.38103],[-71.08016,42.38096],[-71.07978,42.38089],[-71.07936,42.38082],[-71.07884,42.38074],[-71.07867,42.38071],[-71.07851,42.38068],[-71.07821,42.38063],[-71.07806,42.38061],[-71.07802,42.3806],[-71.07777,42.38056],[-71.07764,42.38054],[-71.07761,42.38053],[-71.07758,42.38053],[-71.07746,42.38051],[-71.07744,42.3805],[-71.0774,42.38049],[-71.07732,42.38048],[-71.07724,42.38047],[-71.07722,42.38047],[-71.07717,42.38046],[-71.07708,42.38044],[-71.07702,42.38043],[-71.07694,42.38042],[-71.07687,42.38041],[-71.07681,42.3804],[-71.07673,42.38038],[-71.07669,42.38038],[-71.07657,42.38036],[-71.0765,42.38035],[-71.07646,42.38034],[-71.0762,42.38029],[-71.07598,42.38026],[-71.07585,42.38024],[-71.07566,42.3802],[-71.07557,42.38],[-71.07532,42.37941],[-71.07523,42.37921],[-71.07513,42.37898],[-71.07502,42.37872],[-71.07487,42.37836],[-71.07471,42.37799],[-71.07463,42.3778],[-71.0745,42.3775],[-71.07443,42.37733],[-71.0744,42.37726],[-71.07431,42.37705],[-71.07393,42.37617],[-71.07389,42.37608],[-71.07382,42.37592],[-71.07378,42.37582],[-71.07375,42.37576],[-71.07373,42.37571],[-71.07371,42.37566],[-71.0737,42.37564],[-71.07367,42.37558],[-71.07363,42.37549],[-71.07356,42.37532],[-71.07342,42.37499],[-71.07326,42.37459],[-71.07309,42.3742],[-71.07293,42.37385],[-71.07287,42.3737],[-71.07277,42.37345],[-71.07275,42.3734],[-71.07274,42.37337],[-71.07273,42.37333],[-71.07269,42.37323],[-71.0726,42.37301],[-71.07251,42.37278],[-71.07247,42.37267],[-71.07181,42.37256],[-71.07139,42.3725],[-71.07101,42.37244],[-71.07077,42.3724],[-71.07055,42.37236],[-71.07045,42.37248],[-71.0704,42.37253],[-71.07032,42.37262],[-71.07019,42.37277],[-71.07,42.37303],[-71.06988,42.37318],[-71.06974,42.37335],[-71.06971,42.37339],[-71.0697,42.3734],[-71.06967,42.37343],[-71.06964,42.37346],[-71.06962,42.37348],[-71.06959,42.37352],[-71.06955,42.37355],[-71.06952,42.37357],[-71.06949,42.3736],[-71.06942,42.37366],[-71.06938,42.37368],[-71.06936,42.37369],[-71.0692,42.37379],[-71.06914,42.37382],[-71.06887,42.37392],[-71.06851,42.37407],[-71.06841,42.3741],[-71.06804,42.37421],[-71.06796,42.37409],[-71.0678,42.37414],[-71.06788,42.37427],[-71.06804,42.37454],[-71.06791,42.37464],[-71.06822,42.37513],[-71.06832,42.37531],[-71.06868,42.37592],[-71.06877,42.37609],[-71.06906,42.37664],[-71.06935,42.37719],[-71.0696,42.37758],[-71.06994,42.37821],[-71.07043,42.37908],[-71.07069,42.37954],[-71.0709,42.37988]]]}},{"type":"Feature","properties":{"id":"0208","ward":2,"precinct":8},"geometry":{"type":"Polygon","coordinates":[[[-71.0443,42.38322],[-71.04708,42.3851],[-71.04728,42.38529],[-71.04733,42.38531],[-71.04819,42.38569],[-71.0553,42.38711],[-71.05534,42.38711],[-71.05548,42.38712],[-71.05552,42.38713],[-71.0559,42.38716],[-71.05702,42.38727],[-71.0574,42.38731],[-71.05873,42.38497],[-71.05998,42.3833],[-71.06061,42.38225],[-71.06082,42.38188],[-71.06096,42.38163],[-71.06107,42.38147],[-71.06125,42.38124],[-71.06148,42.38097],[-71.0616,42.3808],[-71.06139,42.3807],[-71.06172,42.38026],[-71.06204,42.37981],[-71.06264,42.37899],[-71.06178,42.37871],[-71.06158,42.37865],[-71.06136,42.37857],[-71.06123,42.37852],[-71.06098,42.37843],[-71.06064,42.37831],[-71.06032,42.37821],[-71.06029,42.3782],[-71.06024,42.37818],[-71.05989,42.37807],[-71.05987,42.37806],[-71.05961,42.37798],[-71.05958,42.37797],[-71.05908,42.3778],[-71.05874,42.37768],[-71.05841,42.37755],[-71.05741,42.37721],[-71.05722,42.37714],[-71.05712,42.3771],[-71.05705,42.37708],[-71.05646,42.37693],[-71.05619,42.37677],[-71.05616,42.37675],[-71.05603,42.37668],[-71.05597,42.37665],[-71.05595,42.37664],[-71.05584,42.37659],[-71.05571,42.37652],[-71.05547,42.37639],[-71.05544,42.37637],[-71.05541,42.37635],[-71.05523,42.37623],[-71.05457,42.37685],[-71.05376,42.37762],[-71.05364,42.37773],[-71.05321,42.37816],[-71.05313,42.37824],[-71.05294,42.37844],[-71.05267,42.37872],[-71.05259,42.37879],[-71.0524,42.37895],[-71.05217,42.37928],[-71.05207,42.37946],[-71.05197,42.37967],[-71.05196,42.37972],[-71.05192,42.37982],[-71.05131,42.38029],[-71.04498,42.37855],[-71.04465,42.38079],[-71.0443,42.38322]]]}},{"type":"Feature","properties":{"id":"0301","ward":3,"precinct":1},"geometry":{"type":"Polygon","coordinates":[[[-71.04623,42.36781],[-71.04667,42.36751],[-71.04671,42.36626],[-71.04664,42.36461],[-71.04639,42.36394],[-71.04941,42.36405],[-71.0496,42.36405],[-71.05109,42.36418],[-71.05108,42.364],[-71.05123,42.36403],[-71.05137,42.36408],[-71.05163,42.36415],[-71.05177,42.36421],[-71.05237,42.36439],[-71.05239,42.36439],[-71.05299,42.36461],[-71.05318,42.36468],[-71.05346,42.36479],[-71.05393,42.36431],[-71.05345,42.36406],[-71.05362,42.36365],[-71.05366,42.36357],[-71.05371,42.36348],[-71.05374,42.36344],[-71.05383,42.36331],[-71.05408,42.3631],[-71.05419,42.36298],[-71.05433,42.36276],[-71.05452,42.36244],[-71.05475,42.36225],[-71.05483,42.36219],[-71.05493,42.36205],[-71.05486,42.36202],[-71.05471,42.36195],[-71.05456,42.36188],[-71.05394,42.36157],[-71.05361,42.3614],[-71.0533,42.36123],[-71.05297,42.36104],[-71.05281,42.36092],[-71.05266,42.3608],[-71.05243,42.3606],[-71.05226,42.36042],[-71.05215,42.36028],[-71.052,42.36003],[-71.0519,42.35982],[-71.05182,42.35962],[-71.05091,42.35977],[-71.05091,42.35968],[-71.05065,42.35965],[-71.04976,42.35979],[-71.04976,42.35984],[-71.04861,42.36005],[-71.0486,42.35995],[-71.04766,42.36005],[-71.04768,42.36023],[-71.04763,42.36023],[-71.0455,42.35983],[-71.0426,42.36381],[-71.0434,42.36461],[-71.04445,42.3658],[-71.04623,42.36781]]]}},{"type":"Feature","properties":{"id":"0302","ward":3,"precinct":2},"geometry":{"type":"Polygon","coordinates":[[[-71.04651,42.36815],[-71.0467,42.36841],[-71.0471,42.36888],[-71.04884,42.37091],[-71.0491,42.37121],[-71.05071,42.37076],[-71.0509,42.37071],[-71.0517,42.37071],[-71.055,42.37071],[-71.05628,42.37028],[-71.05714,42.36999],[-71.05883,42.36922],[-71.0598,42.36878],[-71.05956,42.36844],[-71.05911,42.36787],[-71.05905,42.36779],[-71.05886,42.36753],[-71.05869,42.3673],[-71.05859,42.36713],[-71.05854,42.36703],[-71.05853,42.36696],[-71.05807,42.36727],[-71.05757,42.36766],[-71.05737,42.36778],[-71.05732,42.36781],[-71.05688,42.36808],[-71.05669,42.36819],[-71.05663,42.36823],[-71.05661,42.36823],[-71.05651,42.36827],[-71.05637,42.3683],[-71.05619,42.3683],[-71.05609,42.36829],[-71.05578,42.36821],[-71.05495,42.36799],[-71.05476,42.36795],[-71.05443,42.36788],[-71.05404,42.36773],[-71.05397,42.36771],[-71.05379,42.36765],[-71.05347,42.36755],[-71.0534,42.36753],[-71.05397,42.36692],[-71.05381,42.36683],[-71.05368,42.36674],[-71.05355,42.36658],[-71.0535,42.36651],[-71.05328,42.36626],[-71.05327,42.36625],[-71.05288,42.36578],[-71.05291,42.36566],[-71.05293,42.36559],[-71.05297,42.36547],[-71.05299,42.3654],[-71.05305,42.36528],[-71.0532,42.36507],[-71.05346,42.36479],[-71.05318,42.36468],[-71.05299,42.36461],[-71.05239,42.36439],[-71.05237,42.36439],[-71.05177,42.36421],[-71.05163,42.36415],[-71.05137,42.36408],[-71.05123,42.36403],[-71.05108,42.364],[-71.05109,42.36418],[-71.0496,42.36405],[-71.04941,42.36405],[-71.04639,42.36394],[-71.04664,42.36461],[-71.04671,42.36626],[-71.04667,42.36751],[-71.04623,42.36781],[-71.0464,42.36801],[-71.04644,42.36806],[-71.04651,42.36815]]]}},{"type":"Feature","properties":{"id":"0303","ward":3,"precinct":3},"geometry":{"type":"Polygon","coordinates":[[[-71.05493,42.36205],[-71.05483,42.36219],[-71.05475,42.36225],[-71.05452,42.36244],[-71.05433,42.36276],[-71.05419,42.36298],[-71.05408,42.3631],[-71.05383,42.36331],[-71.05374,42.36344],[-71.05371,42.36348],[-71.05366,42.36357],[-71.05362,42.36365],[-71.05345,42.36406],[-71.05393,42.36431],[-71.05544,42.36518],[-71.05582,42.36543],[-71.05595,42.36552],[-71.05635,42.36573],[-71.05651,42.36559],[-71.05675,42.36541],[-71.05669,42.3646],[-71.05673,42.36449],[-71.05668,42.36413],[-71.05665,42.36388],[-71.05661,42.36388],[-71.05653,42.36385],[-71.05584,42.36362],[-71.0559,42.36353],[-71.05609,42.36326],[-71.05629,42.363],[-71.05638,42.36289],[-71.05581,42.36255],[-71.05568,42.36248],[-71.05543,42.36234],[-71.05493,42.36205]]]}},{"type":"Feature","properties":{"id":"0304","ward":3,"precinct":4},"geometry":{"type":"Polygon","coordinates":[[[-71.05843,42.36465],[-71.0583,42.36448],[-71.05823,42.3644],[-71.05789,42.36405],[-71.0578,42.36396],[-71.05766,42.36382],[-71.05751,42.36366],[-71.05729,42.36348],[-71.05721,42.36341],[-71.05707,42.3633],[-71.05697,42.36322],[-71.05638,42.36289],[-71.05629,42.363],[-71.05609,42.36326],[-71.0559,42.36353],[-71.05584,42.36362],[-71.05653,42.36385],[-71.05661,42.36388],[-71.05665,42.36388],[-71.05668,42.36413],[-71.05673,42.36449],[-71.05669,42.3646],[-71.05675,42.36541],[-71.05651,42.36559],[-71.05635,42.36573],[-71.05595,42.36552],[-71.05563,42.36596],[-71.05549,42.36619],[-71.05652,42.36663],[-71.05651,42.36681],[-71.05649,42.36709],[-71.0566,42.36711],[-71.05683,42.36726],[-71.057,42.36741],[-71.05731,42.36771],[-71.05737,42.36778],[-71.05757,42.36766],[-71.05807,42.36727],[-71.05853,42.36696],[-71.05848,42.36675],[-71.05846,42.36616],[-71.05844,42.36595],[-71.05841,42.36556],[-71.05838,42.36527],[-71.05843,42.3647],[-71.05843,42.36465]]]}},{"type":"Feature","properties":{"id":"0305","ward":3,"precinct":5},"geometry":{"type":"Polygon","coordinates":[[[-71.06372,42.36221],[-71.06373,42.36303],[-71.06372,42.36329],[-71.06368,42.36343],[-71.06352,42.36382],[-71.06348,42.36392],[-71.06347,42.36397],[-71.06345,42.36402],[-71.06339,42.3642],[-71.06422,42.36508],[-71.06431,42.36517],[-71.06468,42.36552],[-71.06481,42.3656],[-71.06525,42.36576],[-71.06617,42.36601],[-71.06675,42.36613],[-71.06685,42.36615],[-71.06711,42.3662],[-71.06733,42.36626],[-71.06749,42.36632],[-71.06755,42.36636],[-71.06761,42.36643],[-71.06809,42.36633],[-71.06822,42.36626],[-71.06828,42.36622],[-71.06839,42.36615],[-71.06877,42.3658],[-71.06888,42.36569],[-71.06895,42.36563],[-71.0687,42.36549],[-71.06847,42.36543],[-71.06823,42.36538],[-71.06812,42.36536],[-71.06798,42.36532],[-71.06788,42.36526],[-71.06778,42.36517],[-71.06773,42.36511],[-71.06767,42.36507],[-71.0676,42.36505],[-71.06746,42.36503],[-71.06734,42.36506],[-71.06722,42.36507],[-71.06603,42.36495],[-71.0657,42.36497],[-71.0655,42.36491],[-71.06537,42.36484],[-71.06531,42.36477],[-71.06524,42.36469],[-71.06522,42.36457],[-71.06536,42.3641],[-71.06537,42.36389],[-71.06523,42.36344],[-71.06514,42.36325],[-71.0651,42.36321],[-71.06509,42.36316],[-71.06509,42.36307],[-71.06511,42.36288],[-71.06513,42.36269],[-71.06513,42.36241],[-71.065,42.3624],[-71.06474,42.36237],[-71.0644,42.3623],[-71.06411,42.36225],[-71.06372,42.36221]]]}},{"type":"Feature","properties":{"id":"0306","ward":3,"precinct":6},"geometry":{"type":"Polygon","coordinates":[[[-71.06291,42.36124],[-71.06286,42.3601],[-71.06287,42.36],[-71.06288,42.35949],[-71.06286,42.35921],[-71.06285,42.3589],[-71.06282,42.35872],[-71.06282,42.35867],[-71.06273,42.35832],[-71.06264,42.35799],[-71.06238,42.3581],[-71.06198,42.35825],[-71.06171,42.35833],[-71.06151,42.35834],[-71.06126,42.35829],[-71.06035,42.3581],[-71.05961,42.35787],[-71.0593,42.35777],[-71.05876,42.35759],[-71.05829,42.35742],[-71.0585,42.35723],[-71.05856,42.35717],[-71.05874,42.357],[-71.05824,42.35684],[-71.05814,42.35682],[-71.05799,42.3568],[-71.05771,42.35679],[-71.05719,42.35683],[-71.05659,42.35686],[-71.05629,42.35688],[-71.05576,42.35692],[-71.05554,42.35698],[-71.05519,42.35715],[-71.05502,42.35725],[-71.05485,42.35736],[-71.05452,42.35756],[-71.05437,42.35767],[-71.05427,42.35775],[-71.05396,42.35802],[-71.05377,42.35819],[-71.05352,42.35836],[-71.05332,42.35846],[-71.05325,42.35849],[-71.05319,42.3585],[-71.05275,42.35858],[-71.05229,42.35865],[-71.0522,42.35867],[-71.05216,42.35867],[-71.05199,42.3587],[-71.05178,42.35874],[-71.05165,42.35876],[-71.05158,42.35877],[-71.05166,42.35905],[-71.05168,42.35914],[-71.05172,42.3593],[-71.05182,42.35962],[-71.0519,42.35982],[-71.052,42.36003],[-71.05215,42.36028],[-71.05226,42.36042],[-71.05243,42.3606],[-71.05266,42.3608],[-71.05281,42.36092],[-71.05297,42.36104],[-71.0533,42.36123],[-71.05361,42.3614],[-71.05394,42.36157],[-71.05456,42.36188],[-71.05471,42.36195],[-71.05486,42.36202],[-71.05493,42.36205],[-71.05543,42.36234],[-71.05568,42.36248],[-71.05581,42.36255],[-71.05638,42.36289],[-71.05697,42.36322],[-71.05707,42.3633],[-71.05721,42.36341],[-71.05729,42.36348],[-71.05751,42.36366],[-71.05766,42.36382],[-71.0578,42.36396],[-71.05789,42.36405],[-71.05823,42.3644],[-71.0583,42.36448],[-71.05843,42.36465],[-71.05844,42.36463],[-71.05844,42.36455],[-71.05845,42.36443],[-71.05844,42.36406],[-71.05841,42.36386],[-71.05839,42.3637],[-71.05896,42.36339],[-71.05918,42.36328],[-71.05949,42.36311],[-71.05963,42.36305],[-71.05994,42.363],[-71.06004,42.36298],[-71.06088,42.36274],[-71.06122,42.36264],[-71.06167,42.3625],[-71.06186,42.36244],[-71.0622,42.36227],[-71.06227,42.36221],[-71.06235,42.36215],[-71.0625,42.36201],[-71.06263,42.36185],[-71.06276,42.36165],[-71.06291,42.36124]]]}},{"type":"Feature","properties":{"id":"0307","ward":3,"precinct":7},"geometry":{"type":"Polygon","coordinates":[[[-71.07316,42.34317],[-71.07281,42.34287],[-71.07192,42.3421],[-71.07176,42.34197],[-71.07141,42.34167],[-71.07109,42.34185],[-71.07059,42.34213],[-71.0699,42.34256],[-71.06921,42.34298],[-71.06843,42.34341],[-71.06804,42.34364],[-71.06769,42.34386],[-71.06727,42.34412],[-71.06723,42.34414],[-71.06715,42.34422],[-71.06707,42.34432],[-71.06808,42.34466],[-71.06878,42.34491],[-71.069,42.34499],[-71.0694,42.34512],[-71.06986,42.34527],[-71.07002,42.34509],[-71.07021,42.34487],[-71.07039,42.3447],[-71.07054,42.34457],[-71.07063,42.34451],[-71.07068,42.34447],[-71.07107,42.34426],[-71.07158,42.34398],[-71.07186,42.34384],[-71.07231,42.34362],[-71.07282,42.34335],[-71.07316,42.34317]]]}},{"type":"Feature","properties":{"id":"0308","ward":3,"precinct":8},"geometry":{"type":"Polygon","coordinates":[[[-71.06456,42.35239],[-71.06473,42.35172],[-71.06492,42.35108],[-71.06502,42.35072],[-71.06515,42.35023],[-71.06532,42.34961],[-71.06533,42.34958],[-71.06556,42.34862],[-71.06415,42.34841],[-71.0636,42.34835],[-71.06327,42.34831],[-71.06271,42.34824],[-71.06251,42.3482],[-71.06189,42.34806],[-71.06181,42.34803],[-71.0617,42.34829],[-71.06149,42.34823],[-71.0611,42.34812],[-71.06104,42.34825],[-71.06064,42.34925],[-71.06023,42.35027],[-71.05988,42.35124],[-71.05955,42.35117],[-71.05951,42.35116],[-71.05938,42.35113],[-71.05933,42.35112],[-71.05926,42.35129],[-71.05914,42.35149],[-71.05897,42.35171],[-71.05879,42.35189],[-71.0586,42.35204],[-71.05841,42.35216],[-71.05817,42.3523],[-71.05801,42.35236],[-71.05809,42.35237],[-71.0582,42.35238],[-71.05826,42.35239],[-71.0584,42.35241],[-71.05864,42.35245],[-71.05935,42.35252],[-71.05983,42.35256],[-71.06012,42.35257],[-71.06057,42.35256],[-71.06067,42.35256],[-71.06105,42.35252],[-71.06133,42.3525],[-71.06191,42.35245],[-71.06241,42.35242],[-71.06258,42.35241],[-71.06256,42.35279],[-71.06256,42.35281],[-71.06254,42.35311],[-71.06252,42.35329],[-71.06314,42.35329],[-71.06333,42.35329],[-71.06337,42.35329],[-71.0636,42.3533],[-71.06379,42.35333],[-71.06424,42.3534],[-71.06437,42.35307],[-71.06445,42.35277],[-71.06447,42.3527],[-71.06456,42.35239]]]}},{"type":"Feature","properties":{"id":"0309","ward":3,"precinct":9},"geometry":{"type":"Polygon","coordinates":[[[-71.07236,42.36122],[-71.07209,42.36119],[-71.07198,42.36118],[-71.07159,42.36113],[-71.07141,42.3611],[-71.07127,42.36106],[-71.07112,42.36101],[-71.07096,42.36096],[-71.07081,42.36091],[-71.07063,42.36089],[-71.07045,42.36088],[-71.07026,42.36093],[-71.07007,42.361],[-71.07005,42.36101],[-71.07004,42.36102],[-71.06997,42.36105],[-71.06942,42.36108],[-71.06875,42.36109],[-71.06824,42.3611],[-71.06784,42.36112],[-71.06691,42.36115],[-71.06638,42.36117],[-71.06599,42.3612],[-71.06516,42.36121],[-71.0645,42.36124],[-71.06445,42.36124],[-71.06412,42.36124],[-71.06376,42.36125],[-71.06372,42.36125],[-71.06372,42.36221],[-71.06411,42.36225],[-71.0644,42.3623],[-71.06474,42.36237],[-71.065,42.3624],[-71.06513,42.36241],[-71.06513,42.36269],[-71.06511,42.36288],[-71.06509,42.36307],[-71.06509,42.36316],[-71.0651,42.36321],[-71.06514,42.36325],[-71.06523,42.36344],[-71.06537,42.36389],[-71.06536,42.3641],[-71.06522,42.36457],[-71.06524,42.36469],[-71.06531,42.36477],[-71.06537,42.36484],[-71.0655,42.36491],[-71.0657,42.36497],[-71.06603,42.36495],[-71.06722,42.36507],[-71.06734,42.36506],[-71.06746,42.36503],[-71.0676,42.36505],[-71.06767,42.36507],[-71.06773,42.36511],[-71.06778,42.36517],[-71.06788,42.36526],[-71.06798,42.36532],[-71.06812,42.36536],[-71.06823,42.36538],[-71.06847,42.36543],[-71.0687,42.36549],[-71.06895,42.36563],[-71.06888,42.36569],[-71.06877,42.3658],[-71.06839,42.36615],[-71.06828,42.36622],[-71.06822,42.36626],[-71.06809,42.36633],[-71.06761,42.36643],[-71.06761,42.36647],[-71.06762,42.36649],[-71.06771,42.36649],[-71.0678,42.36652],[-71.06793,42.36656],[-71.06799,42.3666],[-71.06812,42.36669],[-71.06823,42.36675],[-71.06849,42.3669],[-71.069,42.36717],[-71.06907,42.36721],[-71.0691,42.36723],[-71.0692,42.36728],[-71.06953,42.36744],[-71.07015,42.36771],[-71.07042,42.36785],[-71.07064,42.36796],[-71.07083,42.36779],[-71.07134,42.36731],[-71.07139,42.36726],[-71.07142,42.36723],[-71.07145,42.3672],[-71.07154,42.36712],[-71.07197,42.36672],[-71.07372,42.36506],[-71.07388,42.36487],[-71.07479,42.36378],[-71.07494,42.36352],[-71.0751,42.36321],[-71.07555,42.36194],[-71.07566,42.36162],[-71.07571,42.36147],[-71.07559,42.36146],[-71.07557,42.36146],[-71.07498,42.36142],[-71.07345,42.36132],[-71.07317,42.3613],[-71.07279,42.36127],[-71.07275,42.36126],[-71.07236,42.36122]]]}},{"type":"Feature","properties":{"id":"0310","ward":3,"precinct":10},"geometry":{"type":"Polygon","coordinates":[[[-71.06761,42.36643],[-71.06755,42.36636],[-71.06749,42.36632],[-71.06733,42.36626],[-71.06711,42.3662],[-71.06685,42.36615],[-71.06675,42.36613],[-71.06617,42.36601],[-71.06525,42.36576],[-71.06481,42.3656],[-71.06468,42.36552],[-71.06431,42.36517],[-71.06422,42.36508],[-71.06339,42.3642],[-71.06345,42.36402],[-71.06347,42.36397],[-71.06348,42.36392],[-71.06352,42.36382],[-71.06368,42.36343],[-71.06372,42.36329],[-71.06373,42.36303],[-71.06372,42.36221],[-71.06372,42.36125],[-71.06322,42.36124],[-71.06291,42.36124],[-71.06276,42.36165],[-71.06263,42.36185],[-71.0625,42.36201],[-71.06235,42.36215],[-71.06227,42.36221],[-71.0622,42.36227],[-71.06186,42.36244],[-71.06167,42.3625],[-71.06122,42.36264],[-71.06088,42.36274],[-71.06004,42.36298],[-71.05994,42.363],[-71.05963,42.36305],[-71.05949,42.36311],[-71.05918,42.36328],[-71.05896,42.36339],[-71.05839,42.3637],[-71.05841,42.36386],[-71.05844,42.36406],[-71.05845,42.36443],[-71.05844,42.36455],[-71.05844,42.36463],[-71.05843,42.36465],[-71.05843,42.3647],[-71.05838,42.36527],[-71.05841,42.36556],[-71.05844,42.36595],[-71.05846,42.36616],[-71.05848,42.36675],[-71.05853,42.36696],[-71.05854,42.36703],[-71.05859,42.36713],[-71.05869,42.3673],[-71.05886,42.36753],[-71.05905,42.36779],[-71.05911,42.36787],[-71.05956,42.36844],[-71.0598,42.36878],[-71.05988,42.36877],[-71.06084,42.36868],[-71.06193,42.36858],[-71.06199,42.36857],[-71.0621,42.36856],[-71.06218,42.36855],[-71.06249,42.3685],[-71.06275,42.36846],[-71.06299,42.3684],[-71.06356,42.3689],[-71.06392,42.36902],[-71.06406,42.36901],[-71.06398,42.36894],[-71.06428,42.36895],[-71.06448,42.36895],[-71.06471,42.36896],[-71.06499,42.36896],[-71.06503,42.36896],[-71.06506,42.36896],[-71.06509,42.36896],[-71.06511,42.36896],[-71.06521,42.36897],[-71.06528,42.36897],[-71.06543,42.36897],[-71.06559,42.36897],[-71.06564,42.36898],[-71.06574,42.36898],[-71.06584,42.36898],[-71.06599,42.36898],[-71.06618,42.36899],[-71.06638,42.36899],[-71.06694,42.369],[-71.06773,42.36902],[-71.06789,42.36902],[-71.06807,42.36903],[-71.06833,42.36903],[-71.06948,42.36905],[-71.06951,42.36902],[-71.06984,42.36872],[-71.07003,42.36854],[-71.07044,42.36816],[-71.0705,42.3681],[-71.07055,42.36805],[-71.07056,42.36804],[-71.07058,42.36802],[-71.07064,42.36796],[-71.07042,42.36785],[-71.07015,42.36771],[-71.06953,42.36744],[-71.0692,42.36728],[-71.0691,42.36723],[-71.06907,42.36721],[-71.069,42.36717],[-71.06849,42.3669],[-71.06823,42.36675],[-71.06812,42.36669],[-71.06799,42.3666],[-71.06793,42.36656],[-71.0678,42.36652],[-71.06771,42.36649],[-71.06762,42.36649],[-71.06761,42.36647],[-71.06761,42.36643]]]}},{"type":"Feature","properties":{"id":"0311","ward":3,"precinct":11},"geometry":{"type":"Polygon","coordinates":[[[-71.05737,42.36778],[-71.05731,42.36771],[-71.057,42.36741],[-71.05683,42.36726],[-71.0566,42.36711],[-71.05649,42.36709],[-71.05651,42.36681],[-71.05652,42.36663],[-71.05549,42.36619],[-71.05563,42.36596],[-71.05595,42.36552],[-71.05582,42.36543],[-71.05544,42.36518],[-71.05393,42.36431],[-71.05346,42.36479],[-71.0532,42.36507],[-71.05305,42.36528],[-71.05299,42.3654],[-71.05297,42.36547],[-71.05293,42.36559],[-71.05291,42.36566],[-71.05288,42.36578],[-71.05327,42.36625],[-71.05328,42.36626],[-71.0535,42.36651],[-71.05355,42.36658],[-71.05368,42.36674],[-71.05381,42.36683],[-71.05397,42.36692],[-71.0534,42.36753],[-71.05347,42.36755],[-71.05379,42.36765],[-71.05397,42.36771],[-71.05404,42.36773],[-71.05443,42.36788],[-71.05476,42.36795],[-71.05495,42.36799],[-71.05578,42.36821],[-71.05609,42.36829],[-71.05619,42.3683],[-71.05637,42.3683],[-71.05651,42.36827],[-71.05661,42.36823],[-71.05663,42.36823],[-71.05669,42.36819],[-71.05688,42.36808],[-71.05732,42.36781],[-71.05737,42.36778]]]}},{"type":"Feature","properties":{"id":"0312","ward":3,"precinct":12},"geometry":{"type":"Polygon","coordinates":[[[-71.06424,42.3534],[-71.06379,42.35333],[-71.0636,42.3533],[-71.06337,42.35329],[-71.06333,42.35329],[-71.06314,42.35329],[-71.06252,42.35329],[-71.06254,42.35311],[-71.06256,42.35281],[-71.06256,42.35279],[-71.06258,42.35241],[-71.06241,42.35242],[-71.06191,42.35245],[-71.06133,42.3525],[-71.06105,42.35252],[-71.06097,42.35278],[-71.06091,42.3529],[-71.06078,42.35304],[-71.06061,42.3532],[-71.06053,42.35328],[-71.06025,42.35356],[-71.05995,42.35386],[-71.05966,42.35414],[-71.05942,42.35435],[-71.059,42.3545],[-71.05857,42.35489],[-71.0584,42.35508],[-71.05815,42.35535],[-71.05802,42.3555],[-71.0579,42.35571],[-71.05787,42.3558],[-71.05785,42.35586],[-71.05781,42.35603],[-71.05777,42.3563],[-71.05771,42.35679],[-71.05799,42.3568],[-71.05814,42.35682],[-71.05824,42.35684],[-71.05874,42.357],[-71.05856,42.35717],[-71.0585,42.35723],[-71.05829,42.35742],[-71.05876,42.35759],[-71.0593,42.35777],[-71.05961,42.35787],[-71.06035,42.3581],[-71.06126,42.35829],[-71.06151,42.35834],[-71.06171,42.35833],[-71.06198,42.35825],[-71.06238,42.3581],[-71.06264,42.35799],[-71.06317,42.35776],[-71.06299,42.35752],[-71.06294,42.35747],[-71.06279,42.35731],[-71.06246,42.35696],[-71.06196,42.35654],[-71.06226,42.35628],[-71.06251,42.35603],[-71.06288,42.35568],[-71.06304,42.35552],[-71.06321,42.35534],[-71.06331,42.35522],[-71.06342,42.35507],[-71.06352,42.35489],[-71.06359,42.35477],[-71.06399,42.35398],[-71.06414,42.35364],[-71.06424,42.3534]]]}},{"type":"Feature","properties":{"id":"0313","ward":3,"precinct":13},"geometry":{"type":"Polygon","coordinates":[[[-71.0455,42.35983],[-71.04763,42.36023],[-71.04768,42.36023],[-71.04766,42.36005],[-71.0486,42.35995],[-71.04861,42.36005],[-71.04976,42.35984],[-71.04976,42.35979],[-71.05065,42.35965],[-71.05091,42.35968],[-71.05091,42.35977],[-71.05182,42.35962],[-71.05172,42.3593],[-71.05168,42.35914],[-71.05166,42.35905],[-71.05158,42.35877],[-71.05165,42.35876],[-71.05178,42.35874],[-71.05199,42.3587],[-71.05216,42.35867],[-71.0522,42.35867],[-71.05229,42.35865],[-71.05275,42.35858],[-71.05319,42.3585],[-71.05325,42.35849],[-71.05332,42.35846],[-71.05352,42.35836],[-71.05377,42.35819],[-71.05396,42.35802],[-71.05427,42.35775],[-71.05437,42.35767],[-71.05452,42.35756],[-71.05485,42.35736],[-71.05502,42.35725],[-71.05519,42.35715],[-71.05554,42.35698],[-71.05576,42.35692],[-71.05629,42.35688],[-71.05659,42.35686],[-71.05719,42.35683],[-71.05771,42.35679],[-71.05777,42.3563],[-71.05781,42.35603],[-71.05785,42.35586],[-71.05787,42.3558],[-71.0579,42.35571],[-71.05802,42.3555],[-71.05815,42.35535],[-71.0584,42.35508],[-71.05857,42.35489],[-71.059,42.3545],[-71.05942,42.35435],[-71.05966,42.35414],[-71.05995,42.35386],[-71.06025,42.35356],[-71.06053,42.35328],[-71.06061,42.3532],[-71.06078,42.35304],[-71.06091,42.3529],[-71.06097,42.35278],[-71.06105,42.35252],[-71.06067,42.35256],[-71.06057,42.35256],[-71.06012,42.35257],[-71.05983,42.35256],[-71.05935,42.35252],[-71.05864,42.35245],[-71.0584,42.35241],[-71.05826,42.35239],[-71.0582,42.35238],[-71.05809,42.35237],[-71.05801,42.35236],[-71.05785,42.35243],[-71.05759,42.35251],[-71.0572,42.35262],[-71.05703,42.35266],[-71.05647,42.35281],[-71.05634,42.35286],[-71.05625,42.35291],[-71.05614,42.35286],[-71.05594,42.35279],[-71.0558,42.35274],[-71.05562,42.35269],[-71.05539,42.35263],[-71.05538,42.35262],[-71.05532,42.3526],[-71.05511,42.3528],[-71.05481,42.35303],[-71.05448,42.35324],[-71.05399,42.3535],[-71.05364,42.35369],[-71.05361,42.35366],[-71.05338,42.35378],[-71.05285,42.35404],[-71.05153,42.35468],[-71.05141,42.35477],[-71.05117,42.355],[-71.05106,42.35514],[-71.05089,42.35507],[-71.05047,42.35491],[-71.05043,42.35485],[-71.0496,42.35451],[-71.0494,42.35451],[-71.04933,42.35459],[-71.04907,42.35495],[-71.04557,42.35974],[-71.0455,42.35983]]]}},{"type":"Feature","properties":{"id":"0314","ward":3,"precinct":14},"geometry":{"type":"Polygon","coordinates":[[[-71.0496,42.35451],[-71.05043,42.35485],[-71.05047,42.35491],[-71.05089,42.35507],[-71.05106,42.35514],[-71.05117,42.355],[-71.05141,42.35477],[-71.05153,42.35468],[-71.05285,42.35404],[-71.05338,42.35378],[-71.05361,42.35366],[-71.05364,42.35369],[-71.05399,42.3535],[-71.05448,42.35324],[-71.05481,42.35303],[-71.05511,42.3528],[-71.05532,42.3526],[-71.05538,42.35262],[-71.05539,42.35263],[-71.05562,42.35269],[-71.0558,42.35274],[-71.05594,42.35279],[-71.05614,42.35286],[-71.05625,42.35291],[-71.05634,42.35286],[-71.05647,42.35281],[-71.05703,42.35266],[-71.0572,42.35262],[-71.05759,42.35251],[-71.05785,42.35243],[-71.05801,42.35236],[-71.05817,42.3523],[-71.05841,42.35216],[-71.0586,42.35204],[-71.05879,42.35189],[-71.05897,42.35171],[-71.05914,42.35149],[-71.05926,42.35129],[-71.05933,42.35112],[-71.05938,42.35113],[-71.05951,42.35116],[-71.05955,42.35117],[-71.05988,42.35124],[-71.06023,42.35027],[-71.06064,42.34925],[-71.06104,42.34825],[-71.0611,42.34812],[-71.06149,42.34823],[-71.0617,42.34829],[-71.06181,42.34803],[-71.06189,42.34806],[-71.06251,42.3482],[-71.06271,42.34824],[-71.06327,42.34831],[-71.0636,42.34835],[-71.06415,42.34841],[-71.06556,42.34862],[-71.0657,42.34784],[-71.06573,42.34769],[-71.06576,42.34752],[-71.06456,42.34722],[-71.06443,42.34719],[-71.06433,42.34717],[-71.06315,42.34689],[-71.06304,42.34686],[-71.06308,42.34676],[-71.06285,42.3467],[-71.06259,42.34664],[-71.06256,42.34663],[-71.06112,42.34632],[-71.0611,42.34632],[-71.06116,42.34616],[-71.06125,42.34595],[-71.06124,42.34594],[-71.061,42.34578],[-71.06091,42.34572],[-71.06079,42.34568],[-71.06072,42.34559],[-71.06068,42.34556],[-71.06056,42.34548],[-71.06043,42.34556],[-71.06046,42.34551],[-71.06049,42.34543],[-71.06035,42.34534],[-71.06027,42.34526],[-71.06012,42.34519],[-71.05997,42.34504],[-71.05995,42.34503],[-71.05986,42.34497],[-71.05964,42.34487],[-71.05956,42.34493],[-71.05937,42.3451],[-71.05927,42.34511],[-71.05911,42.34521],[-71.059,42.34528],[-71.05893,42.34533],[-71.05882,42.34545],[-71.05876,42.34556],[-71.05866,42.34557],[-71.05843,42.34561],[-71.05837,42.34563],[-71.05814,42.34566],[-71.05765,42.34579],[-71.05683,42.34602],[-71.05647,42.34612],[-71.05617,42.34627],[-71.05447,42.34679],[-71.05479,42.34688],[-71.05472,42.34705],[-71.05472,42.34709],[-71.05477,42.34726],[-71.05463,42.34743],[-71.05219,42.35093],[-71.05219,42.35113],[-71.05209,42.35123],[-71.05146,42.35194],[-71.05146,42.35204],[-71.05136,42.35214],[-71.05004,42.35386],[-71.04996,42.35396],[-71.04969,42.35432],[-71.0496,42.35451]]]}},{"type":"Feature","properties":{"id":"0315","ward":3,"precinct":15},"geometry":{"type":"Polygon","coordinates":[[[-71.06125,42.34595],[-71.06116,42.34616],[-71.0611,42.34632],[-71.06112,42.34632],[-71.06256,42.34663],[-71.06259,42.34664],[-71.06285,42.3467],[-71.06308,42.34676],[-71.06304,42.34686],[-71.06315,42.34689],[-71.06433,42.34717],[-71.06443,42.34719],[-71.06456,42.34722],[-71.06576,42.34752],[-71.06577,42.34738],[-71.06579,42.34729],[-71.0658,42.3472],[-71.06581,42.34717],[-71.0659,42.34688],[-71.06603,42.34646],[-71.06614,42.34621],[-71.06624,42.34599],[-71.06629,42.3459],[-71.06634,42.3458],[-71.06664,42.3452],[-71.06672,42.34505],[-71.0668,42.3449],[-71.06707,42.34432],[-71.06646,42.34412],[-71.06593,42.34394],[-71.06536,42.34378],[-71.06483,42.34364],[-71.06441,42.34351],[-71.06403,42.34341],[-71.06253,42.34302],[-71.06239,42.34332],[-71.06205,42.34405],[-71.06178,42.34468],[-71.06157,42.34518],[-71.0613,42.34581],[-71.06125,42.34595]]]}},{"type":"Feature","properties":{"id":"0316","ward":3,"precinct":16},"geometry":{"type":"Polygon","coordinates":[[[-71.06253,42.34302],[-71.06403,42.34341],[-71.06441,42.34351],[-71.06483,42.34364],[-71.06536,42.34378],[-71.06593,42.34394],[-71.06646,42.34412],[-71.06707,42.34432],[-71.06715,42.34422],[-71.06723,42.34414],[-71.06727,42.34412],[-71.06769,42.34386],[-71.06804,42.34364],[-71.06843,42.34341],[-71.06921,42.34298],[-71.0699,42.34256],[-71.07059,42.34213],[-71.07109,42.34185],[-71.07141,42.34167],[-71.07161,42.34156],[-71.07125,42.34129],[-71.07071,42.3408],[-71.07007,42.34117],[-71.06983,42.34128],[-71.06967,42.34135],[-71.06961,42.34129],[-71.06956,42.34122],[-71.06941,42.34107],[-71.0693,42.34101],[-71.06859,42.34079],[-71.06802,42.34065],[-71.06768,42.34046],[-71.06706,42.34027],[-71.065,42.33961],[-71.06462,42.33986],[-71.06446,42.33999],[-71.06418,42.3402],[-71.06409,42.34026],[-71.06403,42.34031],[-71.06394,42.34039],[-71.0638,42.34055],[-71.06351,42.34099],[-71.0633,42.34139],[-71.06301,42.34198],[-71.06282,42.34235],[-71.06273,42.34255],[-71.06271,42.34261],[-71.06253,42.34302]]]}},{"type":"Feature","properties":{"id":"0317","ward":3,"precinct":17},"geometry":{"type":"Polygon","coordinates":[[[-71.06638,42.36117],[-71.06637,42.36039],[-71.06637,42.35995],[-71.06635,42.35963],[-71.06631,42.35936],[-71.06593,42.35937],[-71.06505,42.35938],[-71.06437,42.35939],[-71.064,42.35941],[-71.06391,42.35941],[-71.06359,42.35944],[-71.06354,42.35944],[-71.06288,42.35949],[-71.06287,42.36],[-71.06286,42.3601],[-71.06291,42.36124],[-71.06322,42.36124],[-71.06372,42.36125],[-71.06376,42.36125],[-71.06412,42.36124],[-71.06445,42.36124],[-71.0645,42.36124],[-71.06516,42.36121],[-71.06599,42.3612],[-71.06638,42.36117]]]}},{"type":"Feature","properties":{"id":"0401","ward":4,"precinct":1},"geometry":{"type":"Polygon","coordinates":[[[-71.07594,42.34392],[-71.07572,42.34348],[-71.0754,42.34319],[-71.07498,42.34278],[-71.07459,42.34242],[-71.07382,42.34281],[-71.07376,42.34284],[-71.07316,42.34317],[-71.07282,42.34335],[-71.07231,42.34362],[-71.07186,42.34384],[-71.072,42.34413],[-71.07238,42.34488],[-71.07256,42.34529],[-71.07275,42.34567],[-71.07297,42.34612],[-71.07311,42.34639],[-71.0735,42.34721],[-71.07351,42.34723],[-71.07353,42.34727],[-71.07525,42.34589],[-71.07522,42.34583],[-71.07521,42.34581],[-71.07509,42.34558],[-71.07487,42.34511],[-71.07474,42.34484],[-71.07463,42.34461],[-71.07449,42.34431],[-71.07497,42.34417],[-71.07569,42.34399],[-71.07594,42.34392]]]}},{"type":"Feature","properties":{"id":"0402","ward":4,"precinct":2},"geometry":{"type":"Polygon","coordinates":[[[-71.07951,42.34952],[-71.07915,42.34869],[-71.07879,42.34803],[-71.07879,42.34801],[-71.07875,42.34792],[-71.07872,42.34784],[-71.07892,42.3477],[-71.0787,42.34771],[-71.07913,42.34733],[-71.07933,42.34716],[-71.07958,42.34694],[-71.08031,42.34639],[-71.08171,42.34535],[-71.0813,42.34506],[-71.08091,42.3448],[-71.08086,42.34476],[-71.08034,42.34441],[-71.08023,42.34433],[-71.08015,42.34427],[-71.08008,42.34423],[-71.07947,42.34472],[-71.07939,42.34477],[-71.07875,42.34529],[-71.07838,42.34559],[-71.07809,42.34583],[-71.07777,42.34605],[-71.07705,42.34657],[-71.07665,42.34687],[-71.07603,42.34732],[-71.07593,42.34737],[-71.07603,42.34759],[-71.07612,42.34777],[-71.0762,42.34792],[-71.07638,42.34831],[-71.07539,42.34858],[-71.07521,42.34821],[-71.07516,42.34817],[-71.07513,42.34816],[-71.0751,42.34817],[-71.07411,42.34845],[-71.07358,42.34859],[-71.07282,42.3488],[-71.07227,42.34896],[-71.072,42.34903],[-71.07206,42.34915],[-71.07208,42.34919],[-71.07225,42.34954],[-71.07266,42.35042],[-71.07282,42.35076],[-71.07307,42.35125],[-71.07402,42.35101],[-71.07521,42.35069],[-71.07629,42.35039],[-71.07737,42.35008],[-71.07951,42.34952]]]}},{"type":"Feature","properties":{"id":"0403","ward":4,"precinct":3},"geometry":{"type":"Polygon","coordinates":[[[-71.08008,42.34423],[-71.07997,42.34416],[-71.07963,42.34391],[-71.07909,42.34355],[-71.07898,42.34348],[-71.07856,42.34322],[-71.07828,42.34334],[-71.0782,42.34327],[-71.07805,42.3433],[-71.07767,42.34338],[-71.07752,42.34347],[-71.07739,42.34354],[-71.07712,42.34361],[-71.0768,42.34369],[-71.07594,42.34392],[-71.07569,42.34399],[-71.07497,42.34417],[-71.07449,42.34431],[-71.07463,42.34461],[-71.07474,42.34484],[-71.07487,42.34511],[-71.07509,42.34558],[-71.07521,42.34581],[-71.07522,42.34583],[-71.07525,42.34589],[-71.07353,42.34727],[-71.07329,42.34747],[-71.07304,42.34766],[-71.07282,42.34784],[-71.07269,42.34794],[-71.07266,42.34797],[-71.07262,42.348],[-71.07182,42.34869],[-71.072,42.34903],[-71.07227,42.34896],[-71.07282,42.3488],[-71.07358,42.34859],[-71.07411,42.34845],[-71.0751,42.34817],[-71.07513,42.34816],[-71.07516,42.34817],[-71.07521,42.34821],[-71.07539,42.34858],[-71.07638,42.34831],[-71.0762,42.34792],[-71.07612,42.34777],[-71.07603,42.34759],[-71.07593,42.34737],[-71.07603,42.34732],[-71.07665,42.34687],[-71.07705,42.34657],[-71.07777,42.34605],[-71.07809,42.34583],[-71.07838,42.34559],[-71.07875,42.34529],[-71.07939,42.34477],[-71.07947,42.34472],[-71.08008,42.34423]]]}},{"type":"Feature","properties":{"id":"0404","ward":4,"precinct":4},"geometry":{"type":"Polygon","coordinates":[[[-71.07964,42.33976],[-71.07906,42.34004],[-71.07883,42.34012],[-71.07871,42.34018],[-71.07809,42.34052],[-71.07797,42.34058],[-71.07737,42.34094],[-71.07659,42.34134],[-71.07598,42.34167],[-71.07535,42.342],[-71.07459,42.34242],[-71.07498,42.34278],[-71.0754,42.34319],[-71.07572,42.34348],[-71.07594,42.34392],[-71.0768,42.34369],[-71.07712,42.34361],[-71.07739,42.34354],[-71.07752,42.34347],[-71.07767,42.34338],[-71.07805,42.3433],[-71.0782,42.34327],[-71.07828,42.34334],[-71.07856,42.34322],[-71.07848,42.34318],[-71.07912,42.34265],[-71.07977,42.34213],[-71.08043,42.34159],[-71.08108,42.34107],[-71.08087,42.34092],[-71.08075,42.34084],[-71.08053,42.34064],[-71.08018,42.34028],[-71.0799,42.34001],[-71.07964,42.33976]]]}},{"type":"Feature","properties":{"id":"0405","ward":4,"precinct":5},"geometry":{"type":"Polygon","coordinates":[[[-71.08108,42.34107],[-71.08043,42.34159],[-71.07977,42.34213],[-71.07912,42.34265],[-71.07848,42.34318],[-71.07856,42.34322],[-71.07898,42.34348],[-71.07909,42.34355],[-71.07963,42.34391],[-71.07997,42.34416],[-71.08008,42.34423],[-71.08015,42.34427],[-71.08023,42.34433],[-71.08034,42.34441],[-71.08086,42.34476],[-71.08091,42.3448],[-71.0813,42.34506],[-71.08171,42.34535],[-71.08296,42.34429],[-71.0849,42.34274],[-71.08486,42.34271],[-71.0841,42.3422],[-71.08392,42.34214],[-71.08315,42.34163],[-71.08303,42.34173],[-71.08266,42.34206],[-71.08265,42.34207],[-71.08248,42.34208],[-71.08236,42.34195],[-71.08168,42.34147],[-71.08116,42.34113],[-71.08108,42.34107]]]}},{"type":"Feature","properties":{"id":"0406","ward":4,"precinct":6},"geometry":{"type":"Polygon","coordinates":[[[-71.07951,42.34952],[-71.08078,42.3492],[-71.08142,42.34903],[-71.08181,42.34891],[-71.0821,42.34883],[-71.08375,42.34839],[-71.08531,42.34797],[-71.0856,42.34789],[-71.08638,42.34769],[-71.08673,42.3476],[-71.08686,42.34756],[-71.08708,42.3475],[-71.08723,42.34746],[-71.08735,42.34742],[-71.08776,42.34731],[-71.08759,42.34693],[-71.08746,42.34664],[-71.08737,42.34649],[-71.08722,42.34621],[-71.08708,42.34593],[-71.08683,42.34543],[-71.08677,42.34528],[-71.0866,42.34496],[-71.08655,42.34487],[-71.08636,42.34446],[-71.08591,42.34349],[-71.08585,42.3434],[-71.0858,42.34334],[-71.08505,42.34283],[-71.08496,42.34278],[-71.0849,42.34274],[-71.08296,42.34429],[-71.08171,42.34535],[-71.08031,42.34639],[-71.07958,42.34694],[-71.07933,42.34716],[-71.07913,42.34733],[-71.0787,42.34771],[-71.07892,42.3477],[-71.07872,42.34784],[-71.07875,42.34792],[-71.07879,42.34801],[-71.07879,42.34803],[-71.07915,42.34869],[-71.07951,42.34952]]]}},{"type":"Feature","properties":{"id":"0407","ward":4,"precinct":7},"geometry":{"type":"Polygon","coordinates":[[[-71.0858,42.34334],[-71.08585,42.3434],[-71.08591,42.34349],[-71.08636,42.34446],[-71.08655,42.34487],[-71.0866,42.34496],[-71.08677,42.34528],[-71.08683,42.34543],[-71.08708,42.34593],[-71.08722,42.34621],[-71.08737,42.34649],[-71.08746,42.34664],[-71.08759,42.34693],[-71.08776,42.34731],[-71.08926,42.3469],[-71.08923,42.34673],[-71.08922,42.34664],[-71.08927,42.34647],[-71.08931,42.34631],[-71.0894,42.34593],[-71.08955,42.34542],[-71.08977,42.34467],[-71.08985,42.34435],[-71.08997,42.34393],[-71.08949,42.34385],[-71.08769,42.34358],[-71.08681,42.34344],[-71.08632,42.34336],[-71.08598,42.34333],[-71.0858,42.34334]]]}},{"type":"Feature","properties":{"id":"0408","ward":4,"precinct":8},"geometry":{"type":"Polygon","coordinates":[[[-71.09066,42.33977],[-71.09057,42.33958],[-71.08969,42.33994],[-71.0884,42.3405],[-71.08778,42.34074],[-71.08764,42.34079],[-71.08749,42.34085],[-71.08738,42.34089],[-71.08697,42.34106],[-71.08678,42.34117],[-71.08647,42.34138],[-71.0862,42.3412],[-71.08569,42.34088],[-71.08514,42.34056],[-71.08484,42.34037],[-71.08468,42.3403],[-71.08431,42.34062],[-71.0835,42.34127],[-71.08323,42.34155],[-71.08315,42.34163],[-71.08392,42.34214],[-71.0841,42.3422],[-71.08486,42.34271],[-71.0849,42.34274],[-71.08496,42.34278],[-71.08505,42.34283],[-71.0858,42.34334],[-71.08598,42.34333],[-71.08632,42.34336],[-71.08681,42.34344],[-71.08769,42.34358],[-71.08949,42.34385],[-71.08997,42.34393],[-71.09001,42.34378],[-71.09008,42.34358],[-71.0902,42.3432],[-71.09029,42.34279],[-71.09033,42.34261],[-71.09041,42.3423],[-71.09046,42.34217],[-71.09048,42.34211],[-71.09049,42.34209],[-71.09053,42.34202],[-71.09062,42.34187],[-71.0907,42.34175],[-71.09089,42.34145],[-71.09103,42.34122],[-71.0911,42.3411],[-71.09119,42.34096],[-71.091,42.34045],[-71.09066,42.33977]]]}},{"type":"Feature","properties":{"id":"0409","ward":4,"precinct":9},"geometry":{"type":"Polygon","coordinates":[[[-71.10031,42.33595],[-71.10022,42.33592],[-71.1001,42.33585],[-71.09951,42.3361],[-71.09929,42.33618],[-71.09928,42.33601],[-71.09915,42.33598],[-71.09882,42.33589],[-71.09876,42.33587],[-71.09793,42.33566],[-71.09735,42.33551],[-71.0972,42.33548],[-71.09698,42.33542],[-71.09683,42.33538],[-71.09669,42.33534],[-71.09648,42.33527],[-71.09638,42.33523],[-71.09593,42.33507],[-71.09509,42.33477],[-71.09372,42.33427],[-71.09334,42.33395],[-71.09318,42.33391],[-71.093,42.33384],[-71.09276,42.33377],[-71.09241,42.33404],[-71.09052,42.33567],[-71.09058,42.33572],[-71.09065,42.33575],[-71.09055,42.3359],[-71.09036,42.3361],[-71.09004,42.33644],[-71.08982,42.33662],[-71.08997,42.33669],[-71.08974,42.33697],[-71.08971,42.33696],[-71.08964,42.33696],[-71.08958,42.33699],[-71.08953,42.33703],[-71.08952,42.33706],[-71.08952,42.33713],[-71.08962,42.33733],[-71.08978,42.33766],[-71.08984,42.33784],[-71.08987,42.33802],[-71.08991,42.33816],[-71.09004,42.33846],[-71.09014,42.3387],[-71.0903,42.33904],[-71.09057,42.33958],[-71.09066,42.33977],[-71.09103,42.33962],[-71.09138,42.33947],[-71.09219,42.33915],[-71.09227,42.33912],[-71.09246,42.33904],[-71.09272,42.33894],[-71.09327,42.33873],[-71.09475,42.33813],[-71.09482,42.3381],[-71.09575,42.33774],[-71.09683,42.33732],[-71.09695,42.33727],[-71.09725,42.33714],[-71.09761,42.337],[-71.09813,42.33679],[-71.09888,42.3365],[-71.09956,42.33626],[-71.10031,42.33595]]]}},{"type":"Feature","properties":{"id":"0410","ward":4,"precinct":10},"geometry":{"type":"Polygon","coordinates":[[[-71.10751,42.33585],[-71.10707,42.33558],[-71.10618,42.33501],[-71.10607,42.33493],[-71.10544,42.33453],[-71.10507,42.33425],[-71.10491,42.3342],[-71.10445,42.33439],[-71.10378,42.33466],[-71.10357,42.33474],[-71.10323,42.33487],[-71.10307,42.33493],[-71.10243,42.33516],[-71.10195,42.33529],[-71.10143,42.33547],[-71.10123,42.33554],[-71.10093,42.33566],[-71.10068,42.33578],[-71.10031,42.33595],[-71.09956,42.33626],[-71.09888,42.3365],[-71.09813,42.33679],[-71.09761,42.337],[-71.09725,42.33714],[-71.09695,42.33727],[-71.09683,42.33732],[-71.09575,42.33774],[-71.09482,42.3381],[-71.09475,42.33813],[-71.09327,42.33873],[-71.09272,42.33894],[-71.09246,42.33904],[-71.09227,42.33912],[-71.09219,42.33915],[-71.09138,42.33947],[-71.09103,42.33962],[-71.09066,42.33977],[-71.091,42.34045],[-71.09119,42.34096],[-71.09121,42.34092],[-71.09173,42.34],[-71.09181,42.33988],[-71.09196,42.33976],[-71.09212,42.33968],[-71.09254,42.33952],[-71.0929,42.34002],[-71.09318,42.34041],[-71.09328,42.3406],[-71.0933,42.34067],[-71.0933,42.34075],[-71.09328,42.34082],[-71.09322,42.3409],[-71.09375,42.34078],[-71.09404,42.34071],[-71.09455,42.34057],[-71.09497,42.34041],[-71.09572,42.34011],[-71.09602,42.33995],[-71.09621,42.33984],[-71.09634,42.33972],[-71.09668,42.33927],[-71.09689,42.33903],[-71.09726,42.33935],[-71.09738,42.33945],[-71.09739,42.33954],[-71.09749,42.33958],[-71.09949,42.34051],[-71.09983,42.34066],[-71.10228,42.3424],[-71.10274,42.34264],[-71.10304,42.34296],[-71.10417,42.34391],[-71.10426,42.34398],[-71.10431,42.34409],[-71.10439,42.34413],[-71.10434,42.34418],[-71.10462,42.3444],[-71.10492,42.3442],[-71.10506,42.34413],[-71.10518,42.34407],[-71.10524,42.34404],[-71.10529,42.34401],[-71.10537,42.34397],[-71.10552,42.34382],[-71.10561,42.3438],[-71.10569,42.34376],[-71.10586,42.3437],[-71.10606,42.3436],[-71.10607,42.34359],[-71.10617,42.3435],[-71.10622,42.34344],[-71.10623,42.34338],[-71.10625,42.34333],[-71.1063,42.34327],[-71.10651,42.34311],[-71.10658,42.34308],[-71.10666,42.34304],[-71.10691,42.34296],[-71.10707,42.3429],[-71.10714,42.34287],[-71.1072,42.34283],[-71.10721,42.34283],[-71.10725,42.34281],[-71.10744,42.3427],[-71.10789,42.34256],[-71.10803,42.34249],[-71.10812,42.34241],[-71.10819,42.34234],[-71.10823,42.34228],[-71.10823,42.3422],[-71.10823,42.34212],[-71.10824,42.34207],[-71.10826,42.34204],[-71.10829,42.34199],[-71.10841,42.3419],[-71.10844,42.34188],[-71.10849,42.34185],[-71.10877,42.34176],[-71.10904,42.34167],[-71.10936,42.34159],[-71.10955,42.3415],[-71.1096,42.34147],[-71.10966,42.34141],[-71.10968,42.34137],[-71.10977,42.34123],[-71.10985,42.34118],[-71.10999,42.34112],[-71.11009,42.34104],[-71.11018,42.34097],[-71.11036,42.34074],[-71.11047,42.3406],[-71.11057,42.34046],[-71.11058,42.34045],[-71.1106,42.34041],[-71.11063,42.34034],[-71.11066,42.34028],[-71.11071,42.34014],[-71.11072,42.34009],[-71.11071,42.34005],[-71.11068,42.34],[-71.11068,42.33991],[-71.11076,42.33973],[-71.11085,42.33952],[-71.11089,42.33889],[-71.11094,42.33875],[-71.11103,42.33857],[-71.11111,42.33837],[-71.11131,42.33791],[-71.1114,42.33764],[-71.11147,42.33755],[-71.11153,42.33747],[-71.11156,42.33739],[-71.11155,42.33731],[-71.11144,42.33721],[-71.11142,42.33719],[-71.1113,42.33709],[-71.11125,42.33703],[-71.11122,42.337],[-71.1112,42.33691],[-71.11119,42.33688],[-71.11117,42.33678],[-71.11115,42.33673],[-71.11111,42.33667],[-71.11106,42.33663],[-71.11101,42.33661],[-71.11091,42.33656],[-71.1108,42.33644],[-71.11071,42.33632],[-71.1107,42.33627],[-71.11071,42.33622],[-71.11075,42.33618],[-71.1109,42.33602],[-71.11098,42.33595],[-71.111,42.33584],[-71.111,42.33583],[-71.11099,42.33577],[-71.11093,42.33568],[-71.11081,42.33559],[-71.11006,42.33632],[-71.10999,42.33637],[-71.10983,42.33654],[-71.10933,42.33701],[-71.10872,42.33662],[-71.10829,42.33633],[-71.10823,42.3363],[-71.10751,42.33585]]]}},{"type":"Feature","properties":{"id":"0411","ward":4,"precinct":11},"geometry":{"type":"Polygon","coordinates":[[[-71.09052,42.33567],[-71.09038,42.33578],[-71.09011,42.33599],[-71.08935,42.33662],[-71.08824,42.33756],[-71.08812,42.33765],[-71.08673,42.33869],[-71.08503,42.34001],[-71.08468,42.3403],[-71.08484,42.34037],[-71.08514,42.34056],[-71.08569,42.34088],[-71.0862,42.3412],[-71.08647,42.34138],[-71.08678,42.34117],[-71.08697,42.34106],[-71.08738,42.34089],[-71.08749,42.34085],[-71.08764,42.34079],[-71.08778,42.34074],[-71.0884,42.3405],[-71.08969,42.33994],[-71.09057,42.33958],[-71.0903,42.33904],[-71.09014,42.3387],[-71.09004,42.33846],[-71.08991,42.33816],[-71.08987,42.33802],[-71.08984,42.33784],[-71.08978,42.33766],[-71.08962,42.33733],[-71.08952,42.33713],[-71.08952,42.33706],[-71.08953,42.33703],[-71.08958,42.33699],[-71.08964,42.33696],[-71.08971,42.33696],[-71.08974,42.33697],[-71.08997,42.33669],[-71.08982,42.33662],[-71.09004,42.33644],[-71.09036,42.3361],[-71.09055,42.3359],[-71.09065,42.33575],[-71.09058,42.33572],[-71.09052,42.33567]]]}},{"type":"Feature","properties":{"id":"0412","ward":4,"precinct":12},"geometry":{"type":"Polygon","coordinates":[[[-71.09119,42.34096],[-71.0911,42.3411],[-71.09103,42.34122],[-71.09089,42.34145],[-71.0907,42.34175],[-71.09062,42.34187],[-71.09053,42.34202],[-71.09049,42.34209],[-71.09048,42.34211],[-71.09046,42.34217],[-71.09041,42.3423],[-71.09033,42.34261],[-71.09029,42.34279],[-71.0902,42.3432],[-71.09008,42.34358],[-71.09001,42.34378],[-71.08997,42.34393],[-71.08985,42.34435],[-71.08977,42.34467],[-71.08955,42.34542],[-71.0894,42.34593],[-71.08931,42.34631],[-71.08927,42.34647],[-71.08922,42.34664],[-71.08923,42.34673],[-71.08926,42.3469],[-71.08941,42.34686],[-71.09001,42.34669],[-71.09009,42.34667],[-71.0904,42.34658],[-71.09055,42.34656],[-71.0907,42.34654],[-71.0909,42.34655],[-71.09093,42.34652],[-71.09098,42.3465],[-71.09129,42.34649],[-71.09182,42.34664],[-71.09211,42.34673],[-71.09214,42.34669],[-71.09221,42.3467],[-71.09231,42.3467],[-71.09238,42.34661],[-71.09238,42.34651],[-71.09238,42.34623],[-71.09244,42.34605],[-71.09243,42.34557],[-71.09232,42.34539],[-71.09212,42.34519],[-71.09205,42.34507],[-71.09211,42.34488],[-71.09209,42.34468],[-71.09216,42.34456],[-71.09219,42.3442],[-71.09222,42.34412],[-71.09234,42.34398],[-71.09259,42.34384],[-71.09276,42.34384],[-71.09296,42.34391],[-71.09333,42.34397],[-71.09384,42.344],[-71.09429,42.34397],[-71.09439,42.34392],[-71.0945,42.34382],[-71.09453,42.34374],[-71.09453,42.34347],[-71.09448,42.34331],[-71.09446,42.34326],[-71.0944,42.34317],[-71.09437,42.34316],[-71.09413,42.34315],[-71.09411,42.34314],[-71.09395,42.34301],[-71.09381,42.34297],[-71.0935,42.34296],[-71.09332,42.34289],[-71.09286,42.34279],[-71.09239,42.34277],[-71.09228,42.34269],[-71.09225,42.34263],[-71.09224,42.34238],[-71.09227,42.34222],[-71.09229,42.34219],[-71.09233,42.34211],[-71.0924,42.34206],[-71.09255,42.34202],[-71.09264,42.34195],[-71.0927,42.34178],[-71.09284,42.34162],[-71.09338,42.34139],[-71.09368,42.34121],[-71.09416,42.34103],[-71.09428,42.34096],[-71.09438,42.34091],[-71.09488,42.34069],[-71.09545,42.34057],[-71.09589,42.34041],[-71.09624,42.34025],[-71.09643,42.34025],[-71.09666,42.34029],[-71.09673,42.34023],[-71.09673,42.34014],[-71.09667,42.34004],[-71.09667,42.33998],[-71.09695,42.33983],[-71.09714,42.33968],[-71.09726,42.33935],[-71.09689,42.33903],[-71.09668,42.33927],[-71.09634,42.33972],[-71.09621,42.33984],[-71.09602,42.33995],[-71.09572,42.34011],[-71.09497,42.34041],[-71.09455,42.34057],[-71.09404,42.34071],[-71.09375,42.34078],[-71.09322,42.3409],[-71.09328,42.34082],[-71.0933,42.34075],[-71.0933,42.34067],[-71.09328,42.3406],[-71.09318,42.34041],[-71.0929,42.34002],[-71.09254,42.33952],[-71.09212,42.33968],[-71.09196,42.33976],[-71.09181,42.33988],[-71.09173,42.34],[-71.09121,42.34092],[-71.09119,42.34096]]]}},{"type":"Feature","properties":{"id":"0501","ward":5,"precinct":1},"geometry":{"type":"Polygon","coordinates":[[[-71.06753,42.35252],[-71.06725,42.35182],[-71.06702,42.35131],[-71.06687,42.35097],[-71.06681,42.35076],[-71.06669,42.35024],[-71.06659,42.34973],[-71.06653,42.34942],[-71.06649,42.34905],[-71.06649,42.34899],[-71.06651,42.34888],[-71.06656,42.34882],[-71.06661,42.34877],[-71.06733,42.34839],[-71.06754,42.3483],[-71.06803,42.34799],[-71.06819,42.34787],[-71.06834,42.34777],[-71.06844,42.34769],[-71.0685,42.34761],[-71.06861,42.34748],[-71.06868,42.34739],[-71.06884,42.34711],[-71.0691,42.34662],[-71.06944,42.34601],[-71.06986,42.34527],[-71.0694,42.34512],[-71.069,42.34499],[-71.06878,42.34491],[-71.06808,42.34466],[-71.06707,42.34432],[-71.0668,42.3449],[-71.06672,42.34505],[-71.06664,42.3452],[-71.06634,42.3458],[-71.06629,42.3459],[-71.06624,42.34599],[-71.06614,42.34621],[-71.06603,42.34646],[-71.0659,42.34688],[-71.06581,42.34717],[-71.0658,42.3472],[-71.06579,42.34729],[-71.06577,42.34738],[-71.06576,42.34752],[-71.06573,42.34769],[-71.0657,42.34784],[-71.06556,42.34862],[-71.06533,42.34958],[-71.06532,42.34961],[-71.06515,42.35023],[-71.06502,42.35072],[-71.06492,42.35108],[-71.06473,42.35172],[-71.06456,42.35239],[-71.06592,42.35246],[-71.06622,42.35247],[-71.06691,42.35249],[-71.06753,42.35252]]]}},{"type":"Feature","properties":{"id":"0502","ward":5,"precinct":2},"geometry":{"type":"Polygon","coordinates":[[[-71.09726,42.33935],[-71.09714,42.33968],[-71.09695,42.33983],[-71.09667,42.33998],[-71.09667,42.34004],[-71.09673,42.34014],[-71.09673,42.34023],[-71.09666,42.34029],[-71.09643,42.34025],[-71.09624,42.34025],[-71.09589,42.34041],[-71.09545,42.34057],[-71.09488,42.34069],[-71.09438,42.34091],[-71.09428,42.34096],[-71.09416,42.34103],[-71.09368,42.34121],[-71.09338,42.34139],[-71.09284,42.34162],[-71.0927,42.34178],[-71.09264,42.34195],[-71.09255,42.34202],[-71.0924,42.34206],[-71.09233,42.34211],[-71.09229,42.34219],[-71.09227,42.34222],[-71.09224,42.34238],[-71.09225,42.34263],[-71.09228,42.34269],[-71.09239,42.34277],[-71.09286,42.34279],[-71.09332,42.34289],[-71.0935,42.34296],[-71.09381,42.34297],[-71.09395,42.34301],[-71.09411,42.34314],[-71.09413,42.34315],[-71.09437,42.34316],[-71.0944,42.34317],[-71.09446,42.34326],[-71.09448,42.34331],[-71.09453,42.34347],[-71.09453,42.34374],[-71.0945,42.34382],[-71.09439,42.34392],[-71.09429,42.34397],[-71.09384,42.344],[-71.09333,42.34397],[-71.09296,42.34391],[-71.09276,42.34384],[-71.09259,42.34384],[-71.09234,42.34398],[-71.09222,42.34412],[-71.09219,42.3442],[-71.09216,42.34456],[-71.09209,42.34468],[-71.09211,42.34488],[-71.09205,42.34507],[-71.09212,42.34519],[-71.09232,42.34539],[-71.09243,42.34557],[-71.09244,42.34605],[-71.09238,42.34623],[-71.09238,42.34651],[-71.09238,42.34661],[-71.09231,42.3467],[-71.09221,42.3467],[-71.09214,42.34669],[-71.09211,42.34673],[-71.09204,42.34686],[-71.09208,42.34688],[-71.09212,42.34691],[-71.09216,42.34694],[-71.09223,42.347],[-71.09227,42.34712],[-71.0923,42.34705],[-71.09239,42.34697],[-71.09249,42.34692],[-71.0927,42.34684],[-71.0929,42.34677],[-71.0931,42.34668],[-71.0933,42.34652],[-71.09419,42.34571],[-71.0943,42.34559],[-71.0944,42.34533],[-71.09445,42.3452],[-71.09457,42.34486],[-71.09461,42.3447],[-71.09464,42.34456],[-71.09477,42.34445],[-71.09484,42.34442],[-71.09493,42.34439],[-71.09574,42.34415],[-71.09651,42.34395],[-71.09741,42.3437],[-71.09887,42.3433],[-71.09955,42.34312],[-71.09952,42.34305],[-71.09937,42.34269],[-71.09919,42.34227],[-71.09899,42.34184],[-71.09879,42.34144],[-71.09854,42.34092],[-71.09841,42.3408],[-71.09833,42.34072],[-71.09742,42.33973],[-71.09749,42.3396],[-71.09749,42.33958],[-71.09739,42.33954],[-71.09738,42.33945],[-71.09726,42.33935]]]}},{"type":"Feature","properties":{"id":"0503","ward":5,"precinct":3},"geometry":{"type":"Polygon","coordinates":[[[-71.07029,42.3578],[-71.06984,42.35704],[-71.06946,42.35713],[-71.06913,42.35721],[-71.06845,42.35735],[-71.06827,42.35738],[-71.06794,42.35746],[-71.06783,42.35714],[-71.06778,42.35698],[-71.06764,42.35661],[-71.06873,42.35637],[-71.06892,42.35633],[-71.06941,42.35622],[-71.06983,42.35613],[-71.07019,42.35604],[-71.0713,42.35578],[-71.07138,42.35575],[-71.07204,42.35559],[-71.07216,42.35555],[-71.07256,42.35545],[-71.07236,42.35529],[-71.07223,42.35504],[-71.07206,42.35466],[-71.07184,42.35424],[-71.07164,42.35384],[-71.07148,42.35351],[-71.07128,42.35309],[-71.07108,42.35268],[-71.0709,42.35232],[-71.0707,42.35195],[-71.07066,42.35186],[-71.07051,42.35189],[-71.06918,42.35218],[-71.0684,42.35236],[-71.06753,42.35252],[-71.06691,42.35249],[-71.06622,42.35247],[-71.06592,42.35246],[-71.06456,42.35239],[-71.06447,42.3527],[-71.06445,42.35277],[-71.06437,42.35307],[-71.06424,42.3534],[-71.06414,42.35364],[-71.06399,42.35398],[-71.06359,42.35477],[-71.06352,42.35489],[-71.06342,42.35507],[-71.06331,42.35522],[-71.06321,42.35534],[-71.06304,42.35552],[-71.06288,42.35568],[-71.06251,42.35603],[-71.06226,42.35628],[-71.06196,42.35654],[-71.06246,42.35696],[-71.06279,42.35731],[-71.06294,42.35747],[-71.06299,42.35752],[-71.06317,42.35776],[-71.06264,42.35799],[-71.06273,42.35832],[-71.06282,42.35867],[-71.06282,42.35872],[-71.06285,42.3589],[-71.06286,42.35921],[-71.06288,42.35949],[-71.06354,42.35944],[-71.06359,42.35944],[-71.06391,42.35941],[-71.064,42.35941],[-71.06437,42.35939],[-71.06505,42.35938],[-71.06593,42.35937],[-71.06631,42.35936],[-71.06682,42.35936],[-71.06733,42.35935],[-71.06769,42.35932],[-71.06864,42.3593],[-71.06863,42.35958],[-71.06905,42.35956],[-71.06933,42.35955],[-71.06938,42.35955],[-71.06969,42.35954],[-71.07013,42.3595],[-71.07079,42.35948],[-71.07073,42.35883],[-71.0707,42.35853],[-71.07066,42.35844],[-71.07029,42.3578]]]}},{"type":"Feature","properties":{"id":"0504","ward":5,"precinct":4},"geometry":{"type":"Polygon","coordinates":[[[-71.06875,42.36109],[-71.06871,42.36063],[-71.06868,42.3603],[-71.06866,42.35994],[-71.06866,42.35989],[-71.06863,42.35958],[-71.06864,42.3593],[-71.06769,42.35932],[-71.06733,42.35935],[-71.06682,42.35936],[-71.06631,42.35936],[-71.06635,42.35963],[-71.06637,42.35995],[-71.06637,42.36039],[-71.06638,42.36117],[-71.06691,42.36115],[-71.06784,42.36112],[-71.06824,42.3611],[-71.06875,42.36109]]]}},{"type":"Feature","properties":{"id":"0505","ward":5,"precinct":5},"geometry":{"type":"Polygon","coordinates":[[[-71.07936,42.35828],[-71.0789,42.35738],[-71.07813,42.35593],[-71.07804,42.35596],[-71.07774,42.35603],[-71.07755,42.35554],[-71.07748,42.35537],[-71.07734,42.35504],[-71.07748,42.355],[-71.0776,42.35497],[-71.07762,42.35496],[-71.07758,42.35488],[-71.07736,42.35495],[-71.07723,42.35476],[-71.07505,42.35533],[-71.07435,42.35553],[-71.07355,42.35575],[-71.0733,42.35582],[-71.07316,42.35555],[-71.07302,42.35532],[-71.07281,42.35539],[-71.07256,42.35545],[-71.07216,42.35555],[-71.07204,42.35559],[-71.07138,42.35575],[-71.0713,42.35578],[-71.07019,42.35604],[-71.06983,42.35613],[-71.06941,42.35622],[-71.06892,42.35633],[-71.06873,42.35637],[-71.06764,42.35661],[-71.06778,42.35698],[-71.06783,42.35714],[-71.06794,42.35746],[-71.06827,42.35738],[-71.06845,42.35735],[-71.06913,42.35721],[-71.06946,42.35713],[-71.06984,42.35704],[-71.07029,42.3578],[-71.07066,42.35844],[-71.0707,42.35853],[-71.07073,42.35883],[-71.07079,42.35948],[-71.07212,42.35947],[-71.07207,42.35973],[-71.07201,42.35995],[-71.07201,42.36002],[-71.07203,42.36013],[-71.07207,42.36024],[-71.07214,42.3604],[-71.07225,42.3606],[-71.07232,42.36076],[-71.07235,42.36088],[-71.07237,42.361],[-71.07237,42.36115],[-71.07236,42.36122],[-71.07275,42.36126],[-71.07279,42.36127],[-71.07317,42.3613],[-71.07345,42.36132],[-71.07498,42.36142],[-71.07557,42.36146],[-71.07559,42.36146],[-71.07571,42.36147],[-71.07609,42.36039],[-71.0764,42.35996],[-71.07643,42.35993],[-71.07666,42.35968],[-71.07681,42.35951],[-71.07733,42.35909],[-71.07795,42.35874],[-71.07936,42.35828]]]}},{"type":"Feature","properties":{"id":"0506","ward":5,"precinct":6},"geometry":{"type":"Polygon","coordinates":[[[-71.07723,42.35476],[-71.07694,42.35425],[-71.07675,42.35381],[-71.07658,42.35343],[-71.07638,42.35306],[-71.07616,42.35265],[-71.07598,42.35227],[-71.0758,42.35188],[-71.07561,42.35147],[-71.07541,42.35108],[-71.07521,42.35069],[-71.07402,42.35101],[-71.07307,42.35125],[-71.07194,42.35156],[-71.07106,42.35181],[-71.07066,42.35186],[-71.0707,42.35195],[-71.0709,42.35232],[-71.07108,42.35268],[-71.07128,42.35309],[-71.07148,42.35351],[-71.07164,42.35384],[-71.07184,42.35424],[-71.07206,42.35466],[-71.07223,42.35504],[-71.07236,42.35529],[-71.07256,42.35545],[-71.07281,42.35539],[-71.07302,42.35532],[-71.07316,42.35555],[-71.0733,42.35582],[-71.07355,42.35575],[-71.07435,42.35553],[-71.07505,42.35533],[-71.07723,42.35476]]]}},{"type":"Feature","properties":{"id":"0507","ward":5,"precinct":7},"geometry":{"type":"Polygon","coordinates":[[[-71.07936,42.35828],[-71.0834,42.35693],[-71.08307,42.35623],[-71.08232,42.35468],[-71.08238,42.35435],[-71.08247,42.35376],[-71.08219,42.35395],[-71.0819,42.35392],[-71.08178,42.35376],[-71.08171,42.35368],[-71.0816,42.35371],[-71.08153,42.35359],[-71.08126,42.35306],[-71.08106,42.35265],[-71.08086,42.35228],[-71.08065,42.35186],[-71.08046,42.35147],[-71.0803,42.35113],[-71.08008,42.35072],[-71.07986,42.35031],[-71.07968,42.34992],[-71.07951,42.34952],[-71.07737,42.35008],[-71.07629,42.35039],[-71.07521,42.35069],[-71.07541,42.35108],[-71.07561,42.35147],[-71.0758,42.35188],[-71.07598,42.35227],[-71.07616,42.35265],[-71.07638,42.35306],[-71.07658,42.35343],[-71.07675,42.35381],[-71.07694,42.35425],[-71.07723,42.35476],[-71.07736,42.35495],[-71.07758,42.35488],[-71.07762,42.35496],[-71.0776,42.35497],[-71.07748,42.355],[-71.07734,42.35504],[-71.07748,42.35537],[-71.07755,42.35554],[-71.07774,42.35603],[-71.07804,42.35596],[-71.07813,42.35593],[-71.0789,42.35738],[-71.07936,42.35828]]]}},{"type":"Feature","properties":{"id":"0508","ward":5,"precinct":8},"geometry":{"type":"Polygon","coordinates":[[[-71.08375,42.34839],[-71.0821,42.34883],[-71.08181,42.34891],[-71.08142,42.34903],[-71.08078,42.3492],[-71.07951,42.34952],[-71.07968,42.34992],[-71.07986,42.35031],[-71.08008,42.35072],[-71.0803,42.35113],[-71.08046,42.35147],[-71.08065,42.35186],[-71.08086,42.35228],[-71.08106,42.35265],[-71.08126,42.35306],[-71.08153,42.35359],[-71.0816,42.35371],[-71.08171,42.35368],[-71.08178,42.35376],[-71.0819,42.35392],[-71.08219,42.35395],[-71.08247,42.35376],[-71.08238,42.35435],[-71.08232,42.35468],[-71.08307,42.35623],[-71.0834,42.35693],[-71.08518,42.35634],[-71.08751,42.35557],[-71.08709,42.35469],[-71.08626,42.35297],[-71.08598,42.35262],[-71.08592,42.35253],[-71.08573,42.35246],[-71.08549,42.35193],[-71.0853,42.35152],[-71.08513,42.35115],[-71.08493,42.35076],[-71.0847,42.35031],[-71.08454,42.34999],[-71.08434,42.34957],[-71.08414,42.34918],[-71.08393,42.34877],[-71.08375,42.34839]]]}},{"type":"Feature","properties":{"id":"0509","ward":5,"precinct":9},"geometry":{"type":"Polygon","coordinates":[[[-71.08976,42.35137],[-71.0895,42.35086],[-71.0893,42.35047],[-71.08912,42.35006],[-71.08894,42.34971],[-71.08871,42.34926],[-71.08865,42.34914],[-71.08862,42.34908],[-71.08853,42.34889],[-71.08832,42.34849],[-71.08815,42.34814],[-71.08803,42.3477],[-71.08797,42.34757],[-71.08792,42.34747],[-71.08776,42.34731],[-71.08735,42.34742],[-71.08723,42.34746],[-71.08708,42.3475],[-71.08686,42.34756],[-71.08673,42.3476],[-71.08638,42.34769],[-71.0856,42.34789],[-71.08531,42.34797],[-71.08375,42.34839],[-71.08393,42.34877],[-71.08414,42.34918],[-71.08434,42.34957],[-71.08454,42.34999],[-71.0847,42.35031],[-71.08493,42.35076],[-71.08513,42.35115],[-71.0853,42.35152],[-71.08549,42.35193],[-71.08573,42.35246],[-71.08592,42.35253],[-71.08598,42.35262],[-71.08626,42.35297],[-71.08709,42.35469],[-71.08751,42.35557],[-71.091,42.35441],[-71.09124,42.35435],[-71.09118,42.35424],[-71.09114,42.35416],[-71.09086,42.35356],[-71.09061,42.35304],[-71.09016,42.35215],[-71.09008,42.35197],[-71.08993,42.35172],[-71.08986,42.35158],[-71.08982,42.3515],[-71.08976,42.35137]]]}},{"type":"Feature","properties":{"id":"0510","ward":5,"precinct":10},"geometry":{"type":"Polygon","coordinates":[[[-71.09812,42.34765],[-71.09485,42.34765],[-71.09287,42.34765],[-71.0924,42.34764],[-71.09227,42.34764],[-71.09212,42.34764],[-71.09194,42.34764],[-71.09194,42.34774],[-71.09195,42.34776],[-71.09196,42.34792],[-71.09194,42.34812],[-71.09186,42.34841],[-71.09185,42.34849],[-71.09177,42.34887],[-71.09183,42.34887],[-71.09194,42.34886],[-71.09193,42.34919],[-71.09184,42.34919],[-71.09174,42.3492],[-71.09162,42.3492],[-71.09163,42.3497],[-71.09163,42.35029],[-71.09163,42.35045],[-71.09165,42.35081],[-71.09158,42.35089],[-71.09059,42.35114],[-71.09026,42.35124],[-71.09022,42.35125],[-71.08976,42.35137],[-71.08982,42.3515],[-71.08986,42.35158],[-71.08993,42.35172],[-71.09008,42.35197],[-71.09016,42.35215],[-71.09061,42.35304],[-71.09086,42.35356],[-71.09114,42.35416],[-71.09118,42.35424],[-71.09124,42.35435],[-71.093,42.3539],[-71.09324,42.35386],[-71.09329,42.35385],[-71.09403,42.35373],[-71.09499,42.35357],[-71.09599,42.35341],[-71.09724,42.3532],[-71.09763,42.35316],[-71.09789,42.35313],[-71.10182,42.3527],[-71.1024,42.35263],[-71.10303,42.35252],[-71.10316,42.35149],[-71.10325,42.35117],[-71.10327,42.35108],[-71.10332,42.35099],[-71.10343,42.35061],[-71.10348,42.35028],[-71.10362,42.34974],[-71.10284,42.34965],[-71.10056,42.34937],[-71.10056,42.3493],[-71.10057,42.34929],[-71.10059,42.34919],[-71.10064,42.349],[-71.10067,42.34872],[-71.10073,42.34835],[-71.10076,42.34811],[-71.101,42.34798],[-71.10082,42.34796],[-71.10056,42.34793],[-71.10098,42.34781],[-71.10114,42.34777],[-71.10087,42.34773],[-71.10062,42.3477],[-71.10015,42.34767],[-71.0998,42.34766],[-71.09812,42.34765]]]}},{"type":"Feature","properties":{"id":"0511","ward":5,"precinct":11},"geometry":{"type":"Polygon","coordinates":[[[-71.07079,42.35948],[-71.07013,42.3595],[-71.06969,42.35954],[-71.06938,42.35955],[-71.06933,42.35955],[-71.06905,42.35956],[-71.06863,42.35958],[-71.06866,42.35989],[-71.06866,42.35994],[-71.06868,42.3603],[-71.06871,42.36063],[-71.06875,42.36109],[-71.06942,42.36108],[-71.06997,42.36105],[-71.07004,42.36102],[-71.07005,42.36101],[-71.07007,42.361],[-71.07026,42.36093],[-71.07045,42.36088],[-71.07063,42.36089],[-71.07081,42.36091],[-71.07096,42.36096],[-71.07112,42.36101],[-71.07127,42.36106],[-71.07141,42.3611],[-71.07159,42.36113],[-71.07198,42.36118],[-71.07209,42.36119],[-71.07236,42.36122],[-71.07237,42.36115],[-71.07237,42.361],[-71.07235,42.36088],[-71.07232,42.36076],[-71.07225,42.3606],[-71.07214,42.3604],[-71.07207,42.36024],[-71.07203,42.36013],[-71.07201,42.36002],[-71.07201,42.35995],[-71.07207,42.35973],[-71.07212,42.35947],[-71.07079,42.35948]]]}},{"type":"Feature","properties":{"id":"0512","ward":5,"precinct":12},"geometry":{"type":"Polygon","coordinates":[[[-71.09955,42.34312],[-71.09887,42.3433],[-71.09741,42.3437],[-71.09651,42.34395],[-71.09574,42.34415],[-71.09493,42.34439],[-71.09484,42.34442],[-71.09477,42.34445],[-71.09464,42.34456],[-71.09461,42.3447],[-71.09457,42.34486],[-71.09445,42.3452],[-71.0944,42.34533],[-71.0943,42.34559],[-71.09419,42.34571],[-71.0933,42.34652],[-71.0931,42.34668],[-71.0929,42.34677],[-71.0927,42.34684],[-71.09249,42.34692],[-71.09239,42.34697],[-71.0923,42.34705],[-71.09227,42.34712],[-71.09223,42.347],[-71.09216,42.34694],[-71.09212,42.34691],[-71.09208,42.34688],[-71.09204,42.34686],[-71.09199,42.34695],[-71.09195,42.34713],[-71.09195,42.34751],[-71.09194,42.34764],[-71.09212,42.34764],[-71.09227,42.34764],[-71.0924,42.34764],[-71.09287,42.34765],[-71.09485,42.34765],[-71.09812,42.34765],[-71.09817,42.34761],[-71.09858,42.34718],[-71.09896,42.34682],[-71.09935,42.34645],[-71.0995,42.34628],[-71.0997,42.34608],[-71.10032,42.34548],[-71.1006,42.34523],[-71.1008,42.34504],[-71.10098,42.34489],[-71.10076,42.34478],[-71.10047,42.34471],[-71.10033,42.34457],[-71.10006,42.3441],[-71.09998,42.34398],[-71.09977,42.34354],[-71.09961,42.34322],[-71.09955,42.34312]]]}},{"type":"Feature","properties":{"id":"0513","ward":5,"precinct":13},"geometry":{"type":"Polygon","coordinates":[[[-71.072,42.34903],[-71.07182,42.34869],[-71.07262,42.348],[-71.07266,42.34797],[-71.07269,42.34794],[-71.0726,42.34794],[-71.0725,42.34794],[-71.07186,42.34796],[-71.07146,42.34796],[-71.06992,42.34797],[-71.06925,42.34795],[-71.06911,42.34795],[-71.06896,42.34795],[-71.06864,42.34793],[-71.06819,42.34787],[-71.06803,42.34799],[-71.06754,42.3483],[-71.06733,42.34839],[-71.06661,42.34877],[-71.06656,42.34882],[-71.06651,42.34888],[-71.06649,42.34899],[-71.06649,42.34905],[-71.06653,42.34942],[-71.06659,42.34973],[-71.06669,42.35024],[-71.06681,42.35076],[-71.06687,42.35097],[-71.06702,42.35131],[-71.06725,42.35182],[-71.06753,42.35252],[-71.0684,42.35236],[-71.06918,42.35218],[-71.07051,42.35189],[-71.07066,42.35186],[-71.07106,42.35181],[-71.07194,42.35156],[-71.07307,42.35125],[-71.07282,42.35076],[-71.07266,42.35042],[-71.07225,42.34954],[-71.07208,42.34919],[-71.07206,42.34915],[-71.072,42.34903]]]}},{"type":"Feature","properties":{"id":"0514","ward":5,"precinct":14},"geometry":{"type":"Polygon","coordinates":[[[-71.07353,42.34727],[-71.07351,42.34723],[-71.0735,42.34721],[-71.07311,42.34639],[-71.07297,42.34612],[-71.07275,42.34567],[-71.07256,42.34529],[-71.07238,42.34488],[-71.072,42.34413],[-71.07186,42.34384],[-71.07158,42.34398],[-71.07107,42.34426],[-71.07068,42.34447],[-71.07063,42.34451],[-71.07054,42.34457],[-71.07039,42.3447],[-71.07021,42.34487],[-71.07002,42.34509],[-71.06986,42.34527],[-71.06944,42.34601],[-71.0691,42.34662],[-71.06884,42.34711],[-71.06868,42.34739],[-71.06861,42.34748],[-71.0685,42.34761],[-71.06844,42.34769],[-71.06834,42.34777],[-71.06819,42.34787],[-71.06864,42.34793],[-71.06896,42.34795],[-71.06911,42.34795],[-71.06925,42.34795],[-71.06992,42.34797],[-71.07146,42.34796],[-71.07186,42.34796],[-71.0725,42.34794],[-71.0726,42.34794],[-71.07269,42.34794],[-71.07282,42.34784],[-71.07304,42.34766],[-71.07329,42.34747],[-71.07353,42.34727]]]}},{"type":"Feature","properties":{"id":"0515","ward":5,"precinct":15},"geometry":{"type":"Polygon","coordinates":[[[-71.09194,42.34764],[-71.09195,42.34751],[-71.09195,42.34713],[-71.09199,42.34695],[-71.09204,42.34686],[-71.09211,42.34673],[-71.09182,42.34664],[-71.09129,42.34649],[-71.09098,42.3465],[-71.09093,42.34652],[-71.0909,42.34655],[-71.0907,42.34654],[-71.09055,42.34656],[-71.0904,42.34658],[-71.09009,42.34667],[-71.09001,42.34669],[-71.08941,42.34686],[-71.08926,42.3469],[-71.08776,42.34731],[-71.08792,42.34747],[-71.08797,42.34757],[-71.08803,42.3477],[-71.08815,42.34814],[-71.08832,42.34849],[-71.08853,42.34889],[-71.08862,42.34908],[-71.08865,42.34914],[-71.08871,42.34926],[-71.08894,42.34971],[-71.08912,42.35006],[-71.0893,42.35047],[-71.0895,42.35086],[-71.08976,42.35137],[-71.09022,42.35125],[-71.09026,42.35124],[-71.09059,42.35114],[-71.09158,42.35089],[-71.09165,42.35081],[-71.09163,42.35045],[-71.09163,42.35029],[-71.09163,42.3497],[-71.09162,42.3492],[-71.09174,42.3492],[-71.09184,42.34919],[-71.09193,42.34919],[-71.09194,42.34886],[-71.09183,42.34887],[-71.09177,42.34887],[-71.09185,42.34849],[-71.09186,42.34841],[-71.09194,42.34812],[-71.09196,42.34792],[-71.09195,42.34776],[-71.09194,42.34774],[-71.09194,42.34764]]]}},{"type":"Feature","properties":{"id":"0601","ward":6,"precinct":1},"geometry":{"type":"Polygon","coordinates":[[[-71.05647,42.34612],[-71.05683,42.34602],[-71.05765,42.34579],[-71.05814,42.34566],[-71.05825,42.34551],[-71.05836,42.34536],[-71.05846,42.34522],[-71.0588,42.34471],[-71.05904,42.34435],[-71.05927,42.344],[-71.05939,42.34377],[-71.05948,42.3436],[-71.05949,42.34359],[-71.05954,42.34349],[-71.05969,42.34322],[-71.05978,42.34299],[-71.05988,42.34266],[-71.05995,42.34233],[-71.05998,42.34208],[-71.06003,42.3406],[-71.06,42.34006],[-71.05981,42.33814],[-71.0597,42.33687],[-71.05965,42.33691],[-71.05958,42.33696],[-71.05953,42.337],[-71.05928,42.33717],[-71.05896,42.33743],[-71.05876,42.3376],[-71.05841,42.3379],[-71.05813,42.33812],[-71.05804,42.33819],[-71.05782,42.33836],[-71.05745,42.33863],[-71.05723,42.33881],[-71.05711,42.33891],[-71.05711,42.33882],[-71.05711,42.33834],[-71.05703,42.33832],[-71.05698,42.33831],[-71.05693,42.33832],[-71.05688,42.33834],[-71.05682,42.33837],[-71.05677,42.33839],[-71.05624,42.33888],[-71.05597,42.33909],[-71.05551,42.33949],[-71.05518,42.33977],[-71.05477,42.3401],[-71.05438,42.34044],[-71.05393,42.3408],[-71.05374,42.34068],[-71.05354,42.34055],[-71.05323,42.34035],[-71.05259,42.33994],[-71.05238,42.33981],[-71.0519,42.3402],[-71.05145,42.3406],[-71.05114,42.34086],[-71.05099,42.34098],[-71.05082,42.34113],[-71.05016,42.3417],[-71.05088,42.34216],[-71.0514,42.3425],[-71.05164,42.34267],[-71.05169,42.34268],[-71.05172,42.34268],[-71.05178,42.34265],[-71.05192,42.34254],[-71.05236,42.34213],[-71.0528,42.34243],[-71.05287,42.34248],[-71.0529,42.3425],[-71.05301,42.34256],[-71.05315,42.34261],[-71.05429,42.34287],[-71.05492,42.343],[-71.05522,42.34308],[-71.05624,42.34333],[-71.0569,42.34348],[-71.05723,42.34355],[-71.05724,42.34399],[-71.05725,42.34419],[-71.05726,42.34455],[-71.05724,42.34488],[-71.05705,42.34562],[-71.05647,42.34612]]]}},{"type":"Feature","properties":{"id":"0602","ward":6,"precinct":2},"geometry":{"type":"Polygon","coordinates":[[[-71.04776,42.33682],[-71.0493,42.33781],[-71.04975,42.33811],[-71.05003,42.33829],[-71.05014,42.33836],[-71.05062,42.33866],[-71.05084,42.3388],[-71.05101,42.33891],[-71.05131,42.33913],[-71.05165,42.33934],[-71.05217,42.33967],[-71.05238,42.33981],[-71.05259,42.33994],[-71.05323,42.34035],[-71.05354,42.34055],[-71.05374,42.34068],[-71.05393,42.3408],[-71.05438,42.34044],[-71.05477,42.3401],[-71.05518,42.33977],[-71.05551,42.33949],[-71.05597,42.33909],[-71.05624,42.33888],[-71.05551,42.33842],[-71.05538,42.33833],[-71.05482,42.33797],[-71.05457,42.33779],[-71.05415,42.33753],[-71.05393,42.33739],[-71.05319,42.33801],[-71.05241,42.3375],[-71.05213,42.33733],[-71.0517,42.33707],[-71.05121,42.33673],[-71.05102,42.33661],[-71.05085,42.33649],[-71.04932,42.33551],[-71.04896,42.33581],[-71.04859,42.33612],[-71.04818,42.33647],[-71.04776,42.33682]]]}},{"type":"Feature","properties":{"id":"0603","ward":6,"precinct":3},"geometry":{"type":"Polygon","coordinates":[[[-71.05696,42.33772],[-71.05691,42.33787],[-71.05671,42.33757],[-71.05655,42.33729],[-71.05635,42.33697],[-71.05612,42.33659],[-71.05586,42.33613],[-71.05568,42.33586],[-71.0556,42.33574],[-71.05522,42.33514],[-71.05507,42.33526],[-71.05492,42.33538],[-71.05467,42.33559],[-71.05442,42.33541],[-71.05409,42.33521],[-71.05371,42.33495],[-71.05341,42.33469],[-71.05319,42.33452],[-71.05286,42.33426],[-71.05239,42.33391],[-71.05227,42.33381],[-71.05211,42.33365],[-71.05179,42.33342],[-71.05147,42.33365],[-71.05104,42.33404],[-71.05077,42.33425],[-71.05041,42.33456],[-71.05004,42.33489],[-71.04969,42.33518],[-71.04932,42.33551],[-71.05085,42.33649],[-71.05102,42.33661],[-71.05121,42.33673],[-71.0517,42.33707],[-71.05213,42.33733],[-71.05241,42.3375],[-71.05319,42.33801],[-71.05393,42.33739],[-71.05415,42.33753],[-71.05457,42.33779],[-71.05482,42.33797],[-71.05538,42.33833],[-71.05551,42.33842],[-71.05624,42.33888],[-71.05677,42.33839],[-71.05682,42.33837],[-71.05688,42.33834],[-71.05693,42.33832],[-71.05698,42.33831],[-71.05703,42.33832],[-71.05711,42.33834],[-71.05712,42.33791],[-71.05696,42.33772]]]}},{"type":"Feature","properties":{"id":"0604","ward":6,"precinct":4},"geometry":{"type":"Polygon","coordinates":[[[-71.04153,42.33467],[-71.04155,42.33553],[-71.04427,42.33548],[-71.04544,42.33546],[-71.04507,42.33582],[-71.04462,42.33617],[-71.04441,42.33633],[-71.04427,42.33645],[-71.04395,42.33672],[-71.04361,42.337],[-71.0433,42.33728],[-71.04248,42.33802],[-71.04398,42.338],[-71.04438,42.33799],[-71.04477,42.33821],[-71.04529,42.33856],[-71.04556,42.33873],[-71.04587,42.33845],[-71.0462,42.33816],[-71.04652,42.33789],[-71.04685,42.3376],[-71.04727,42.33724],[-71.04776,42.33682],[-71.04818,42.33647],[-71.04859,42.33612],[-71.04759,42.33546],[-71.04676,42.33497],[-71.04624,42.33456],[-71.0462,42.33453],[-71.04558,42.33453],[-71.04497,42.33454],[-71.04424,42.3346],[-71.04294,42.33463],[-71.04153,42.33467]]]}},{"type":"Feature","properties":{"id":"0605","ward":6,"precinct":5},"geometry":{"type":"Polygon","coordinates":[[[-71.04248,42.33802],[-71.0433,42.33728],[-71.04361,42.337],[-71.04395,42.33672],[-71.04427,42.33645],[-71.04441,42.33633],[-71.04462,42.33617],[-71.04507,42.33582],[-71.04544,42.33546],[-71.04427,42.33548],[-71.04155,42.33553],[-71.04073,42.33554],[-71.03996,42.33556],[-71.03743,42.3356],[-71.03744,42.33614],[-71.03745,42.33647],[-71.03748,42.33729],[-71.03752,42.3381],[-71.03779,42.3381],[-71.03877,42.33809],[-71.03999,42.33806],[-71.04052,42.33806],[-71.04161,42.33804],[-71.04248,42.33802]]]}},{"type":"Feature","properties":{"id":"0606","ward":6,"precinct":6},"geometry":{"type":"Polygon","coordinates":[[[-71.04151,42.33384],[-71.03995,42.33387],[-71.03889,42.33388],[-71.03736,42.33391],[-71.03534,42.33394],[-71.03509,42.33395],[-71.03428,42.33397],[-71.0333,42.33399],[-71.03331,42.33463],[-71.03332,42.33481],[-71.03335,42.33567],[-71.03337,42.33654],[-71.03339,42.33735],[-71.03461,42.33733],[-71.03547,42.33733],[-71.03549,42.33815],[-71.03644,42.33813],[-71.03752,42.3381],[-71.03748,42.33729],[-71.03745,42.33647],[-71.03744,42.33614],[-71.03743,42.3356],[-71.03996,42.33556],[-71.04073,42.33554],[-71.04155,42.33553],[-71.04153,42.33467],[-71.04151,42.33384]]]}},{"type":"Feature","properties":{"id":"0607","ward":6,"precinct":7},"geometry":{"type":"Polygon","coordinates":[[[-71.03898,42.34417],[-71.03899,42.34382],[-71.03895,42.34359],[-71.03888,42.34332],[-71.03882,42.343],[-71.03882,42.34292],[-71.03886,42.3428],[-71.03893,42.34271],[-71.03977,42.34177],[-71.04106,42.3406],[-71.04185,42.33989],[-71.04219,42.33959],[-71.04337,42.33854],[-71.04398,42.338],[-71.04248,42.33802],[-71.04161,42.33804],[-71.04052,42.33806],[-71.03999,42.33806],[-71.03877,42.33809],[-71.03779,42.3381],[-71.03752,42.3381],[-71.03644,42.33813],[-71.03549,42.33815],[-71.03547,42.33733],[-71.03461,42.33733],[-71.03339,42.33735],[-71.03337,42.33654],[-71.03335,42.33567],[-71.03129,42.3357],[-71.02923,42.33574],[-71.02719,42.33577],[-71.02507,42.33581],[-71.02509,42.33667],[-71.02511,42.33749],[-71.02513,42.33832],[-71.02519,42.33844],[-71.02519,42.33961],[-71.02513,42.34152],[-71.02519,42.34246],[-71.02717,42.34243],[-71.03059,42.34237],[-71.03612,42.34224],[-71.03629,42.34222],[-71.03634,42.34227],[-71.03688,42.34279],[-71.03716,42.34302],[-71.03732,42.34313],[-71.03745,42.34322],[-71.03773,42.34342],[-71.03805,42.34364],[-71.03838,42.34379],[-71.03898,42.34417]]]}},{"type":"Feature","properties":{"id":"0608","ward":6,"precinct":8},"geometry":{"type":"Polygon","coordinates":[[[-71.04148,42.33302],[-71.04095,42.33303],[-71.04075,42.33303],[-71.03993,42.33304],[-71.03909,42.33307],[-71.03863,42.33309],[-71.03734,42.33309],[-71.03532,42.33312],[-71.0353,42.3323],[-71.03453,42.33231],[-71.03432,42.33232],[-71.03326,42.33234],[-71.03256,42.33235],[-71.03189,42.33236],[-71.03119,42.33237],[-71.03123,42.33319],[-71.03124,42.33363],[-71.03125,42.33401],[-71.03128,42.33484],[-71.02921,42.33487],[-71.02923,42.33574],[-71.03129,42.3357],[-71.03335,42.33567],[-71.03332,42.33481],[-71.03331,42.33463],[-71.0333,42.33399],[-71.03428,42.33397],[-71.03509,42.33395],[-71.03534,42.33394],[-71.03736,42.33391],[-71.03889,42.33388],[-71.03995,42.33387],[-71.04151,42.33384],[-71.0415,42.33343],[-71.04148,42.33302]]]}},{"type":"Feature","properties":{"id":"0609","ward":6,"precinct":9},"geometry":{"type":"Polygon","coordinates":[[[-70.97509,42.34351],[-70.98817,42.34346],[-70.99579,42.34319],[-71.00343,42.34287],[-71.01099,42.34271],[-71.01236,42.34268],[-71.01243,42.34268],[-71.02519,42.34246],[-71.02513,42.34152],[-71.02519,42.33961],[-71.02519,42.33844],[-71.02513,42.33832],[-71.02511,42.33749],[-71.02509,42.33667],[-71.02507,42.33581],[-71.02719,42.33577],[-71.02923,42.33574],[-71.02921,42.33487],[-71.03128,42.33484],[-71.03125,42.33401],[-71.03124,42.33363],[-71.03123,42.33319],[-71.03119,42.33237],[-71.02914,42.33241],[-71.02818,42.3324],[-71.02769,42.3324],[-71.0271,42.33259],[-71.02708,42.33242],[-71.02581,42.33255],[-71.02531,42.33267],[-71.02524,42.33253],[-71.02521,42.33251],[-71.02501,42.33255],[-71.02507,42.33115],[-71.02517,42.32875],[-71.02354,42.32871],[-71.00396,42.32872],[-70.99252,42.32872],[-70.99081,42.32883],[-70.99056,42.32885],[-70.98662,42.32911],[-70.98263,42.32901],[-70.97839,42.32891],[-70.97509,42.34351]]]}},{"type":"Feature","properties":{"id":"0610","ward":6,"precinct":10},"geometry":{"type":"Polygon","coordinates":[[[-71.05016,42.3417],[-71.05082,42.34113],[-71.05099,42.34098],[-71.05114,42.34086],[-71.05145,42.3406],[-71.0519,42.3402],[-71.05238,42.33981],[-71.05217,42.33967],[-71.05165,42.33934],[-71.05131,42.33913],[-71.05101,42.33891],[-71.05084,42.3388],[-71.05062,42.33866],[-71.05014,42.33836],[-71.05003,42.33829],[-71.04975,42.33811],[-71.0493,42.33781],[-71.04776,42.33682],[-71.04727,42.33724],[-71.04685,42.3376],[-71.04652,42.33789],[-71.0462,42.33816],[-71.04587,42.33845],[-71.04556,42.33873],[-71.04609,42.33906],[-71.04666,42.33944],[-71.04707,42.33971],[-71.0486,42.34069],[-71.0492,42.34108],[-71.04942,42.34122],[-71.05016,42.3417]]]}},{"type":"Feature","properties":{"id":"0611","ward":6,"precinct":11},"geometry":{"type":"Polygon","coordinates":[[[-71.05004,42.35386],[-71.05136,42.35214],[-71.05146,42.35204],[-71.05146,42.35194],[-71.05209,42.35123],[-71.05219,42.35113],[-71.05219,42.35093],[-71.05463,42.34743],[-71.05477,42.34726],[-71.05472,42.34709],[-71.05472,42.34705],[-71.05479,42.34688],[-71.05447,42.34679],[-71.05617,42.34627],[-71.05647,42.34612],[-71.05705,42.34562],[-71.05724,42.34488],[-71.05726,42.34455],[-71.05725,42.34419],[-71.05724,42.34399],[-71.05723,42.34355],[-71.0569,42.34348],[-71.05624,42.34333],[-71.05522,42.34308],[-71.05492,42.343],[-71.05429,42.34287],[-71.05315,42.34261],[-71.05301,42.34256],[-71.0529,42.3425],[-71.05287,42.34248],[-71.0528,42.34243],[-71.05236,42.34213],[-71.05192,42.34254],[-71.05178,42.34265],[-71.05172,42.34268],[-71.05169,42.34268],[-71.05164,42.34267],[-71.0514,42.3425],[-71.05088,42.34216],[-71.05016,42.3417],[-71.04942,42.34122],[-71.0492,42.34108],[-71.0486,42.34069],[-71.04707,42.33971],[-71.04666,42.33944],[-71.04609,42.33906],[-71.04556,42.33873],[-71.04529,42.33856],[-71.04477,42.33821],[-71.04438,42.33799],[-71.04398,42.338],[-71.04337,42.33854],[-71.04219,42.33959],[-71.04185,42.33989],[-71.04106,42.3406],[-71.03977,42.34177],[-71.03893,42.34271],[-71.03886,42.3428],[-71.03882,42.34292],[-71.03882,42.343],[-71.03888,42.34332],[-71.03895,42.34359],[-71.03899,42.34382],[-71.03898,42.34417],[-71.03935,42.3444],[-71.03949,42.3445],[-71.04001,42.34484],[-71.04043,42.3451],[-71.04062,42.34523],[-71.04208,42.34618],[-71.04215,42.34621],[-71.0422,42.34624],[-71.04225,42.34627],[-71.04299,42.34666],[-71.04378,42.34708],[-71.04389,42.34713],[-71.04406,42.34723],[-71.04412,42.34726],[-71.04545,42.34796],[-71.04548,42.34797],[-71.04555,42.348],[-71.04571,42.34808],[-71.04596,42.34821],[-71.04608,42.34826],[-71.04612,42.34828],[-71.0462,42.34832],[-71.04639,42.3484],[-71.04658,42.34848],[-71.04673,42.34856],[-71.04764,42.34897],[-71.04757,42.34907],[-71.04721,42.34957],[-71.0461,42.35101],[-71.04589,42.35128],[-71.04557,42.35171],[-71.04604,42.35193],[-71.04618,42.35199],[-71.04671,42.35224],[-71.04755,42.35262],[-71.04785,42.35276],[-71.04844,42.35306],[-71.04912,42.3534],[-71.05004,42.35386]]]}},{"type":"Feature","properties":{"id":"0612","ward":6,"precinct":12},"geometry":{"type":"Polygon","coordinates":[[[-71.0426,42.36381],[-71.0455,42.35983],[-71.04557,42.35974],[-71.04907,42.35495],[-71.04933,42.35459],[-71.0494,42.35451],[-71.0496,42.35451],[-71.04969,42.35432],[-71.04996,42.35396],[-71.05004,42.35386],[-71.04912,42.3534],[-71.04844,42.35306],[-71.04785,42.35276],[-71.04755,42.35262],[-71.04671,42.35224],[-71.04618,42.35199],[-71.04604,42.35193],[-71.04557,42.35171],[-71.04589,42.35128],[-71.0461,42.35101],[-71.04721,42.34957],[-71.04757,42.34907],[-71.04764,42.34897],[-71.04673,42.34856],[-71.04658,42.34848],[-71.04639,42.3484],[-71.0462,42.34832],[-71.04612,42.34828],[-71.04608,42.34826],[-71.04596,42.34821],[-71.04571,42.34808],[-71.04555,42.348],[-71.04548,42.34797],[-71.04545,42.34796],[-71.04412,42.34726],[-71.04406,42.34723],[-71.04389,42.34713],[-71.04378,42.34708],[-71.04299,42.34666],[-71.04225,42.34627],[-71.0422,42.34624],[-71.04215,42.34621],[-71.04208,42.34618],[-71.04062,42.34523],[-71.04043,42.3451],[-71.04001,42.34484],[-71.03949,42.3445],[-71.03935,42.3444],[-71.03898,42.34417],[-71.03838,42.34379],[-71.03805,42.34364],[-71.03773,42.34342],[-71.03745,42.34322],[-71.03732,42.34313],[-71.03716,42.34302],[-71.03688,42.34279],[-71.03634,42.34227],[-71.03629,42.34222],[-71.03612,42.34224],[-71.03059,42.34237],[-71.02717,42.34243],[-71.02519,42.34246],[-71.01243,42.34268],[-71.01236,42.34268],[-71.01099,42.34271],[-71.0269,42.35311],[-71.02827,42.35404],[-71.02836,42.35411],[-71.03963,42.36179],[-71.04013,42.36212],[-71.0413,42.36292],[-71.0426,42.36381]]]}},{"type":"Feature","properties":{"id":"0701","ward":7,"precinct":1},"geometry":{"type":"Polygon","coordinates":[[[-71.02517,42.32875],[-71.02507,42.33115],[-71.02501,42.33255],[-71.02521,42.33251],[-71.02524,42.33253],[-71.02531,42.33267],[-71.02581,42.33255],[-71.02708,42.33242],[-71.0271,42.33259],[-71.02769,42.3324],[-71.02818,42.3324],[-71.02914,42.33241],[-71.03119,42.33237],[-71.03189,42.33236],[-71.03256,42.33235],[-71.03326,42.33234],[-71.03432,42.33232],[-71.03453,42.33231],[-71.0353,42.3323],[-71.03527,42.33148],[-71.03525,42.33065],[-71.03602,42.33063],[-71.03727,42.33062],[-71.03809,42.33061],[-71.0383,42.3306],[-71.03981,42.33057],[-71.03978,42.33026],[-71.03979,42.3301],[-71.03988,42.32964],[-71.03985,42.3292],[-71.03983,42.32876],[-71.03979,42.32825],[-71.03974,42.3274],[-71.03973,42.32721],[-71.03958,42.32475],[-71.03719,42.32481],[-71.03489,42.32481],[-71.03309,42.32481],[-71.0282,42.32461],[-71.02829,42.32874],[-71.02517,42.32875]]]}},{"type":"Feature","properties":{"id":"0702","ward":7,"precinct":2},"geometry":{"type":"Polygon","coordinates":[[[-71.03981,42.33057],[-71.0383,42.3306],[-71.03809,42.33061],[-71.03727,42.33062],[-71.03602,42.33063],[-71.03525,42.33065],[-71.03527,42.33148],[-71.0353,42.3323],[-71.03532,42.33312],[-71.03734,42.33309],[-71.03863,42.33309],[-71.03909,42.33307],[-71.03993,42.33304],[-71.04075,42.33303],[-71.04095,42.33303],[-71.04148,42.33302],[-71.04146,42.33261],[-71.04145,42.33242],[-71.04145,42.3322],[-71.04143,42.33138],[-71.04141,42.33052],[-71.03981,42.33057]]]}},{"type":"Feature","properties":{"id":"0703","ward":7,"precinct":3},"geometry":{"type":"Polygon","coordinates":[[[-71.03958,42.32475],[-71.03973,42.32721],[-71.03974,42.3274],[-71.03979,42.32825],[-71.03983,42.32876],[-71.03985,42.3292],[-71.03988,42.32964],[-71.03979,42.3301],[-71.03978,42.33026],[-71.03981,42.33057],[-71.04141,42.33052],[-71.04143,42.33138],[-71.04145,42.3322],[-71.04145,42.33242],[-71.04146,42.33261],[-71.04148,42.33302],[-71.0415,42.33343],[-71.04151,42.33384],[-71.04153,42.33467],[-71.04294,42.33463],[-71.04424,42.3346],[-71.04497,42.33454],[-71.04558,42.33453],[-71.04558,42.33363],[-71.0459,42.33362],[-71.04623,42.33358],[-71.04665,42.33345],[-71.04709,42.33321],[-71.04728,42.33298],[-71.04728,42.33286],[-71.04725,42.3327],[-71.04715,42.33256],[-71.04702,42.33243],[-71.04679,42.3323],[-71.0465,42.3322],[-71.04616,42.33213],[-71.0462,42.33175],[-71.0462,42.33127],[-71.04616,42.33044],[-71.04738,42.33043],[-71.04739,42.33014],[-71.04807,42.33011],[-71.04822,42.33011],[-71.04775,42.32996],[-71.04738,42.32974],[-71.04717,42.32952],[-71.04705,42.32926],[-71.04703,42.32898],[-71.04708,42.32865],[-71.04673,42.32889],[-71.04652,42.32841],[-71.04672,42.32821],[-71.0469,42.32797],[-71.04709,42.3277],[-71.04738,42.32719],[-71.04746,42.32707],[-71.04759,42.32675],[-71.04777,42.32609],[-71.04785,42.32563],[-71.04786,42.32483],[-71.04776,42.32455],[-71.04773,42.3243],[-71.0476,42.32383],[-71.04751,42.32371],[-71.0474,42.32362],[-71.04712,42.3235],[-71.0468,42.32344],[-71.04632,42.32343],[-71.04623,42.32329],[-71.04579,42.32357],[-71.04541,42.32381],[-71.04511,42.324],[-71.045,42.3246],[-71.04452,42.32462],[-71.03958,42.32475]]]}},{"type":"Feature","properties":{"id":"0704","ward":7,"precinct":4},"geometry":{"type":"Polygon","coordinates":[[[-71.04558,42.33453],[-71.0462,42.33453],[-71.04624,42.33456],[-71.04676,42.33497],[-71.04759,42.33546],[-71.04859,42.33612],[-71.04896,42.33581],[-71.04932,42.33551],[-71.04969,42.33518],[-71.05004,42.33489],[-71.04885,42.3341],[-71.0488,42.33406],[-71.04909,42.33392],[-71.04905,42.33385],[-71.04903,42.33295],[-71.04902,42.33154],[-71.04856,42.33125],[-71.04894,42.33082],[-71.04905,42.33069],[-71.04935,42.33035],[-71.04891,42.33037],[-71.04817,42.3304],[-71.04796,42.33041],[-71.04738,42.33043],[-71.04616,42.33044],[-71.0462,42.33127],[-71.0462,42.33175],[-71.04616,42.33213],[-71.0465,42.3322],[-71.04679,42.3323],[-71.04702,42.33243],[-71.04715,42.33256],[-71.04725,42.3327],[-71.04728,42.33286],[-71.04728,42.33298],[-71.04709,42.33321],[-71.04665,42.33345],[-71.04623,42.33358],[-71.0459,42.33362],[-71.04558,42.33363],[-71.04558,42.33453]]]}},{"type":"Feature","properties":{"id":"0705","ward":7,"precinct":5},"geometry":{"type":"Polygon","coordinates":[[[-71.05929,42.32998],[-71.05916,42.33184],[-71.05698,42.33188],[-71.05688,42.33186],[-71.05682,42.33185],[-71.05654,42.33176],[-71.05641,42.33171],[-71.0563,42.33164],[-71.05595,42.33125],[-71.0556,42.33086],[-71.05529,42.33051],[-71.05527,42.33042],[-71.05444,42.33079],[-71.054,42.331],[-71.05388,42.33107],[-71.05362,42.33123],[-71.05357,42.33126],[-71.05334,42.3314],[-71.05315,42.33153],[-71.05305,42.33159],[-71.05296,42.33139],[-71.0528,42.33102],[-71.05278,42.33098],[-71.05229,42.33143],[-71.05189,42.33179],[-71.0516,42.3316],[-71.05128,42.3314],[-71.05106,42.33158],[-71.05076,42.33185],[-71.04952,42.33107],[-71.04902,42.33154],[-71.04903,42.33295],[-71.04905,42.33385],[-71.04909,42.33392],[-71.0488,42.33406],[-71.04885,42.3341],[-71.05004,42.33489],[-71.05041,42.33456],[-71.05077,42.33425],[-71.05104,42.33404],[-71.05147,42.33365],[-71.05179,42.33342],[-71.05211,42.33365],[-71.05227,42.33381],[-71.05239,42.33391],[-71.05286,42.33426],[-71.05319,42.33452],[-71.05341,42.33469],[-71.05371,42.33495],[-71.05409,42.33521],[-71.05442,42.33541],[-71.05467,42.33559],[-71.05492,42.33538],[-71.05507,42.33526],[-71.05522,42.33514],[-71.0556,42.33574],[-71.05568,42.33586],[-71.05586,42.33613],[-71.05612,42.33659],[-71.05635,42.33697],[-71.05655,42.33729],[-71.05671,42.33757],[-71.05691,42.33787],[-71.05696,42.33772],[-71.05712,42.33791],[-71.05711,42.33834],[-71.05711,42.33882],[-71.05711,42.33891],[-71.05723,42.33881],[-71.05745,42.33863],[-71.05782,42.33836],[-71.05804,42.33819],[-71.05813,42.33812],[-71.05841,42.3379],[-71.05876,42.3376],[-71.05896,42.33743],[-71.05928,42.33717],[-71.05953,42.337],[-71.05958,42.33696],[-71.05965,42.33691],[-71.0597,42.33687],[-71.0597,42.33681],[-71.06004,42.33652],[-71.06004,42.33657],[-71.06018,42.33635],[-71.06028,42.33616],[-71.06044,42.33572],[-71.06045,42.3357],[-71.06058,42.33545],[-71.06101,42.33479],[-71.06144,42.33411],[-71.06216,42.33297],[-71.0625,42.33244],[-71.06254,42.33237],[-71.06257,42.33233],[-71.0626,42.33228],[-71.0627,42.33214],[-71.0628,42.33198],[-71.06291,42.33181],[-71.06355,42.3308],[-71.06351,42.33079],[-71.06328,42.33074],[-71.06314,42.33072],[-71.06298,42.33069],[-71.06166,42.33042],[-71.06138,42.33038],[-71.06106,42.33032],[-71.0608,42.33026],[-71.06078,42.33026],[-71.06022,42.33014],[-71.05929,42.32998]]]}},{"type":"Feature","properties":{"id":"0706","ward":7,"precinct":6},"geometry":{"type":"Polygon","coordinates":[[[-71.05929,42.32998],[-71.05925,42.32966],[-71.05915,42.32929],[-71.05895,42.3288],[-71.05858,42.32817],[-71.05812,42.32752],[-71.05798,42.32784],[-71.05785,42.32815],[-71.05775,42.32838],[-71.0573,42.32912],[-71.05718,42.32924],[-71.05715,42.32931],[-71.05702,42.32952],[-71.057,42.32922],[-71.05694,42.32904],[-71.05693,42.32856],[-71.05628,42.32858],[-71.05569,42.32858],[-71.05526,42.32859],[-71.0547,42.32859],[-71.05427,42.3286],[-71.05373,42.3286],[-71.05345,42.3286],[-71.05262,42.32861],[-71.05223,42.32907],[-71.05212,42.32907],[-71.05202,42.3291],[-71.05193,42.32916],[-71.05185,42.32925],[-71.05182,42.32932],[-71.05181,42.32938],[-71.05183,42.32944],[-71.05188,42.32951],[-71.05212,42.32963],[-71.05182,42.32958],[-71.05172,42.32959],[-71.05162,42.32966],[-71.05153,42.32972],[-71.05142,42.32981],[-71.05124,42.32991],[-71.05115,42.32995],[-71.05075,42.33012],[-71.05042,42.33022],[-71.05013,42.33031],[-71.04987,42.33033],[-71.04951,42.33035],[-71.04935,42.33035],[-71.04905,42.33069],[-71.04894,42.33082],[-71.04856,42.33125],[-71.04902,42.33154],[-71.04952,42.33107],[-71.05076,42.33185],[-71.05106,42.33158],[-71.05128,42.3314],[-71.0516,42.3316],[-71.05189,42.33179],[-71.05229,42.33143],[-71.05278,42.33098],[-71.0528,42.33102],[-71.05296,42.33139],[-71.05305,42.33159],[-71.05315,42.33153],[-71.05334,42.3314],[-71.05357,42.33126],[-71.05362,42.33123],[-71.05388,42.33107],[-71.054,42.331],[-71.05444,42.33079],[-71.05527,42.33042],[-71.05529,42.33051],[-71.0556,42.33086],[-71.05595,42.33125],[-71.0563,42.33164],[-71.05641,42.33171],[-71.05654,42.33176],[-71.05682,42.33185],[-71.05688,42.33186],[-71.05698,42.33188],[-71.05916,42.33184],[-71.05929,42.32998]]]}},{"type":"Feature","properties":{"id":"0707","ward":7,"precinct":7},"geometry":{"type":"Polygon","coordinates":[[[-71.04623,42.32329],[-71.04632,42.32343],[-71.0468,42.32344],[-71.04712,42.3235],[-71.0474,42.32362],[-71.04751,42.32371],[-71.0476,42.32383],[-71.04773,42.3243],[-71.04776,42.32455],[-71.04786,42.32483],[-71.04785,42.32563],[-71.04777,42.32609],[-71.04759,42.32675],[-71.04746,42.32707],[-71.04738,42.32719],[-71.04709,42.3277],[-71.0469,42.32797],[-71.04672,42.32821],[-71.04652,42.32841],[-71.04673,42.32889],[-71.04708,42.32865],[-71.04703,42.32898],[-71.04705,42.32926],[-71.04717,42.32952],[-71.04738,42.32974],[-71.04775,42.32996],[-71.04822,42.33011],[-71.04807,42.33011],[-71.04739,42.33014],[-71.04738,42.33043],[-71.04796,42.33041],[-71.04817,42.3304],[-71.04891,42.33037],[-71.04935,42.33035],[-71.04951,42.33035],[-71.04987,42.33033],[-71.05013,42.33031],[-71.05042,42.33022],[-71.05075,42.33012],[-71.05115,42.32995],[-71.05124,42.32991],[-71.05142,42.32981],[-71.05153,42.32972],[-71.05162,42.32966],[-71.05172,42.32959],[-71.05182,42.32958],[-71.05212,42.32963],[-71.05188,42.32951],[-71.05183,42.32944],[-71.05181,42.32938],[-71.05182,42.32932],[-71.05185,42.32925],[-71.05193,42.32916],[-71.05202,42.3291],[-71.05212,42.32907],[-71.05223,42.32907],[-71.05262,42.32861],[-71.05345,42.3286],[-71.05373,42.3286],[-71.05427,42.3286],[-71.0547,42.32859],[-71.05526,42.32859],[-71.05569,42.32858],[-71.05628,42.32858],[-71.05693,42.32856],[-71.05692,42.32804],[-71.05644,42.32803],[-71.05624,42.32803],[-71.05617,42.32802],[-71.0561,42.32799],[-71.05606,42.32795],[-71.05602,42.32787],[-71.056,42.32778],[-71.05598,42.32686],[-71.05637,42.32686],[-71.05687,42.32688],[-71.05685,42.3263],[-71.05593,42.32557],[-71.05513,42.32502],[-71.0543,42.32443],[-71.05379,42.324],[-71.05329,42.32345],[-71.05316,42.32328],[-71.0529,42.32288],[-71.0527,42.32235],[-71.05258,42.32194],[-71.05246,42.32147],[-71.05229,42.32147],[-71.05209,42.32148],[-71.05204,42.32147],[-71.05199,42.32147],[-71.05181,42.32145],[-71.05155,42.32144],[-71.05137,42.32142],[-71.05123,42.32141],[-71.05107,42.32146],[-71.05092,42.32154],[-71.05073,42.32171],[-71.05053,42.32185],[-71.05024,42.32203],[-71.05028,42.32189],[-71.05028,42.32187],[-71.04943,42.32215],[-71.04784,42.3226],[-71.04623,42.32329]]]}},{"type":"Feature","properties":{"id":"0708","ward":7,"precinct":8},"geometry":{"type":"Polygon","coordinates":[[[-71.06355,42.3308],[-71.06432,42.32958],[-71.06549,42.32774],[-71.06639,42.32633],[-71.06643,42.32626],[-71.06611,42.32584],[-71.06574,42.32537],[-71.06527,42.32483],[-71.06519,42.32475],[-71.06452,42.32393],[-71.06438,42.32376],[-71.06417,42.32355],[-71.06413,42.32351],[-71.06404,42.32357],[-71.06389,42.32362],[-71.06382,42.32367],[-71.06367,42.32361],[-71.06325,42.3235],[-71.06296,42.32341],[-71.06266,42.32327],[-71.06185,42.32282],[-71.06129,42.3225],[-71.06101,42.32243],[-71.06085,42.32276],[-71.06067,42.323],[-71.06042,42.32335],[-71.0602,42.32366],[-71.05954,42.32342],[-71.05873,42.32315],[-71.05773,42.32281],[-71.0568,42.32251],[-71.05678,42.32164],[-71.05678,42.32115],[-71.05676,42.3208],[-71.05677,42.32073],[-71.05658,42.32078],[-71.05608,42.32099],[-71.05584,42.3211],[-71.05564,42.32117],[-71.05533,42.32125],[-71.05498,42.32133],[-71.05471,42.32136],[-71.05445,42.32137],[-71.05414,42.32137],[-71.05366,42.3214],[-71.05348,42.32141],[-71.05335,42.32141],[-71.05294,42.32149],[-71.05257,42.32147],[-71.05246,42.32147],[-71.05258,42.32194],[-71.0527,42.32235],[-71.0529,42.32288],[-71.05316,42.32328],[-71.05329,42.32345],[-71.05379,42.324],[-71.0543,42.32443],[-71.05513,42.32502],[-71.05593,42.32557],[-71.05685,42.3263],[-71.05687,42.32688],[-71.05637,42.32686],[-71.05598,42.32686],[-71.056,42.32778],[-71.05602,42.32787],[-71.05606,42.32795],[-71.0561,42.32799],[-71.05617,42.32802],[-71.05624,42.32803],[-71.05644,42.32803],[-71.05692,42.32804],[-71.05693,42.32856],[-71.05694,42.32904],[-71.057,42.32922],[-71.05702,42.32952],[-71.05715,42.32931],[-71.05718,42.32924],[-71.0573,42.32912],[-71.05775,42.32838],[-71.05785,42.32815],[-71.05798,42.32784],[-71.05812,42.32752],[-71.05858,42.32817],[-71.05895,42.3288],[-71.05915,42.32929],[-71.05925,42.32966],[-71.05929,42.32998],[-71.06022,42.33014],[-71.06078,42.33026],[-71.0608,42.33026],[-71.06106,42.33032],[-71.06138,42.33038],[-71.06166,42.33042],[-71.06298,42.33069],[-71.06314,42.33072],[-71.06328,42.33074],[-71.06351,42.33079],[-71.06355,42.3308]]]}},{"type":"Feature","properties":{"id":"0709","ward":7,"precinct":9},"geometry":{"type":"Polygon","coordinates":[[[-71.06751,42.32331],[-71.06691,42.32259],[-71.06648,42.3221],[-71.06609,42.32165],[-71.06594,42.32151],[-71.06576,42.32138],[-71.0656,42.3213],[-71.0655,42.32127],[-71.06538,42.32124],[-71.06443,42.32112],[-71.06359,42.32104],[-71.06333,42.32102],[-71.06315,42.32099],[-71.06293,42.32092],[-71.06213,42.32057],[-71.06187,42.32049],[-71.06172,42.32048],[-71.06148,42.32051],[-71.06138,42.3204],[-71.06123,42.32021],[-71.06085,42.31992],[-71.06113,42.31948],[-71.0613,42.31915],[-71.06147,42.3188],[-71.06157,42.31861],[-71.06167,42.31839],[-71.06065,42.31814],[-71.05988,42.31798],[-71.05965,42.31872],[-71.0596,42.31888],[-71.05945,42.31878],[-71.05927,42.3187],[-71.05912,42.31866],[-71.05883,42.31861],[-71.05879,42.31867],[-71.05872,42.31875],[-71.05888,42.31895],[-71.05911,42.31921],[-71.05922,42.31933],[-71.05895,42.31932],[-71.05873,42.31934],[-71.05834,42.3194],[-71.05769,42.31954],[-71.05726,42.31969],[-71.05676,42.31986],[-71.05677,42.32073],[-71.05676,42.3208],[-71.05678,42.32115],[-71.05678,42.32164],[-71.0568,42.32251],[-71.05773,42.32281],[-71.05873,42.32315],[-71.05954,42.32342],[-71.0602,42.32366],[-71.06042,42.32335],[-71.06067,42.323],[-71.06085,42.32276],[-71.06101,42.32243],[-71.06129,42.3225],[-71.06185,42.32282],[-71.06266,42.32327],[-71.06296,42.32341],[-71.06325,42.3235],[-71.06367,42.32361],[-71.06382,42.32367],[-71.06389,42.32362],[-71.06404,42.32357],[-71.06413,42.32351],[-71.06417,42.32355],[-71.06438,42.32376],[-71.06452,42.32393],[-71.06519,42.32475],[-71.06527,42.32483],[-71.06574,42.32537],[-71.06611,42.32584],[-71.06643,42.32626],[-71.06666,42.32585],[-71.06693,42.32516],[-71.06708,42.32478],[-71.06717,42.32447],[-71.06734,42.32392],[-71.06751,42.32331]]]}},{"type":"Feature","properties":{"id":"0710","ward":7,"precinct":10},"geometry":{"type":"Polygon","coordinates":[[[-71.06875,42.3186],[-71.06824,42.31841],[-71.06797,42.3183],[-71.06743,42.31807],[-71.06724,42.31799],[-71.06684,42.31782],[-71.06656,42.31769],[-71.06622,42.31755],[-71.06542,42.31719],[-71.0652,42.31708],[-71.06501,42.317],[-71.06458,42.31682],[-71.06383,42.31651],[-71.06314,42.3162],[-71.06272,42.31601],[-71.06259,42.31625],[-71.06253,42.31641],[-71.06239,42.31674],[-71.06232,42.31696],[-71.06227,42.31708],[-71.06217,42.31732],[-71.06209,42.31749],[-71.06192,42.31791],[-71.06185,42.31805],[-71.06167,42.31839],[-71.06157,42.31861],[-71.06147,42.3188],[-71.0613,42.31915],[-71.06113,42.31948],[-71.06085,42.31992],[-71.06123,42.32021],[-71.06138,42.3204],[-71.06148,42.32051],[-71.06172,42.32048],[-71.06187,42.32049],[-71.06213,42.32057],[-71.06293,42.32092],[-71.06315,42.32099],[-71.06333,42.32102],[-71.06359,42.32104],[-71.06443,42.32112],[-71.06538,42.32124],[-71.0655,42.32127],[-71.0656,42.3213],[-71.06576,42.32138],[-71.06594,42.32151],[-71.06609,42.32165],[-71.06648,42.3221],[-71.06691,42.32259],[-71.06751,42.32331],[-71.06806,42.32129],[-71.06811,42.32111],[-71.06815,42.32094],[-71.06833,42.32027],[-71.06838,42.32004],[-71.06849,42.31963],[-71.06875,42.3186]]]}},{"type":"Feature","properties":{"id":"0801","ward":8,"precinct":1},"geometry":{"type":"Polygon","coordinates":[[[-71.06554,42.33916],[-71.06554,42.33916],[-71.06554,42.33916],[-71.065,42.33961],[-71.06706,42.34027],[-71.06768,42.34046],[-71.06802,42.34065],[-71.06859,42.34079],[-71.0693,42.34101],[-71.06941,42.34107],[-71.06956,42.34122],[-71.06961,42.34129],[-71.06967,42.34135],[-71.06983,42.34128],[-71.07007,42.34117],[-71.07071,42.3408],[-71.07109,42.34055],[-71.07183,42.34006],[-71.0725,42.33962],[-71.07265,42.33952],[-71.07363,42.33888],[-71.07379,42.33877],[-71.07429,42.33843],[-71.075,42.33794],[-71.07407,42.33714],[-71.07322,42.33646],[-71.07286,42.33678],[-71.07267,42.33692],[-71.07197,42.33751],[-71.07147,42.3379],[-71.07095,42.33831],[-71.07084,42.3384],[-71.07037,42.33879],[-71.06998,42.3385],[-71.06977,42.33834],[-71.06919,42.33787],[-71.06865,42.33743],[-71.06835,42.33718],[-71.06768,42.33765],[-71.0671,42.33808],[-71.06651,42.33849],[-71.06554,42.33916]]]}},{"type":"Feature","properties":{"id":"0802","ward":8,"precinct":2},"geometry":{"type":"Polygon","coordinates":[[[-71.06835,42.33718],[-71.06865,42.33743],[-71.06919,42.33787],[-71.06977,42.33834],[-71.06998,42.3385],[-71.07037,42.33879],[-71.07084,42.3384],[-71.07095,42.33831],[-71.07147,42.3379],[-71.07197,42.33751],[-71.07267,42.33692],[-71.07286,42.33678],[-71.07322,42.33646],[-71.07407,42.33714],[-71.075,42.33794],[-71.07567,42.33748],[-71.07638,42.33696],[-71.07694,42.33654],[-71.07656,42.33622],[-71.07652,42.33619],[-71.07506,42.335],[-71.07337,42.33362],[-71.07266,42.33304],[-71.07215,42.33274],[-71.07127,42.33345],[-71.07083,42.3338],[-71.07025,42.33418],[-71.06943,42.33464],[-71.06923,42.33474],[-71.06877,42.33492],[-71.06839,42.33508],[-71.0681,42.33516],[-71.06792,42.33519],[-71.06761,42.33525],[-71.06713,42.3353],[-71.06747,42.33538],[-71.06783,42.33545],[-71.06806,42.33555],[-71.06848,42.33573],[-71.06941,42.33642],[-71.06928,42.33652],[-71.06916,42.33661],[-71.06902,42.3367],[-71.06835,42.33718]]]}},{"type":"Feature","properties":{"id":"0803","ward":8,"precinct":3},"geometry":{"type":"Polygon","coordinates":[[[-71.07747,42.33091],[-71.07795,42.33061],[-71.07832,42.33038],[-71.07868,42.33014],[-71.0787,42.33002],[-71.07881,42.32974],[-71.07891,42.32952],[-71.07893,42.32946],[-71.07902,42.3293],[-71.07912,42.32895],[-71.07926,42.32852],[-71.07943,42.32853],[-71.08,42.32853],[-71.08025,42.32853],[-71.08089,42.32851],[-71.08081,42.32816],[-71.08068,42.32762],[-71.08036,42.32637],[-71.08032,42.32615],[-71.08032,42.326],[-71.0802,42.32594],[-71.07924,42.32526],[-71.07905,42.32514],[-71.07865,42.32488],[-71.07945,42.32427],[-71.0796,42.32417],[-71.07941,42.32407],[-71.0792,42.32398],[-71.07881,42.32381],[-71.07833,42.32361],[-71.07785,42.3234],[-71.07752,42.32327],[-71.07666,42.3229],[-71.07693,42.32253],[-71.0771,42.32229],[-71.07715,42.3222],[-71.07719,42.3221],[-71.07722,42.32198],[-71.07728,42.32182],[-71.07749,42.32128],[-71.07763,42.32092],[-71.07765,42.32085],[-71.07771,42.32064],[-71.07775,42.32044],[-71.07754,42.32044],[-71.07733,42.32044],[-71.07725,42.32045],[-71.07712,42.32046],[-71.07668,42.32049],[-71.07552,42.32058],[-71.07549,42.3207],[-71.07547,42.32083],[-71.07541,42.32115],[-71.07539,42.32122],[-71.0754,42.32124],[-71.0754,42.32126],[-71.07546,42.32128],[-71.07576,42.32134],[-71.07612,42.3214],[-71.07637,42.32145],[-71.07615,42.32155],[-71.0761,42.32162],[-71.07597,42.32189],[-71.07581,42.32203],[-71.07555,42.32224],[-71.0754,42.3224],[-71.07517,42.32265],[-71.07497,42.32284],[-71.07464,42.32325],[-71.07495,42.32348],[-71.07515,42.32368],[-71.07545,42.32389],[-71.07563,42.324],[-71.07575,42.32409],[-71.07581,42.32415],[-71.07554,42.32453],[-71.07525,42.32497],[-71.07509,42.32524],[-71.07508,42.32531],[-71.07505,42.32543],[-71.07507,42.32556],[-71.07518,42.32582],[-71.07525,42.32597],[-71.07529,42.32613],[-71.07527,42.3265],[-71.07521,42.32704],[-71.0752,42.32728],[-71.07514,42.32773],[-71.07507,42.32833],[-71.07502,42.32869],[-71.075,42.3289],[-71.07499,42.32908],[-71.07515,42.32907],[-71.0753,42.32909],[-71.07544,42.32914],[-71.07561,42.32923],[-71.07625,42.32979],[-71.0768,42.33027],[-71.07687,42.33032],[-71.07722,42.33067],[-71.07747,42.33091]]]}},{"type":"Feature","properties":{"id":"0804","ward":8,"precinct":4},"geometry":{"type":"Polygon","coordinates":[[[-71.07762,42.33601],[-71.07804,42.3357],[-71.07843,42.3354],[-71.07854,42.33531],[-71.07874,42.33514],[-71.07883,42.33507],[-71.07935,42.33466],[-71.07952,42.33452],[-71.07991,42.33419],[-71.0803,42.3338],[-71.08043,42.33364],[-71.08063,42.33338],[-71.08094,42.33294],[-71.08101,42.33282],[-71.08127,42.3325],[-71.08151,42.33221],[-71.08174,42.33195],[-71.08193,42.33177],[-71.08237,42.33139],[-71.08242,42.33135],[-71.08256,42.33122],[-71.08271,42.33108],[-71.08299,42.33084],[-71.08306,42.33067],[-71.08311,42.33051],[-71.08316,42.33032],[-71.0832,42.33011],[-71.08336,42.32942],[-71.08346,42.3288],[-71.08347,42.32872],[-71.08345,42.32866],[-71.08275,42.32861],[-71.08152,42.32849],[-71.08134,42.32849],[-71.08131,42.3285],[-71.08089,42.32851],[-71.08025,42.32853],[-71.08,42.32853],[-71.07943,42.32853],[-71.07926,42.32852],[-71.07912,42.32895],[-71.07902,42.3293],[-71.07893,42.32946],[-71.07891,42.32952],[-71.07881,42.32974],[-71.0787,42.33002],[-71.07868,42.33014],[-71.07832,42.33038],[-71.07795,42.33061],[-71.07747,42.33091],[-71.07699,42.3312],[-71.07688,42.33126],[-71.07617,42.33171],[-71.07565,42.332],[-71.07514,42.3323],[-71.07477,42.33254],[-71.07454,42.33271],[-71.07436,42.33286],[-71.07391,42.33323],[-71.07352,42.33352],[-71.07351,42.33353],[-71.07337,42.33362],[-71.07506,42.335],[-71.07652,42.33619],[-71.07656,42.33622],[-71.07694,42.33654],[-71.07702,42.33648],[-71.07762,42.33601]]]}},{"type":"Feature","properties":{"id":"0805","ward":8,"precinct":5},"geometry":{"type":"Polygon","coordinates":[[[-71.07508,42.32531],[-71.07509,42.32524],[-71.07525,42.32497],[-71.07554,42.32453],[-71.07581,42.32415],[-71.07575,42.32409],[-71.07563,42.324],[-71.07545,42.32389],[-71.07515,42.32368],[-71.07495,42.32348],[-71.07464,42.32325],[-71.07497,42.32284],[-71.07517,42.32265],[-71.0754,42.3224],[-71.07555,42.32224],[-71.07581,42.32203],[-71.07597,42.32189],[-71.0761,42.32162],[-71.07615,42.32155],[-71.07637,42.32145],[-71.07612,42.3214],[-71.07576,42.32134],[-71.07546,42.32128],[-71.0754,42.32126],[-71.0754,42.32124],[-71.07539,42.32122],[-71.07541,42.32115],[-71.07547,42.32083],[-71.07549,42.3207],[-71.07552,42.32058],[-71.07501,42.32064],[-71.07486,42.32066],[-71.07428,42.32073],[-71.07406,42.32076],[-71.07395,42.32078],[-71.07371,42.32085],[-71.07317,42.32104],[-71.07241,42.32131],[-71.07235,42.32133],[-71.0722,42.32137],[-71.07218,42.32117],[-71.07215,42.32106],[-71.07209,42.32096],[-71.07203,42.32087],[-71.07193,42.32076],[-71.07128,42.32017],[-71.07087,42.31979],[-71.07067,42.31956],[-71.07046,42.31933],[-71.07036,42.31925],[-71.0702,42.31916],[-71.06997,42.31905],[-71.0697,42.31896],[-71.0691,42.31874],[-71.06875,42.3186],[-71.06849,42.31963],[-71.06838,42.32004],[-71.06833,42.32027],[-71.06815,42.32094],[-71.06811,42.32111],[-71.06806,42.32129],[-71.06751,42.32331],[-71.06755,42.32335],[-71.06767,42.32347],[-71.06803,42.32388],[-71.0682,42.32408],[-71.0685,42.32438],[-71.06871,42.32462],[-71.06914,42.32506],[-71.06937,42.32524],[-71.06962,42.32544],[-71.07002,42.32573],[-71.07086,42.32628],[-71.07148,42.3267],[-71.0717,42.32659],[-71.07215,42.32636],[-71.07266,42.32603],[-71.07288,42.32591],[-71.07318,42.32572],[-71.07339,42.3256],[-71.07351,42.32555],[-71.07366,42.3255],[-71.07387,42.32545],[-71.07441,42.32532],[-71.0749,42.32522],[-71.07508,42.32531]]]}},{"type":"Feature","properties":{"id":"0806","ward":8,"precinct":6},"geometry":{"type":"Polygon","coordinates":[[[-71.06554,42.33916],[-71.06554,42.33916],[-71.06651,42.33849],[-71.0671,42.33808],[-71.06768,42.33765],[-71.06835,42.33718],[-71.06902,42.3367],[-71.06916,42.33661],[-71.06928,42.33652],[-71.06941,42.33642],[-71.06848,42.33573],[-71.06806,42.33555],[-71.06783,42.33545],[-71.06747,42.33538],[-71.06713,42.3353],[-71.06761,42.33525],[-71.06792,42.33519],[-71.0681,42.33516],[-71.06839,42.33508],[-71.06877,42.33492],[-71.06923,42.33474],[-71.06943,42.33464],[-71.07025,42.33418],[-71.07083,42.3338],[-71.07127,42.33345],[-71.07215,42.33274],[-71.07266,42.33304],[-71.07337,42.33362],[-71.07351,42.33353],[-71.07352,42.33352],[-71.07391,42.33323],[-71.07436,42.33286],[-71.07454,42.33271],[-71.07477,42.33254],[-71.07514,42.3323],[-71.07565,42.332],[-71.07617,42.33171],[-71.07688,42.33126],[-71.07699,42.3312],[-71.07747,42.33091],[-71.07722,42.33067],[-71.07687,42.33032],[-71.0768,42.33027],[-71.07625,42.32979],[-71.07561,42.32923],[-71.07544,42.32914],[-71.0753,42.32909],[-71.07515,42.32907],[-71.07499,42.32908],[-71.075,42.3289],[-71.07502,42.32869],[-71.07507,42.32833],[-71.07514,42.32773],[-71.0752,42.32728],[-71.07521,42.32704],[-71.07527,42.3265],[-71.07529,42.32613],[-71.07525,42.32597],[-71.07518,42.32582],[-71.07507,42.32556],[-71.07505,42.32543],[-71.07508,42.32531],[-71.0749,42.32522],[-71.07441,42.32532],[-71.07387,42.32545],[-71.07366,42.3255],[-71.07351,42.32555],[-71.07339,42.3256],[-71.07318,42.32572],[-71.07288,42.32591],[-71.07266,42.32603],[-71.07215,42.32636],[-71.0717,42.32659],[-71.07148,42.3267],[-71.07086,42.32628],[-71.07002,42.32573],[-71.06962,42.32544],[-71.06937,42.32524],[-71.06914,42.32506],[-71.06871,42.32462],[-71.0685,42.32438],[-71.0682,42.32408],[-71.06803,42.32388],[-71.06767,42.32347],[-71.06755,42.32335],[-71.06751,42.32331],[-71.06734,42.32392],[-71.06717,42.32447],[-71.06708,42.32478],[-71.06693,42.32516],[-71.06666,42.32585],[-71.06643,42.32626],[-71.06639,42.32633],[-71.06549,42.32774],[-71.06432,42.32958],[-71.06355,42.3308],[-71.06291,42.33181],[-71.0628,42.33198],[-71.0627,42.33214],[-71.0626,42.33228],[-71.06257,42.33233],[-71.06254,42.33237],[-71.0625,42.33244],[-71.06216,42.33297],[-71.06144,42.33411],[-71.06101,42.33479],[-71.06058,42.33545],[-71.06045,42.3357],[-71.06044,42.33572],[-71.06028,42.33616],[-71.06018,42.33635],[-71.06004,42.33657],[-71.06004,42.33652],[-71.0597,42.33681],[-71.0597,42.33687],[-71.05981,42.33814],[-71.06,42.34006],[-71.06003,42.3406],[-71.05998,42.34208],[-71.05995,42.34233],[-71.05988,42.34266],[-71.05978,42.34299],[-71.05969,42.34322],[-71.05954,42.34349],[-71.05949,42.34359],[-71.05948,42.3436],[-71.05939,42.34377],[-71.05927,42.344],[-71.05904,42.34435],[-71.0588,42.34471],[-71.05846,42.34522],[-71.05836,42.34536],[-71.05825,42.34551],[-71.05814,42.34566],[-71.05837,42.34563],[-71.05843,42.34561],[-71.05866,42.34557],[-71.05876,42.34556],[-71.05882,42.34545],[-71.05893,42.34533],[-71.059,42.34528],[-71.05911,42.34521],[-71.05927,42.34511],[-71.05937,42.3451],[-71.05956,42.34493],[-71.05964,42.34487],[-71.05986,42.34497],[-71.05995,42.34503],[-71.05997,42.34504],[-71.06012,42.34519],[-71.06027,42.34526],[-71.06035,42.34534],[-71.06049,42.34543],[-71.06046,42.34551],[-71.06043,42.34556],[-71.06056,42.34548],[-71.06068,42.34556],[-71.06072,42.34559],[-71.06079,42.34568],[-71.06091,42.34572],[-71.061,42.34578],[-71.06124,42.34594],[-71.06125,42.34595],[-71.0613,42.34581],[-71.06157,42.34518],[-71.06178,42.34468],[-71.06205,42.34405],[-71.06239,42.34332],[-71.06253,42.34302],[-71.06271,42.34261],[-71.06273,42.34255],[-71.06282,42.34235],[-71.06301,42.34198],[-71.0633,42.34139],[-71.06351,42.34099],[-71.0638,42.34055],[-71.06394,42.34039],[-71.06403,42.34031],[-71.06409,42.34026],[-71.06418,42.3402],[-71.06446,42.33999],[-71.06462,42.33986],[-71.065,42.33961],[-71.06554,42.33916],[-71.06554,42.33916]]]}},{"type":"Feature","properties":{"id":"0901","ward":9,"precinct":1},"geometry":{"type":"Polygon","coordinates":[[[-71.07459,42.34242],[-71.07535,42.342],[-71.07598,42.34167],[-71.07659,42.34134],[-71.07737,42.34094],[-71.07726,42.34084],[-71.07696,42.34061],[-71.07588,42.33977],[-71.07559,42.3395],[-71.07527,42.33922],[-71.07559,42.33899],[-71.07596,42.33873],[-71.07557,42.33842],[-71.07538,42.33827],[-71.075,42.33794],[-71.07429,42.33843],[-71.07379,42.33877],[-71.07363,42.33888],[-71.07265,42.33952],[-71.0725,42.33962],[-71.07183,42.34006],[-71.07109,42.34055],[-71.07071,42.3408],[-71.07125,42.34129],[-71.07161,42.34156],[-71.07141,42.34167],[-71.07176,42.34197],[-71.07192,42.3421],[-71.07281,42.34287],[-71.07316,42.34317],[-71.07376,42.34284],[-71.07382,42.34281],[-71.07459,42.34242]]]}},{"type":"Feature","properties":{"id":"0902","ward":9,"precinct":2},"geometry":{"type":"Polygon","coordinates":[[[-71.07694,42.33654],[-71.07638,42.33696],[-71.07567,42.33748],[-71.075,42.33794],[-71.07538,42.33827],[-71.07557,42.33842],[-71.07596,42.33873],[-71.07559,42.33899],[-71.07527,42.33922],[-71.07559,42.3395],[-71.07588,42.33977],[-71.07696,42.34061],[-71.07726,42.34084],[-71.07737,42.34094],[-71.07797,42.34058],[-71.07809,42.34052],[-71.07871,42.34018],[-71.07883,42.34012],[-71.07906,42.34004],[-71.07964,42.33976],[-71.08035,42.33937],[-71.08026,42.33929],[-71.08016,42.33919],[-71.07972,42.33882],[-71.07949,42.33863],[-71.07884,42.33809],[-71.07859,42.33788],[-71.078,42.3374],[-71.07694,42.33654]]]}},{"type":"Feature","properties":{"id":"0903","ward":9,"precinct":3},"geometry":{"type":"Polygon","coordinates":[[[-71.08849,42.3349],[-71.08841,42.33475],[-71.08832,42.33465],[-71.08825,42.33459],[-71.08776,42.33431],[-71.08746,42.33413],[-71.08703,42.3346],[-71.08699,42.33461],[-71.08696,42.33461],[-71.08688,42.3346],[-71.08617,42.3343],[-71.08582,42.33474],[-71.08576,42.33479],[-71.08569,42.33481],[-71.08536,42.33497],[-71.08535,42.33508],[-71.08515,42.33502],[-71.08461,42.33483],[-71.08455,42.33481],[-71.08432,42.33472],[-71.08395,42.33456],[-71.08337,42.33427],[-71.08252,42.3338],[-71.08164,42.33329],[-71.08111,42.33302],[-71.08094,42.33294],[-71.08063,42.33338],[-71.08043,42.33364],[-71.0803,42.3338],[-71.07991,42.33419],[-71.07952,42.33452],[-71.07935,42.33466],[-71.07883,42.33507],[-71.07874,42.33514],[-71.07854,42.33531],[-71.07843,42.3354],[-71.07804,42.3357],[-71.07762,42.33601],[-71.07811,42.3364],[-71.07872,42.33689],[-71.07927,42.33655],[-71.0802,42.33717],[-71.08094,42.33766],[-71.08156,42.33811],[-71.08197,42.33842],[-71.08248,42.33816],[-71.08298,42.3379],[-71.08323,42.33777],[-71.08329,42.33774],[-71.08338,42.33769],[-71.0838,42.33745],[-71.08398,42.33735],[-71.08434,42.33715],[-71.08484,42.33687],[-71.08538,42.33658],[-71.08598,42.33626],[-71.08639,42.33603],[-71.08695,42.33569],[-71.08698,42.33567],[-71.08699,42.33566],[-71.08703,42.33564],[-71.08705,42.33562],[-71.08751,42.33538],[-71.08781,42.33524],[-71.08849,42.3349]]]}},{"type":"Feature","properties":{"id":"0904","ward":9,"precinct":4},"geometry":{"type":"Polygon","coordinates":[[[-71.0944,42.33142],[-71.09396,42.33136],[-71.09381,42.33134],[-71.09348,42.33131],[-71.0929,42.33128],[-71.09223,42.33128],[-71.09211,42.33128],[-71.09162,42.33126],[-71.09145,42.33125],[-71.09099,42.33122],[-71.09053,42.33118],[-71.09013,42.33112],[-71.08941,42.33098],[-71.08878,42.3308],[-71.08819,42.33062],[-71.08834,42.33051],[-71.08837,42.33049],[-71.08847,42.33043],[-71.08861,42.3304],[-71.08888,42.33038],[-71.08955,42.33033],[-71.0896,42.33033],[-71.09034,42.33026],[-71.09082,42.33017],[-71.09108,42.33013],[-71.09144,42.33005],[-71.09124,42.32995],[-71.09094,42.32985],[-71.09044,42.32967],[-71.09033,42.32963],[-71.09022,42.32961],[-71.0901,42.32946],[-71.08974,42.32909],[-71.08955,42.32896],[-71.08923,42.32876],[-71.08828,42.32813],[-71.08818,42.32808],[-71.08806,42.32803],[-71.08767,42.32792],[-71.087,42.32779],[-71.08696,42.32787],[-71.08694,42.3279],[-71.08685,42.32804],[-71.08679,42.32811],[-71.08674,42.32816],[-71.08658,42.32828],[-71.08637,42.32838],[-71.08616,42.32847],[-71.08573,42.32865],[-71.08518,42.32886],[-71.0851,42.32891],[-71.08499,42.32888],[-71.0849,42.32885],[-71.0844,42.32877],[-71.08393,42.32871],[-71.08345,42.32866],[-71.08347,42.32872],[-71.08346,42.3288],[-71.08336,42.32942],[-71.0832,42.33011],[-71.08316,42.33032],[-71.08311,42.33051],[-71.08306,42.33067],[-71.08299,42.33084],[-71.08271,42.33108],[-71.08256,42.33122],[-71.08242,42.33135],[-71.08237,42.33139],[-71.08193,42.33177],[-71.08174,42.33195],[-71.08151,42.33221],[-71.08127,42.3325],[-71.08101,42.33282],[-71.08094,42.33294],[-71.08111,42.33302],[-71.08164,42.33329],[-71.08252,42.3338],[-71.08337,42.33427],[-71.08395,42.33456],[-71.08432,42.33472],[-71.08455,42.33481],[-71.08461,42.33483],[-71.08515,42.33502],[-71.08535,42.33508],[-71.08536,42.33497],[-71.08569,42.33481],[-71.08576,42.33479],[-71.08582,42.33474],[-71.08617,42.3343],[-71.08688,42.3346],[-71.08696,42.33461],[-71.08699,42.33461],[-71.08703,42.3346],[-71.08746,42.33413],[-71.08776,42.33431],[-71.08825,42.33459],[-71.08832,42.33465],[-71.08841,42.33475],[-71.08849,42.3349],[-71.08942,42.33443],[-71.09049,42.33384],[-71.09176,42.33315],[-71.09231,42.33285],[-71.09286,42.33256],[-71.09325,42.33236],[-71.09364,42.3321],[-71.09401,42.33178],[-71.09408,42.33171],[-71.0944,42.33142]]]}},{"type":"Feature","properties":{"id":"0905","ward":9,"precinct":5},"geometry":{"type":"Polygon","coordinates":[[[-71.08861,42.3226],[-71.08834,42.32235],[-71.08802,42.32277],[-71.08782,42.32303],[-71.08774,42.32314],[-71.08771,42.32319],[-71.08761,42.32335],[-71.08746,42.32349],[-71.0874,42.32354],[-71.08732,42.32358],[-71.08725,42.32362],[-71.08693,42.32375],[-71.0868,42.32382],[-71.08695,42.32411],[-71.08701,42.32426],[-71.08702,42.32429],[-71.08708,42.32446],[-71.0871,42.32458],[-71.08709,42.32487],[-71.0871,42.32515],[-71.08713,42.32525],[-71.08717,42.32535],[-71.08725,42.32544],[-71.08732,42.32552],[-71.08744,42.32559],[-71.08755,42.32564],[-71.08789,42.32572],[-71.0877,42.32619],[-71.08739,42.32688],[-71.08726,42.32717],[-71.087,42.32779],[-71.08767,42.32792],[-71.08806,42.32803],[-71.08818,42.32808],[-71.08828,42.32813],[-71.08923,42.32876],[-71.08955,42.32896],[-71.08974,42.32909],[-71.0901,42.32946],[-71.09022,42.32961],[-71.09033,42.32963],[-71.09044,42.32967],[-71.09094,42.32985],[-71.09124,42.32995],[-71.09144,42.33005],[-71.09108,42.33013],[-71.09082,42.33017],[-71.09034,42.33026],[-71.0896,42.33033],[-71.08955,42.33033],[-71.08888,42.33038],[-71.08861,42.3304],[-71.08847,42.33043],[-71.08837,42.33049],[-71.08834,42.33051],[-71.08819,42.33062],[-71.08878,42.3308],[-71.08941,42.33098],[-71.09013,42.33112],[-71.09053,42.33118],[-71.09099,42.33122],[-71.09145,42.33125],[-71.09162,42.33126],[-71.09211,42.33128],[-71.09223,42.33128],[-71.0929,42.33128],[-71.09348,42.33131],[-71.09381,42.33134],[-71.09396,42.33136],[-71.0944,42.33142],[-71.09502,42.33082],[-71.09524,42.33062],[-71.09478,42.33036],[-71.09456,42.33031],[-71.09454,42.33027],[-71.09415,42.32977],[-71.09389,42.32946],[-71.09405,42.32938],[-71.09431,42.32921],[-71.09455,42.32906],[-71.09485,42.32883],[-71.09498,42.3287],[-71.09488,42.32854],[-71.09486,42.32851],[-71.09481,42.32846],[-71.09475,42.32842],[-71.09463,42.32836],[-71.0944,42.32828],[-71.09389,42.32814],[-71.09322,42.32799],[-71.09276,42.32788],[-71.09251,42.32782],[-71.09256,42.32767],[-71.09183,42.32741],[-71.09138,42.32721],[-71.09098,42.32701],[-71.09076,42.3269],[-71.09063,42.3269],[-71.09099,42.32663],[-71.0918,42.32599],[-71.09134,42.32532],[-71.09126,42.32524],[-71.09115,42.32516],[-71.09096,42.32503],[-71.09084,42.32498],[-71.09005,42.3247],[-71.09053,42.32404],[-71.09068,42.32382],[-71.09039,42.32371],[-71.0896,42.3234],[-71.08951,42.32339],[-71.08942,42.32334],[-71.08915,42.32309],[-71.08861,42.3226]]]}},{"type":"Feature","properties":{"id":"0906","ward":9,"precinct":6},"geometry":{"type":"Polygon","coordinates":[[[-71.08197,42.33842],[-71.08156,42.33811],[-71.08094,42.33766],[-71.0802,42.33717],[-71.07927,42.33655],[-71.07872,42.33689],[-71.07811,42.3364],[-71.07762,42.33601],[-71.07702,42.33648],[-71.07694,42.33654],[-71.078,42.3374],[-71.07859,42.33788],[-71.07884,42.33809],[-71.07949,42.33863],[-71.07972,42.33882],[-71.08016,42.33919],[-71.08026,42.33929],[-71.08035,42.33937],[-71.07964,42.33976],[-71.0799,42.34001],[-71.08018,42.34028],[-71.08053,42.34064],[-71.08075,42.34084],[-71.08087,42.34092],[-71.08108,42.34107],[-71.08116,42.34113],[-71.08168,42.34147],[-71.08236,42.34195],[-71.08248,42.34208],[-71.08265,42.34207],[-71.08266,42.34206],[-71.08303,42.34173],[-71.08315,42.34163],[-71.08323,42.34155],[-71.0835,42.34127],[-71.08431,42.34062],[-71.08468,42.3403],[-71.08446,42.34008],[-71.0842,42.33992],[-71.08368,42.33956],[-71.08366,42.33954],[-71.08331,42.33932],[-71.08261,42.33886],[-71.08197,42.33842]]]}},{"type":"Feature","properties":{"id":"0907","ward":9,"precinct":7},"geometry":{"type":"Polygon","coordinates":[[[-71.09509,42.33477],[-71.09534,42.33437],[-71.09552,42.33409],[-71.0956,42.33397],[-71.09599,42.33341],[-71.09612,42.33322],[-71.09641,42.33279],[-71.09642,42.33276],[-71.09701,42.33199],[-71.09719,42.33179],[-71.09614,42.33165],[-71.09592,42.33162],[-71.09535,42.33156],[-71.0949,42.33149],[-71.0946,42.33145],[-71.0944,42.33142],[-71.09408,42.33171],[-71.09401,42.33178],[-71.09364,42.3321],[-71.09325,42.33236],[-71.09286,42.33256],[-71.09231,42.33285],[-71.09176,42.33315],[-71.09049,42.33384],[-71.08942,42.33443],[-71.08849,42.3349],[-71.08781,42.33524],[-71.08751,42.33538],[-71.08705,42.33562],[-71.08703,42.33564],[-71.08699,42.33566],[-71.08698,42.33567],[-71.08695,42.33569],[-71.08639,42.33603],[-71.08598,42.33626],[-71.08538,42.33658],[-71.08484,42.33687],[-71.08434,42.33715],[-71.08398,42.33735],[-71.0838,42.33745],[-71.08338,42.33769],[-71.08329,42.33774],[-71.08323,42.33777],[-71.08298,42.3379],[-71.08248,42.33816],[-71.08197,42.33842],[-71.08261,42.33886],[-71.08331,42.33932],[-71.08366,42.33954],[-71.08368,42.33956],[-71.0842,42.33992],[-71.08446,42.34008],[-71.08468,42.3403],[-71.08503,42.34001],[-71.08673,42.33869],[-71.08812,42.33765],[-71.08824,42.33756],[-71.08935,42.33662],[-71.09011,42.33599],[-71.09038,42.33578],[-71.09052,42.33567],[-71.09241,42.33404],[-71.09276,42.33377],[-71.093,42.33384],[-71.09318,42.33391],[-71.09334,42.33395],[-71.09372,42.33427],[-71.09509,42.33477]]]}},{"type":"Feature","properties":{"id":"1001","ward":10,"precinct":1},"geometry":{"type":"Polygon","coordinates":[[[-71.10243,42.33516],[-71.10255,42.33494],[-71.10185,42.33476],[-71.10179,42.33486],[-71.10147,42.33473],[-71.10137,42.33489],[-71.10129,42.33486],[-71.10037,42.3345],[-71.10048,42.33434],[-71.10033,42.33421],[-71.09996,42.33409],[-71.09985,42.33405],[-71.09958,42.33397],[-71.09916,42.3338],[-71.09861,42.33358],[-71.09841,42.33349],[-71.09825,42.33343],[-71.09787,42.33328],[-71.09778,42.33341],[-71.09739,42.33396],[-71.09692,42.33461],[-71.09654,42.33447],[-71.0964,42.33442],[-71.09552,42.33409],[-71.09534,42.33437],[-71.09509,42.33477],[-71.09593,42.33507],[-71.09638,42.33523],[-71.09648,42.33527],[-71.09669,42.33534],[-71.09683,42.33538],[-71.09698,42.33542],[-71.0972,42.33548],[-71.09735,42.33551],[-71.09793,42.33566],[-71.09876,42.33587],[-71.09882,42.33589],[-71.09915,42.33598],[-71.09928,42.33601],[-71.09929,42.33618],[-71.09951,42.3361],[-71.1001,42.33585],[-71.10022,42.33592],[-71.10031,42.33595],[-71.10068,42.33578],[-71.10093,42.33566],[-71.10123,42.33554],[-71.10143,42.33547],[-71.10195,42.33529],[-71.10243,42.33516]]]}},{"type":"Feature","properties":{"id":"1002","ward":10,"precinct":2},"geometry":{"type":"Polygon","coordinates":[[[-71.09552,42.33409],[-71.0964,42.33442],[-71.09654,42.33447],[-71.09692,42.33461],[-71.09739,42.33396],[-71.09778,42.33341],[-71.09787,42.33328],[-71.09825,42.33343],[-71.09841,42.33349],[-71.09861,42.33358],[-71.09916,42.3338],[-71.09958,42.33397],[-71.09985,42.33405],[-71.09996,42.33409],[-71.10033,42.33421],[-71.10048,42.33434],[-71.10037,42.3345],[-71.10129,42.33486],[-71.10137,42.33489],[-71.10147,42.33473],[-71.10179,42.33486],[-71.10185,42.33476],[-71.10255,42.33494],[-71.10286,42.3344],[-71.10312,42.33397],[-71.1033,42.33367],[-71.10264,42.33346],[-71.10198,42.33321],[-71.10169,42.3331],[-71.10132,42.33297],[-71.10062,42.33271],[-71.10076,42.33246],[-71.10105,42.33202],[-71.10106,42.33199],[-71.10121,42.33181],[-71.10129,42.33165],[-71.1014,42.33147],[-71.10127,42.3314],[-71.10074,42.33109],[-71.10029,42.33089],[-71.0996,42.33056],[-71.09915,42.33038],[-71.09895,42.33029],[-71.0985,42.33008],[-71.0984,42.33016],[-71.09804,42.33046],[-71.09795,42.33051],[-71.09768,42.3307],[-71.0976,42.33078],[-71.0975,42.33099],[-71.09731,42.33148],[-71.09719,42.33179],[-71.09701,42.33199],[-71.09642,42.33276],[-71.09641,42.33279],[-71.09612,42.33322],[-71.09599,42.33341],[-71.0956,42.33397],[-71.09552,42.33409]]]}},{"type":"Feature","properties":{"id":"1003","ward":10,"precinct":3},"geometry":{"type":"Polygon","coordinates":[[[-71.10598,42.33122],[-71.10589,42.3312],[-71.10553,42.33111],[-71.10536,42.33106],[-71.10517,42.33102],[-71.10437,42.33084],[-71.10308,42.33054],[-71.10229,42.33036],[-71.10209,42.33059],[-71.10189,42.33081],[-71.10174,42.33097],[-71.10157,42.3312],[-71.10144,42.3314],[-71.1014,42.33147],[-71.10129,42.33165],[-71.10121,42.33181],[-71.10106,42.33199],[-71.10105,42.33202],[-71.10076,42.33246],[-71.10062,42.33271],[-71.10132,42.33297],[-71.10169,42.3331],[-71.10198,42.33321],[-71.10264,42.33346],[-71.1033,42.33367],[-71.10312,42.33397],[-71.10286,42.3344],[-71.10255,42.33494],[-71.10243,42.33516],[-71.10307,42.33493],[-71.10323,42.33487],[-71.10357,42.33474],[-71.10378,42.33466],[-71.10445,42.33439],[-71.10491,42.3342],[-71.10507,42.33425],[-71.10544,42.33453],[-71.10607,42.33493],[-71.10618,42.33501],[-71.10707,42.33558],[-71.10751,42.33585],[-71.10802,42.33534],[-71.10732,42.33489],[-71.10668,42.33446],[-71.10691,42.33427],[-71.10698,42.33419],[-71.10702,42.33411],[-71.10703,42.33407],[-71.10708,42.33388],[-71.10711,42.3337],[-71.10712,42.33343],[-71.10706,42.33327],[-71.10709,42.33293],[-71.10724,42.33229],[-71.10726,42.33224],[-71.10728,42.33216],[-71.10711,42.3321],[-71.1065,42.33195],[-71.10658,42.33183],[-71.10663,42.33165],[-71.10672,42.33143],[-71.10606,42.33124],[-71.10598,42.33122]]]}},{"type":"Feature","properties":{"id":"1004","ward":10,"precinct":4},"geometry":{"type":"Polygon","coordinates":[[[-71.11333,42.33191],[-71.11302,42.33194],[-71.11306,42.33181],[-71.11292,42.33182],[-71.11275,42.33183],[-71.11253,42.33185],[-71.1123,42.33189],[-71.1121,42.33195],[-71.11186,42.33207],[-71.11165,42.3322],[-71.11121,42.33252],[-71.11097,42.33267],[-71.11081,42.33276],[-71.11042,42.33297],[-71.11024,42.33305],[-71.1101,42.33311],[-71.10987,42.33317],[-71.10959,42.33321],[-71.10959,42.33308],[-71.10957,42.33257],[-71.10957,42.33217],[-71.10958,42.33201],[-71.10959,42.33145],[-71.1096,42.33122],[-71.10958,42.33107],[-71.10956,42.33098],[-71.10954,42.33095],[-71.10951,42.33091],[-71.10935,42.33084],[-71.1089,42.33072],[-71.1085,42.33061],[-71.10812,42.3305],[-71.10803,42.33048],[-71.10695,42.33021],[-71.10677,42.33016],[-71.10652,42.33009],[-71.10626,42.33062],[-71.1061,42.33096],[-71.10598,42.33122],[-71.10606,42.33124],[-71.10672,42.33143],[-71.10663,42.33165],[-71.10658,42.33183],[-71.1065,42.33195],[-71.10711,42.3321],[-71.10728,42.33216],[-71.10726,42.33224],[-71.10724,42.33229],[-71.10709,42.33293],[-71.10706,42.33327],[-71.10712,42.33343],[-71.10711,42.3337],[-71.10708,42.33388],[-71.10703,42.33407],[-71.10702,42.33411],[-71.10698,42.33419],[-71.10691,42.33427],[-71.10668,42.33446],[-71.10732,42.33489],[-71.10802,42.33534],[-71.10751,42.33585],[-71.10823,42.3363],[-71.10829,42.33633],[-71.10872,42.33662],[-71.10933,42.33701],[-71.10983,42.33654],[-71.10999,42.33637],[-71.11006,42.33632],[-71.11081,42.33559],[-71.11073,42.33554],[-71.11055,42.33547],[-71.11052,42.33541],[-71.11053,42.33534],[-71.11059,42.33526],[-71.11097,42.33488],[-71.11112,42.33474],[-71.11134,42.33461],[-71.11141,42.33453],[-71.11157,42.33438],[-71.11177,42.33418],[-71.11196,42.33404],[-71.11205,42.33391],[-71.11219,42.33381],[-71.11239,42.33354],[-71.11244,42.33345],[-71.11246,42.33344],[-71.11252,42.33332],[-71.11258,42.33322],[-71.11266,42.33308],[-71.11283,42.33286],[-71.11297,42.3327],[-71.11309,42.33261],[-71.11315,42.33254],[-71.11321,42.33247],[-71.11326,42.33235],[-71.11324,42.3323],[-71.11323,42.33224],[-71.11327,42.33223],[-71.1133,42.33218],[-71.1133,42.33211],[-71.11331,42.33201],[-71.11333,42.33191]]]}},{"type":"Feature","properties":{"id":"1005","ward":10,"precinct":5},"geometry":{"type":"Polygon","coordinates":[[[-71.1085,42.33061],[-71.10854,42.33057],[-71.10872,42.33029],[-71.10882,42.33008],[-71.10887,42.32993],[-71.10888,42.32982],[-71.10887,42.32968],[-71.10879,42.32951],[-71.10866,42.32929],[-71.10849,42.32912],[-71.10828,42.32894],[-71.10807,42.3288],[-71.10775,42.32863],[-71.10732,42.32844],[-71.10709,42.32836],[-71.10679,42.32826],[-71.10646,42.32818],[-71.10607,42.32808],[-71.10567,42.32801],[-71.10524,42.32796],[-71.10453,42.32791],[-71.10401,42.32789],[-71.10404,42.3278],[-71.10417,42.32745],[-71.104,42.32742],[-71.10257,42.32731],[-71.10242,42.32693],[-71.10229,42.32636],[-71.10213,42.32637],[-71.10179,42.3264],[-71.10169,42.32641],[-71.10135,42.32643],[-71.10119,42.32643],[-71.10079,42.32643],[-71.10011,42.32643],[-71.09976,42.3264],[-71.09963,42.32638],[-71.09928,42.32637],[-71.09891,42.32635],[-71.0985,42.32634],[-71.09842,42.32634],[-71.0981,42.32722],[-71.09789,42.32776],[-71.0976,42.32839],[-71.09729,42.32894],[-71.09712,42.32922],[-71.09697,42.32948],[-71.09651,42.33022],[-71.09628,42.33054],[-71.09592,42.33096],[-71.09535,42.33156],[-71.09592,42.33162],[-71.09614,42.33165],[-71.09719,42.33179],[-71.09731,42.33148],[-71.0975,42.33099],[-71.0976,42.33078],[-71.09768,42.3307],[-71.09795,42.33051],[-71.09804,42.33046],[-71.0984,42.33016],[-71.0985,42.33008],[-71.09895,42.33029],[-71.09915,42.33038],[-71.0996,42.33056],[-71.10029,42.33089],[-71.10074,42.33109],[-71.10127,42.3314],[-71.1014,42.33147],[-71.10144,42.3314],[-71.10157,42.3312],[-71.10174,42.33097],[-71.10189,42.33081],[-71.10209,42.33059],[-71.10229,42.33036],[-71.10308,42.33054],[-71.10437,42.33084],[-71.10517,42.33102],[-71.10536,42.33106],[-71.10553,42.33111],[-71.10589,42.3312],[-71.10598,42.33122],[-71.1061,42.33096],[-71.10626,42.33062],[-71.10652,42.33009],[-71.10677,42.33016],[-71.10695,42.33021],[-71.10803,42.33048],[-71.10812,42.3305],[-71.1085,42.33061]]]}},{"type":"Feature","properties":{"id":"1006","ward":10,"precinct":6},"geometry":{"type":"Polygon","coordinates":[[[-71.10487,42.32273],[-71.10402,42.32283],[-71.10361,42.32288],[-71.10351,42.32289],[-71.10322,42.32291],[-71.10286,42.32293],[-71.10247,42.32293],[-71.10241,42.32312],[-71.10228,42.32344],[-71.10212,42.32377],[-71.10193,42.32418],[-71.10181,42.32449],[-71.10171,42.32472],[-71.10163,42.32488],[-71.10145,42.32526],[-71.10145,42.32527],[-71.10139,42.32546],[-71.10228,42.32538],[-71.10337,42.32535],[-71.10351,42.32535],[-71.1027,42.32631],[-71.10229,42.32636],[-71.10242,42.32693],[-71.10257,42.32731],[-71.104,42.32742],[-71.10417,42.32745],[-71.10404,42.3278],[-71.10401,42.32789],[-71.10453,42.32791],[-71.10524,42.32796],[-71.10567,42.32801],[-71.10607,42.32808],[-71.10646,42.32818],[-71.10679,42.32826],[-71.10709,42.32836],[-71.10732,42.32844],[-71.1074,42.3283],[-71.10751,42.32816],[-71.10763,42.32801],[-71.10768,42.32795],[-71.1079,42.32774],[-71.10801,42.32764],[-71.10806,42.32759],[-71.10815,42.32752],[-71.10833,42.32733],[-71.10822,42.32727],[-71.10781,42.32713],[-71.1074,42.32698],[-71.10718,42.32691],[-71.10708,42.32686],[-71.10689,42.32673],[-71.10659,42.32654],[-71.10654,42.32652],[-71.10751,42.32551],[-71.10764,42.32542],[-71.10772,42.32532],[-71.10776,42.32522],[-71.10778,42.32509],[-71.10779,42.32496],[-71.10782,42.32491],[-71.10785,42.32481],[-71.10793,42.32473],[-71.10805,42.32462],[-71.10827,42.32449],[-71.10791,42.32426],[-71.10781,42.32417],[-71.10777,42.32407],[-71.10776,42.32396],[-71.10777,42.32389],[-71.10782,42.32379],[-71.10786,42.32377],[-71.10744,42.32374],[-71.10699,42.3237],[-71.10675,42.32369],[-71.10663,42.32369],[-71.10614,42.32373],[-71.10603,42.32373],[-71.106,42.32371],[-71.10595,42.32348],[-71.10588,42.32297],[-71.10583,42.32264],[-71.10516,42.32271],[-71.10487,42.32273]]]}},{"type":"Feature","properties":{"id":"1007","ward":10,"precinct":7},"geometry":{"type":"Polygon","coordinates":[[[-71.10399,42.31999],[-71.1038,42.31985],[-71.10347,42.31965],[-71.10315,42.31945],[-71.10299,42.31933],[-71.10294,42.31931],[-71.1025,42.31984],[-71.10141,42.32111],[-71.10054,42.32214],[-71.10002,42.32278],[-71.09975,42.32318],[-71.0995,42.32362],[-71.09932,42.324],[-71.09907,42.32458],[-71.09892,42.32503],[-71.09875,42.32545],[-71.09842,42.32634],[-71.0985,42.32634],[-71.09891,42.32635],[-71.09928,42.32637],[-71.09963,42.32638],[-71.09976,42.3264],[-71.10011,42.32643],[-71.10079,42.32643],[-71.10119,42.32643],[-71.10135,42.32643],[-71.10169,42.32641],[-71.10179,42.3264],[-71.10213,42.32637],[-71.10229,42.32636],[-71.1027,42.32631],[-71.10351,42.32535],[-71.10337,42.32535],[-71.10228,42.32538],[-71.10139,42.32546],[-71.10145,42.32527],[-71.10145,42.32526],[-71.10163,42.32488],[-71.10171,42.32472],[-71.10181,42.32449],[-71.10193,42.32418],[-71.10212,42.32377],[-71.10228,42.32344],[-71.10241,42.32312],[-71.10247,42.32293],[-71.10286,42.32293],[-71.10322,42.32291],[-71.10351,42.32289],[-71.10361,42.32288],[-71.10402,42.32283],[-71.10487,42.32273],[-71.10486,42.32253],[-71.1048,42.32208],[-71.10476,42.32179],[-71.10468,42.32126],[-71.10465,42.32094],[-71.10462,42.32084],[-71.1045,42.32064],[-71.10428,42.32034],[-71.10411,42.32013],[-71.10399,42.31999]]]}},{"type":"Feature","properties":{"id":"1008","ward":10,"precinct":8},"geometry":{"type":"Polygon","coordinates":[[[-71.11121,42.33252],[-71.11165,42.3322],[-71.11186,42.33207],[-71.1121,42.33195],[-71.1123,42.33189],[-71.11253,42.33185],[-71.11275,42.33183],[-71.11292,42.33182],[-71.11306,42.33181],[-71.11302,42.33194],[-71.11333,42.33191],[-71.11335,42.33179],[-71.11335,42.33174],[-71.11344,42.33102],[-71.11345,42.33096],[-71.11358,42.33048],[-71.11371,42.33019],[-71.11394,42.32968],[-71.11455,42.32838],[-71.11484,42.32776],[-71.11504,42.32732],[-71.11524,42.327],[-71.11527,42.32694],[-71.11535,42.32688],[-71.11545,42.32683],[-71.11552,42.3268],[-71.11559,42.32681],[-71.11585,42.32659],[-71.11597,42.3264],[-71.11602,42.32631],[-71.11605,42.32624],[-71.11602,42.32614],[-71.11595,42.32596],[-71.11593,42.32586],[-71.11589,42.32585],[-71.11565,42.32572],[-71.11545,42.32556],[-71.11531,42.3254],[-71.11508,42.32507],[-71.11496,42.32486],[-71.11489,42.3247],[-71.11479,42.32452],[-71.11466,42.3244],[-71.1145,42.3243],[-71.11421,42.32421],[-71.11392,42.32415],[-71.1136,42.3241],[-71.1129,42.32403],[-71.11255,42.32399],[-71.1124,42.32397],[-71.11226,42.32391],[-71.11227,42.32433],[-71.11226,42.32456],[-71.112,42.32455],[-71.11174,42.3245],[-71.11141,42.32443],[-71.11053,42.3242],[-71.10914,42.32383],[-71.10933,42.32364],[-71.10945,42.32351],[-71.10955,42.32338],[-71.10897,42.32326],[-71.10889,42.32327],[-71.10873,42.32327],[-71.10848,42.32323],[-71.10827,42.32319],[-71.10815,42.32347],[-71.10805,42.32358],[-71.10786,42.32377],[-71.10782,42.32379],[-71.10777,42.32389],[-71.10776,42.32396],[-71.10777,42.32407],[-71.10781,42.32417],[-71.10791,42.32426],[-71.10827,42.32449],[-71.10805,42.32462],[-71.10793,42.32473],[-71.10785,42.32481],[-71.10782,42.32491],[-71.10779,42.32496],[-71.10778,42.32509],[-71.10776,42.32522],[-71.10772,42.32532],[-71.10764,42.32542],[-71.10751,42.32551],[-71.10654,42.32652],[-71.10659,42.32654],[-71.10689,42.32673],[-71.10708,42.32686],[-71.10718,42.32691],[-71.1074,42.32698],[-71.10781,42.32713],[-71.10822,42.32727],[-71.10833,42.32733],[-71.10815,42.32752],[-71.10806,42.32759],[-71.10801,42.32764],[-71.1079,42.32774],[-71.10768,42.32795],[-71.10763,42.32801],[-71.10751,42.32816],[-71.1074,42.3283],[-71.10732,42.32844],[-71.10775,42.32863],[-71.10807,42.3288],[-71.10828,42.32894],[-71.10849,42.32912],[-71.10866,42.32929],[-71.10879,42.32951],[-71.10887,42.32968],[-71.10888,42.32982],[-71.10887,42.32993],[-71.10882,42.33008],[-71.10872,42.33029],[-71.10854,42.33057],[-71.1085,42.33061],[-71.1089,42.33072],[-71.10935,42.33084],[-71.10951,42.33091],[-71.10954,42.33095],[-71.10956,42.33098],[-71.10958,42.33107],[-71.1096,42.33122],[-71.10959,42.33145],[-71.10958,42.33201],[-71.10957,42.33217],[-71.10957,42.33257],[-71.10959,42.33308],[-71.10959,42.33321],[-71.10987,42.33317],[-71.1101,42.33311],[-71.11024,42.33305],[-71.11042,42.33297],[-71.11081,42.33276],[-71.11097,42.33267],[-71.11121,42.33252]]]}},{"type":"Feature","properties":{"id":"1009","ward":10,"precinct":9},"geometry":{"type":"Polygon","coordinates":[[[-71.11954,42.32275],[-71.11961,42.32262],[-71.11958,42.32252],[-71.11953,42.32227],[-71.11952,42.32206],[-71.11955,42.32183],[-71.11962,42.32146],[-71.11919,42.32139],[-71.11851,42.32127],[-71.11782,42.32114],[-71.11749,42.3211],[-71.11712,42.32106],[-71.11657,42.32103],[-71.11632,42.32102],[-71.11599,42.32104],[-71.11581,42.32106],[-71.1156,42.32107],[-71.11543,42.3211],[-71.11519,42.32114],[-71.11495,42.32118],[-71.1145,42.32124],[-71.11415,42.32129],[-71.11388,42.32133],[-71.11321,42.32143],[-71.11282,42.3215],[-71.11231,42.32158],[-71.11209,42.32161],[-71.11166,42.32169],[-71.11064,42.32184],[-71.11032,42.32192],[-71.10994,42.32203],[-71.10945,42.32212],[-71.10926,42.32217],[-71.10845,42.3224],[-71.10827,42.32233],[-71.10799,42.32212],[-71.1075,42.32173],[-71.10679,42.32116],[-71.10668,42.32105],[-71.10656,42.32092],[-71.10586,42.31997],[-71.10557,42.31961],[-71.10545,42.31952],[-71.10529,42.31937],[-71.10513,42.31929],[-71.10504,42.31939],[-71.10498,42.31944],[-71.10485,42.31952],[-71.10458,42.31967],[-71.10399,42.31999],[-71.10411,42.32013],[-71.10428,42.32034],[-71.1045,42.32064],[-71.10462,42.32084],[-71.10465,42.32094],[-71.10468,42.32126],[-71.10476,42.32179],[-71.1048,42.32208],[-71.10486,42.32253],[-71.10487,42.32273],[-71.10516,42.32271],[-71.10583,42.32264],[-71.10588,42.32297],[-71.10595,42.32348],[-71.106,42.32371],[-71.10603,42.32373],[-71.10614,42.32373],[-71.10663,42.32369],[-71.10675,42.32369],[-71.10699,42.3237],[-71.10744,42.32374],[-71.10786,42.32377],[-71.10805,42.32358],[-71.10815,42.32347],[-71.10827,42.32319],[-71.10848,42.32323],[-71.10873,42.32327],[-71.10889,42.32327],[-71.10897,42.32326],[-71.10955,42.32338],[-71.10945,42.32351],[-71.10933,42.32364],[-71.10914,42.32383],[-71.11053,42.3242],[-71.11141,42.32443],[-71.11174,42.3245],[-71.112,42.32455],[-71.11226,42.32456],[-71.11227,42.32433],[-71.11226,42.32391],[-71.1124,42.32397],[-71.11255,42.32399],[-71.1129,42.32403],[-71.1136,42.3241],[-71.11392,42.32415],[-71.11421,42.32421],[-71.1145,42.3243],[-71.11466,42.3244],[-71.11479,42.32452],[-71.11489,42.3247],[-71.11496,42.32486],[-71.11508,42.32507],[-71.11531,42.3254],[-71.11545,42.32556],[-71.11565,42.32572],[-71.11589,42.32585],[-71.11593,42.32586],[-71.11595,42.32582],[-71.11595,42.32574],[-71.11598,42.32567],[-71.11604,42.32552],[-71.11609,42.32539],[-71.11613,42.32528],[-71.11615,42.32527],[-71.11621,42.32521],[-71.11625,42.32507],[-71.11627,42.32495],[-71.11635,42.3248],[-71.11635,42.3247],[-71.11633,42.32461],[-71.1164,42.32451],[-71.11636,42.32432],[-71.11642,42.32413],[-71.11654,42.32395],[-71.11664,42.32386],[-71.11667,42.32383],[-71.11677,42.32378],[-71.11707,42.32371],[-71.11745,42.32363],[-71.11779,42.32356],[-71.11801,42.32354],[-71.11828,42.3235],[-71.1184,42.32346],[-71.11848,42.32339],[-71.11848,42.32331],[-71.11851,42.32312],[-71.1187,42.32299],[-71.11877,42.32294],[-71.11879,42.32292],[-71.11887,42.32287],[-71.11894,42.32285],[-71.11944,42.32274],[-71.11954,42.32275]]]}},{"type":"Feature","properties":{"id":"1101","ward":11,"precinct":1},"geometry":{"type":"Polygon","coordinates":[[[-71.09535,42.33156],[-71.09592,42.33096],[-71.09628,42.33054],[-71.09651,42.33022],[-71.09697,42.32948],[-71.09712,42.32922],[-71.09729,42.32894],[-71.0976,42.32839],[-71.09789,42.32776],[-71.0981,42.32722],[-71.09842,42.32634],[-71.09875,42.32545],[-71.09892,42.32503],[-71.09888,42.32503],[-71.09854,42.32497],[-71.0984,42.32494],[-71.09854,42.32453],[-71.09859,42.32435],[-71.09862,42.3242],[-71.09863,42.32412],[-71.09864,42.32397],[-71.09862,42.32357],[-71.09858,42.32311],[-71.09854,42.32261],[-71.09839,42.32257],[-71.09822,42.32249],[-71.09787,42.32238],[-71.09698,42.32204],[-71.09671,42.32195],[-71.09656,42.32191],[-71.09639,42.3219],[-71.0962,42.32191],[-71.09578,42.32198],[-71.09548,42.32204],[-71.0954,42.32206],[-71.09533,42.32212],[-71.0953,42.32224],[-71.09531,42.32248],[-71.09534,42.32301],[-71.09536,42.32314],[-71.0954,42.32326],[-71.09508,42.32321],[-71.09479,42.32314],[-71.09472,42.32312],[-71.09455,42.32309],[-71.09439,42.32309],[-71.09422,42.3231],[-71.09383,42.32315],[-71.09363,42.3232],[-71.09353,42.32325],[-71.09347,42.3233],[-71.09338,42.32342],[-71.09328,42.32357],[-71.09325,42.32372],[-71.09326,42.32387],[-71.09327,42.32411],[-71.09328,42.32448],[-71.09327,42.32481],[-71.09326,42.32512],[-71.09323,42.32543],[-71.0932,42.32579],[-71.09312,42.32631],[-71.0931,42.3264],[-71.09305,42.32656],[-71.09291,42.32689],[-71.09273,42.32727],[-71.09256,42.32767],[-71.09251,42.32782],[-71.09276,42.32788],[-71.09322,42.32799],[-71.09389,42.32814],[-71.0944,42.32828],[-71.09463,42.32836],[-71.09475,42.32842],[-71.09481,42.32846],[-71.09486,42.32851],[-71.09488,42.32854],[-71.09498,42.3287],[-71.09485,42.32883],[-71.09455,42.32906],[-71.09431,42.32921],[-71.09405,42.32938],[-71.09389,42.32946],[-71.09415,42.32977],[-71.09454,42.33027],[-71.09456,42.33031],[-71.09478,42.33036],[-71.09524,42.33062],[-71.09502,42.33082],[-71.0944,42.33142],[-71.0946,42.33145],[-71.0949,42.33149],[-71.09535,42.33156]]]}},{"type":"Feature","properties":{"id":"1102","ward":11,"precinct":2},"geometry":{"type":"Polygon","coordinates":[[[-71.09531,42.31883],[-71.09504,42.3191],[-71.09448,42.31965],[-71.09436,42.31976],[-71.09404,42.32008],[-71.09359,42.32046],[-71.09315,42.32081],[-71.09265,42.32119],[-71.09248,42.32132],[-71.09227,42.32116],[-71.09186,42.32084],[-71.09179,42.32079],[-71.09171,42.32074],[-71.09161,42.32066],[-71.09137,42.32043],[-71.09113,42.32059],[-71.09092,42.32076],[-71.09081,42.32085],[-71.09056,42.32088],[-71.09059,42.32103],[-71.08861,42.3226],[-71.08915,42.32309],[-71.08942,42.32334],[-71.08951,42.32339],[-71.0896,42.3234],[-71.09039,42.32371],[-71.09068,42.32382],[-71.09053,42.32404],[-71.09005,42.3247],[-71.09084,42.32498],[-71.09096,42.32503],[-71.09115,42.32516],[-71.09126,42.32524],[-71.09134,42.32532],[-71.0918,42.32599],[-71.09099,42.32663],[-71.09063,42.3269],[-71.09076,42.3269],[-71.09098,42.32701],[-71.09138,42.32721],[-71.09183,42.32741],[-71.09256,42.32767],[-71.09273,42.32727],[-71.09291,42.32689],[-71.09305,42.32656],[-71.0931,42.3264],[-71.09312,42.32631],[-71.0932,42.32579],[-71.09323,42.32543],[-71.09326,42.32512],[-71.09327,42.32481],[-71.09328,42.32448],[-71.09327,42.32411],[-71.09326,42.32387],[-71.09325,42.32372],[-71.09328,42.32357],[-71.09338,42.32342],[-71.09347,42.3233],[-71.09353,42.32325],[-71.09363,42.3232],[-71.09383,42.32315],[-71.09422,42.3231],[-71.09439,42.32309],[-71.09455,42.32309],[-71.09472,42.32312],[-71.09479,42.32314],[-71.09508,42.32321],[-71.0954,42.32326],[-71.09536,42.32314],[-71.09534,42.32301],[-71.09531,42.32248],[-71.0953,42.32224],[-71.09533,42.32212],[-71.0954,42.32206],[-71.09548,42.32204],[-71.09578,42.32198],[-71.0962,42.32191],[-71.09639,42.3219],[-71.09656,42.32191],[-71.09671,42.32195],[-71.09698,42.32204],[-71.09787,42.32238],[-71.09822,42.32249],[-71.09839,42.32257],[-71.09854,42.32261],[-71.09847,42.32179],[-71.09847,42.32173],[-71.09844,42.32061],[-71.09843,42.32038],[-71.09841,42.31958],[-71.0983,42.31956],[-71.09792,42.31952],[-71.09749,42.31949],[-71.09696,42.31952],[-71.0969,42.31952],[-71.09678,42.31952],[-71.09652,42.31948],[-71.09632,42.31943],[-71.09594,42.31934],[-71.09589,42.31932],[-71.09574,42.31926],[-71.09567,42.31921],[-71.09545,42.31899],[-71.09531,42.31883]]]}},{"type":"Feature","properties":{"id":"1103","ward":11,"precinct":3},"geometry":{"type":"Polygon","coordinates":[[[-71.0977,42.31643],[-71.09718,42.31611],[-71.09619,42.31547],[-71.09562,42.31512],[-71.09531,42.31492],[-71.09444,42.31438],[-71.09409,42.31415],[-71.09394,42.31433],[-71.09386,42.31447],[-71.09382,42.31455],[-71.09376,42.31479],[-71.09368,42.31502],[-71.09362,42.31525],[-71.09356,42.31552],[-71.09347,42.3158],[-71.09333,42.31616],[-71.09323,42.31645],[-71.09318,42.31655],[-71.09309,42.31668],[-71.09296,42.31676],[-71.09272,42.31685],[-71.09247,42.3169],[-71.09229,42.31692],[-71.09197,42.31695],[-71.09178,42.31697],[-71.09162,42.31701],[-71.09129,42.31761],[-71.09113,42.31796],[-71.091,42.31828],[-71.09091,42.31851],[-71.09084,42.31868],[-71.0908,42.31876],[-71.09067,42.31888],[-71.09024,42.31922],[-71.09034,42.31929],[-71.09087,42.31987],[-71.09137,42.32043],[-71.09161,42.32066],[-71.09171,42.32074],[-71.09179,42.32079],[-71.09186,42.32084],[-71.09227,42.32116],[-71.09248,42.32132],[-71.09265,42.32119],[-71.09315,42.32081],[-71.09359,42.32046],[-71.09404,42.32008],[-71.09436,42.31976],[-71.09448,42.31965],[-71.09504,42.3191],[-71.09531,42.31883],[-71.09642,42.3177],[-71.0968,42.31733],[-71.09695,42.31717],[-71.09709,42.31704],[-71.09731,42.31682],[-71.0977,42.31643]]]}},{"type":"Feature","properties":{"id":"1104","ward":11,"precinct":4},"geometry":{"type":"Polygon","coordinates":[[[-71.10448,42.31703],[-71.10437,42.31703],[-71.10431,42.31702],[-71.1042,42.31701],[-71.10397,42.31696],[-71.10375,42.3169],[-71.10353,42.31683],[-71.1032,42.31668],[-71.10313,42.31662],[-71.10307,42.31656],[-71.10301,42.31647],[-71.10293,42.31629],[-71.10284,42.31606],[-71.10282,42.31601],[-71.10277,42.3159],[-71.10268,42.31576],[-71.10251,42.31554],[-71.10228,42.31526],[-71.10203,42.31499],[-71.10182,42.31472],[-71.10151,42.31434],[-71.10124,42.31405],[-71.10116,42.31399],[-71.10108,42.31394],[-71.10075,42.31373],[-71.10061,42.31366],[-71.10047,42.3136],[-71.09992,42.31415],[-71.0997,42.31437],[-71.09948,42.31461],[-71.09916,42.31495],[-71.09897,42.31513],[-71.09864,42.31546],[-71.09845,42.31565],[-71.09831,42.3158],[-71.09829,42.31582],[-71.0982,42.31592],[-71.0977,42.31643],[-71.09731,42.31682],[-71.09709,42.31704],[-71.09695,42.31717],[-71.0968,42.31733],[-71.09642,42.3177],[-71.09531,42.31883],[-71.09545,42.31899],[-71.09567,42.31921],[-71.09574,42.31926],[-71.09589,42.31932],[-71.09594,42.31934],[-71.09632,42.31943],[-71.09652,42.31948],[-71.09678,42.31952],[-71.0969,42.31952],[-71.09696,42.31952],[-71.09749,42.31949],[-71.09792,42.31952],[-71.0983,42.31956],[-71.09841,42.31958],[-71.09843,42.32038],[-71.09844,42.32061],[-71.09847,42.32173],[-71.09847,42.32179],[-71.09854,42.32261],[-71.09858,42.32311],[-71.09862,42.32357],[-71.09864,42.32397],[-71.09863,42.32412],[-71.09862,42.3242],[-71.09859,42.32435],[-71.09854,42.32453],[-71.0984,42.32494],[-71.09854,42.32497],[-71.09888,42.32503],[-71.09892,42.32503],[-71.09907,42.32458],[-71.09932,42.324],[-71.0995,42.32362],[-71.09975,42.32318],[-71.10002,42.32278],[-71.10054,42.32214],[-71.10141,42.32111],[-71.1025,42.31984],[-71.10294,42.31931],[-71.10343,42.31867],[-71.10368,42.3183],[-71.10397,42.31787],[-71.10421,42.31746],[-71.10448,42.31703]]]}},{"type":"Feature","properties":{"id":"1105","ward":11,"precinct":5},"geometry":{"type":"Polygon","coordinates":[[[-71.10196,42.31107],[-71.10182,42.31103],[-71.10164,42.31098],[-71.10119,42.31087],[-71.10021,42.31064],[-71.09973,42.31052],[-71.09897,42.31026],[-71.09856,42.31015],[-71.09832,42.3101],[-71.09793,42.31004],[-71.0979,42.31022],[-71.09787,42.31045],[-71.09787,42.31059],[-71.09786,42.31094],[-71.09785,42.31108],[-71.09783,42.31127],[-71.0978,42.31143],[-71.09775,42.31155],[-71.09764,42.31169],[-71.09749,42.31187],[-71.0973,42.31202],[-71.09709,42.31216],[-71.09702,42.31219],[-71.09683,42.31225],[-71.09658,42.31232],[-71.09639,42.3124],[-71.09625,42.3125],[-71.09598,42.31268],[-71.09554,42.313],[-71.09536,42.31314],[-71.09515,42.31329],[-71.09504,42.31339],[-71.09479,42.31358],[-71.0944,42.31388],[-71.09417,42.31407],[-71.09409,42.31415],[-71.09444,42.31438],[-71.09531,42.31492],[-71.09562,42.31512],[-71.09619,42.31547],[-71.09718,42.31611],[-71.0977,42.31643],[-71.0982,42.31592],[-71.09829,42.31582],[-71.09831,42.3158],[-71.09845,42.31565],[-71.09864,42.31546],[-71.09897,42.31513],[-71.09916,42.31495],[-71.09948,42.31461],[-71.0997,42.31437],[-71.09992,42.31415],[-71.10047,42.3136],[-71.10104,42.31305],[-71.10124,42.31284],[-71.10157,42.31248],[-71.1017,42.31234],[-71.10257,42.31147],[-71.10214,42.31119],[-71.10196,42.31107]]]}},{"type":"Feature","properties":{"id":"1106","ward":11,"precinct":6},"geometry":{"type":"Polygon","coordinates":[[[-71.10538,42.31465],[-71.10579,42.31345],[-71.10609,42.3128],[-71.10629,42.31234],[-71.10661,42.31175],[-71.10699,42.31116],[-71.10735,42.31063],[-71.107,42.31047],[-71.10644,42.31024],[-71.10617,42.31013],[-71.10611,42.3101],[-71.10565,42.30989],[-71.10541,42.3098],[-71.10489,42.30957],[-71.10456,42.30944],[-71.10427,42.30975],[-71.104,42.31001],[-71.10352,42.30989],[-71.10284,42.30974],[-71.1024,42.30965],[-71.10237,42.30998],[-71.10235,42.31047],[-71.10233,42.31061],[-71.1023,42.3107],[-71.10224,42.3108],[-71.10212,42.31094],[-71.10196,42.31107],[-71.10214,42.31119],[-71.10257,42.31147],[-71.1017,42.31234],[-71.10157,42.31248],[-71.10124,42.31284],[-71.10104,42.31305],[-71.10047,42.3136],[-71.10061,42.31366],[-71.10075,42.31373],[-71.10108,42.31394],[-71.10116,42.31399],[-71.10124,42.31405],[-71.10151,42.31434],[-71.10182,42.31472],[-71.10203,42.31499],[-71.10228,42.31526],[-71.10251,42.31554],[-71.10268,42.31576],[-71.10277,42.3159],[-71.10282,42.31601],[-71.10284,42.31606],[-71.10293,42.31629],[-71.10301,42.31647],[-71.10307,42.31656],[-71.10313,42.31662],[-71.1032,42.31668],[-71.10353,42.31683],[-71.10375,42.3169],[-71.10397,42.31696],[-71.1042,42.31701],[-71.10431,42.31702],[-71.10437,42.31703],[-71.10448,42.31703],[-71.10462,42.3167],[-71.10494,42.3158],[-71.10506,42.3155],[-71.1052,42.31512],[-71.10538,42.31465]]]}},{"type":"Feature","properties":{"id":"1107","ward":11,"precinct":7},"geometry":{"type":"Polygon","coordinates":[[[-71.10933,42.30753],[-71.10924,42.30749],[-71.10912,42.30743],[-71.10907,42.3074],[-71.10883,42.30727],[-71.10819,42.30691],[-71.10779,42.30668],[-71.10746,42.3065],[-71.10733,42.30637],[-71.10652,42.3056],[-71.10632,42.30543],[-71.10617,42.30528],[-71.10563,42.30478],[-71.10496,42.30418],[-71.10478,42.30398],[-71.10463,42.30383],[-71.10448,42.30372],[-71.10431,42.30362],[-71.10376,42.3033],[-71.10341,42.30369],[-71.1033,42.30384],[-71.10325,42.30398],[-71.10322,42.30419],[-71.10317,42.30451],[-71.10313,42.30466],[-71.10308,42.3048],[-71.103,42.30494],[-71.10286,42.30507],[-71.10276,42.30518],[-71.10275,42.30521],[-71.10271,42.30528],[-71.10269,42.30542],[-71.10267,42.30566],[-71.10269,42.30597],[-71.10245,42.30598],[-71.10231,42.30598],[-71.10198,42.30599],[-71.10149,42.30658],[-71.10115,42.30655],[-71.10114,42.30663],[-71.10072,42.30657],[-71.1004,42.30727],[-71.10049,42.3073],[-71.10041,42.30749],[-71.10025,42.30787],[-71.10013,42.30793],[-71.10004,42.30793],[-71.09995,42.30791],[-71.09986,42.30807],[-71.09934,42.30884],[-71.09938,42.30908],[-71.09906,42.3092],[-71.0989,42.30925],[-71.09854,42.3094],[-71.09832,42.30951],[-71.09819,42.30959],[-71.09807,42.30973],[-71.09798,42.30989],[-71.09793,42.31004],[-71.09832,42.3101],[-71.09856,42.31015],[-71.09897,42.31026],[-71.09973,42.31052],[-71.10021,42.31064],[-71.10119,42.31087],[-71.10164,42.31098],[-71.10182,42.31103],[-71.10196,42.31107],[-71.10212,42.31094],[-71.10224,42.3108],[-71.1023,42.3107],[-71.10233,42.31061],[-71.10235,42.31047],[-71.10237,42.30998],[-71.1024,42.30965],[-71.10284,42.30974],[-71.10352,42.30989],[-71.104,42.31001],[-71.10427,42.30975],[-71.10456,42.30944],[-71.10489,42.30957],[-71.10541,42.3098],[-71.10565,42.30989],[-71.10611,42.3101],[-71.10617,42.31013],[-71.10644,42.31024],[-71.107,42.31047],[-71.10735,42.31063],[-71.10766,42.31011],[-71.10881,42.30828],[-71.10933,42.30753]]]}},{"type":"Feature","properties":{"id":"1108","ward":11,"precinct":8},"geometry":{"type":"Polygon","coordinates":[[[-71.10466,42.30028],[-71.10461,42.30047],[-71.10458,42.30066],[-71.10457,42.30099],[-71.10458,42.30119],[-71.10458,42.30134],[-71.10461,42.30153],[-71.10467,42.30175],[-71.10476,42.30196],[-71.10485,42.30233],[-71.10456,42.30259],[-71.10434,42.30277],[-71.10407,42.30299],[-71.10387,42.30317],[-71.10376,42.3033],[-71.10431,42.30362],[-71.10448,42.30372],[-71.10463,42.30383],[-71.10478,42.30398],[-71.10496,42.30418],[-71.10563,42.30478],[-71.10617,42.30528],[-71.10632,42.30543],[-71.10652,42.3056],[-71.10733,42.30637],[-71.10746,42.3065],[-71.10779,42.30668],[-71.10819,42.30691],[-71.10883,42.30727],[-71.10907,42.3074],[-71.10912,42.30743],[-71.10924,42.30749],[-71.10933,42.30753],[-71.1103,42.30608],[-71.11117,42.30472],[-71.11193,42.30359],[-71.11287,42.30222],[-71.11297,42.30208],[-71.11313,42.30186],[-71.11316,42.30181],[-71.1132,42.30176],[-71.11338,42.3015],[-71.11343,42.3014],[-71.1135,42.30124],[-71.11416,42.30019],[-71.11408,42.30006],[-71.11355,42.29995],[-71.1136,42.29988],[-71.11387,42.29948],[-71.11409,42.29912],[-71.11314,42.29844],[-71.11272,42.29814],[-71.11184,42.29752],[-71.11126,42.2971],[-71.11118,42.2969],[-71.11104,42.29703],[-71.11067,42.29748],[-71.11027,42.29778],[-71.11006,42.29794],[-71.10982,42.29817],[-71.11008,42.29852],[-71.1096,42.29911],[-71.1085,42.29901],[-71.10825,42.29891],[-71.10761,42.29865],[-71.10753,42.29862],[-71.10736,42.29838],[-71.10727,42.29839],[-71.10686,42.29842],[-71.10645,42.29844],[-71.10618,42.29848],[-71.10605,42.2985],[-71.10586,42.29856],[-71.1057,42.29865],[-71.1056,42.29875],[-71.10552,42.29884],[-71.10546,42.29899],[-71.10541,42.29916],[-71.10536,42.2993],[-71.10525,42.29947],[-71.10512,42.29968],[-71.10498,42.29984],[-71.10479,42.30004],[-71.10469,42.30018],[-71.10466,42.30028]]]}},{"type":"Feature","properties":{"id":"1109","ward":11,"precinct":9},"geometry":{"type":"Polygon","coordinates":[[[-71.11551,42.30766],[-71.11578,42.30759],[-71.11621,42.30749],[-71.11656,42.30741],[-71.11679,42.30736],[-71.11724,42.30726],[-71.11755,42.30719],[-71.11799,42.3071],[-71.11828,42.30706],[-71.11849,42.30702],[-71.11901,42.30699],[-71.1192,42.30698],[-71.11919,42.30679],[-71.1192,42.30642],[-71.11928,42.30619],[-71.11932,42.30609],[-71.11949,42.30578],[-71.11958,42.30559],[-71.11967,42.30538],[-71.1197,42.30523],[-71.11971,42.30516],[-71.11971,42.30507],[-71.1197,42.30496],[-71.11966,42.3048],[-71.1196,42.30467],[-71.1194,42.30444],[-71.11893,42.30411],[-71.11877,42.30425],[-71.1187,42.30435],[-71.11868,42.30445],[-71.11867,42.30458],[-71.11868,42.30471],[-71.11873,42.30484],[-71.11858,42.30484],[-71.11828,42.30478],[-71.11647,42.30447],[-71.11638,42.30446],[-71.11633,42.30447],[-71.1163,42.30465],[-71.11639,42.30507],[-71.1163,42.30512],[-71.11625,42.30517],[-71.11621,42.3053],[-71.11619,42.30541],[-71.11625,42.30559],[-71.11642,42.30598],[-71.11534,42.30623],[-71.1151,42.30631],[-71.11492,42.30595],[-71.11473,42.30595],[-71.11426,42.30597],[-71.11327,42.30601],[-71.1116,42.30612],[-71.11139,42.30613],[-71.11117,42.30615],[-71.1108,42.30615],[-71.11055,42.30614],[-71.11034,42.30609],[-71.1103,42.30608],[-71.10933,42.30753],[-71.10934,42.30753],[-71.10949,42.3076],[-71.10987,42.30775],[-71.11005,42.30783],[-71.1102,42.30788],[-71.11038,42.30791],[-71.1109,42.30796],[-71.11119,42.30799],[-71.11144,42.30799],[-71.11186,42.30797],[-71.11274,42.30789],[-71.11336,42.30784],[-71.11479,42.30773],[-71.11503,42.30771],[-71.11551,42.30766]]]}},{"type":"Feature","properties":{"id":"1110","ward":11,"precinct":10},"geometry":{"type":"Polygon","coordinates":[[[-71.1103,42.30608],[-71.11034,42.30609],[-71.11055,42.30614],[-71.1108,42.30615],[-71.11117,42.30615],[-71.11139,42.30613],[-71.1116,42.30612],[-71.11327,42.30601],[-71.11426,42.30597],[-71.11473,42.30595],[-71.11492,42.30595],[-71.1151,42.30631],[-71.11534,42.30623],[-71.11642,42.30598],[-71.11625,42.30559],[-71.11619,42.30541],[-71.11621,42.3053],[-71.11625,42.30517],[-71.1163,42.30512],[-71.11639,42.30507],[-71.1163,42.30465],[-71.11633,42.30447],[-71.11638,42.30446],[-71.11647,42.30447],[-71.11828,42.30478],[-71.11858,42.30484],[-71.11873,42.30484],[-71.11868,42.30471],[-71.11867,42.30458],[-71.11868,42.30445],[-71.1187,42.30435],[-71.11877,42.30425],[-71.11893,42.30411],[-71.11843,42.30379],[-71.11812,42.30359],[-71.11773,42.30333],[-71.11704,42.30289],[-71.1169,42.30282],[-71.11669,42.30276],[-71.1163,42.30267],[-71.11555,42.30247],[-71.11502,42.30214],[-71.11472,42.30198],[-71.11446,42.30191],[-71.11448,42.30177],[-71.11451,42.30165],[-71.11451,42.3016],[-71.11454,42.30135],[-71.11455,42.30132],[-71.11459,42.30101],[-71.11462,42.30085],[-71.11467,42.30057],[-71.11416,42.30019],[-71.1135,42.30124],[-71.11343,42.3014],[-71.11338,42.3015],[-71.1132,42.30176],[-71.11316,42.30181],[-71.11313,42.30186],[-71.11297,42.30208],[-71.11287,42.30222],[-71.11193,42.30359],[-71.11117,42.30472],[-71.1103,42.30608]]]}},{"type":"Feature","properties":{"id":"1201","ward":12,"precinct":1},"geometry":{"type":"Polygon","coordinates":[[[-71.08345,42.32866],[-71.08393,42.32871],[-71.0844,42.32877],[-71.0849,42.32885],[-71.08499,42.32888],[-71.0851,42.32891],[-71.08518,42.32886],[-71.08573,42.32865],[-71.08616,42.32847],[-71.08637,42.32838],[-71.08658,42.32828],[-71.08674,42.32816],[-71.08679,42.32811],[-71.08685,42.32804],[-71.08694,42.3279],[-71.08696,42.32787],[-71.087,42.32779],[-71.08726,42.32717],[-71.08739,42.32688],[-71.0877,42.32619],[-71.08789,42.32572],[-71.08755,42.32564],[-71.08744,42.32559],[-71.08732,42.32552],[-71.08725,42.32544],[-71.08717,42.32535],[-71.08713,42.32525],[-71.0871,42.32515],[-71.08709,42.32487],[-71.0871,42.32458],[-71.08708,42.32446],[-71.08702,42.32429],[-71.08701,42.32426],[-71.08695,42.32411],[-71.0868,42.32382],[-71.08666,42.32392],[-71.08621,42.32427],[-71.08586,42.32405],[-71.08575,42.32395],[-71.08568,42.32389],[-71.08555,42.32359],[-71.08483,42.32374],[-71.08475,42.32376],[-71.08461,42.32379],[-71.08437,42.32378],[-71.08429,42.32375],[-71.08421,42.32369],[-71.08417,42.32364],[-71.0841,42.32354],[-71.08422,42.32339],[-71.0846,42.32284],[-71.08485,42.32249],[-71.08431,42.32224],[-71.084,42.32212],[-71.08397,42.32211],[-71.08376,42.32203],[-71.08342,42.32194],[-71.08325,42.32191],[-71.08299,42.32188],[-71.08289,42.32186],[-71.08284,42.32183],[-71.08282,42.32179],[-71.08281,42.32169],[-71.08286,42.32136],[-71.08287,42.32121],[-71.08286,42.32106],[-71.0828,42.32067],[-71.08237,42.32069],[-71.08179,42.32074],[-71.08162,42.32074],[-71.08172,42.32107],[-71.0819,42.32167],[-71.08192,42.32174],[-71.08089,42.32224],[-71.08066,42.32235],[-71.08058,42.32237],[-71.08051,42.32238],[-71.08043,42.3224],[-71.08028,42.32248],[-71.08006,42.32266],[-71.07962,42.32301],[-71.07947,42.32312],[-71.07924,42.32332],[-71.0792,42.32336],[-71.07906,42.3235],[-71.07881,42.32381],[-71.0792,42.32398],[-71.07941,42.32407],[-71.0796,42.32417],[-71.07945,42.32427],[-71.07865,42.32488],[-71.07905,42.32514],[-71.07924,42.32526],[-71.0802,42.32594],[-71.08032,42.326],[-71.08032,42.32615],[-71.08036,42.32637],[-71.08068,42.32762],[-71.08081,42.32816],[-71.08089,42.32851],[-71.08131,42.3285],[-71.08134,42.32849],[-71.08152,42.32849],[-71.08275,42.32861],[-71.08345,42.32866]]]}},{"type":"Feature","properties":{"id":"1202","ward":12,"precinct":2},"geometry":{"type":"Polygon","coordinates":[[[-71.0828,42.30934],[-71.08274,42.30944],[-71.08267,42.30954],[-71.08251,42.30967],[-71.08201,42.31026],[-71.08171,42.31066],[-71.08157,42.31084],[-71.08115,42.31137],[-71.08074,42.3119],[-71.08031,42.31243],[-71.08077,42.31261],[-71.08089,42.3127],[-71.08097,42.31278],[-71.081,42.31287],[-71.08102,42.31295],[-71.081,42.31302],[-71.08097,42.31311],[-71.08088,42.31331],[-71.08077,42.3135],[-71.08138,42.31368],[-71.08163,42.31369],[-71.08182,42.31369],[-71.08203,42.31368],[-71.08237,42.31365],[-71.0832,42.31359],[-71.08364,42.31355],[-71.08366,42.3137],[-71.08366,42.31375],[-71.08371,42.31407],[-71.08372,42.31422],[-71.0837,42.31426],[-71.08367,42.3144],[-71.08354,42.31477],[-71.0833,42.31536],[-71.08301,42.31611],[-71.08285,42.31637],[-71.08295,42.31639],[-71.08371,42.31659],[-71.08428,42.31675],[-71.08442,42.31678],[-71.08458,42.3168],[-71.08483,42.31679],[-71.08517,42.31678],[-71.08534,42.31675],[-71.08549,42.31675],[-71.08559,42.31677],[-71.08573,42.31681],[-71.08603,42.3169],[-71.08651,42.31706],[-71.08636,42.31755],[-71.08623,42.31825],[-71.08685,42.31839],[-71.08768,42.31859],[-71.08852,42.31878],[-71.08912,42.31894],[-71.08926,42.31864],[-71.08952,42.31801],[-71.08962,42.31782],[-71.08988,42.31721],[-71.09016,42.31658],[-71.09043,42.31596],[-71.09073,42.31532],[-71.09018,42.31516],[-71.08983,42.31506],[-71.08917,42.31487],[-71.08833,42.31462],[-71.08709,42.31425],[-71.08559,42.31381],[-71.08474,42.31355],[-71.08417,42.31338],[-71.08372,42.31324],[-71.08364,42.3131],[-71.0837,42.31305],[-71.08395,42.31286],[-71.08413,42.3127],[-71.08426,42.31261],[-71.08437,42.31256],[-71.08453,42.31253],[-71.08492,42.31245],[-71.08518,42.31236],[-71.08529,42.31229],[-71.08543,42.31218],[-71.08563,42.31198],[-71.08586,42.3117],[-71.08638,42.31097],[-71.08649,42.31082],[-71.08696,42.31024],[-71.08635,42.30999],[-71.0853,42.30942],[-71.08474,42.31015],[-71.08386,42.30978],[-71.08336,42.30956],[-71.0833,42.30953],[-71.0828,42.30934]]]}},{"type":"Feature","properties":{"id":"1203","ward":12,"precinct":3},"geometry":{"type":"Polygon","coordinates":[[[-71.09024,42.31922],[-71.09017,42.31919],[-71.08951,42.31903],[-71.08912,42.31894],[-71.08895,42.31924],[-71.0889,42.3193],[-71.08882,42.31934],[-71.0887,42.31939],[-71.08852,42.31941],[-71.08825,42.31941],[-71.08814,42.31943],[-71.08808,42.31945],[-71.08769,42.3196],[-71.0881,42.31978],[-71.08861,42.31998],[-71.0884,42.32004],[-71.08803,42.32014],[-71.08773,42.32022],[-71.08743,42.3203],[-71.08694,42.32044],[-71.08675,42.3205],[-71.08653,42.32055],[-71.08632,42.32057],[-71.08601,42.32063],[-71.08601,42.3205],[-71.08598,42.31984],[-71.08572,42.31984],[-71.08553,42.31985],[-71.08538,42.31991],[-71.08529,42.31999],[-71.08515,42.32015],[-71.08499,42.32031],[-71.08456,42.32087],[-71.08433,42.32081],[-71.08422,42.32079],[-71.08366,42.32071],[-71.08333,42.32067],[-71.0831,42.32065],[-71.083,42.32065],[-71.0828,42.32067],[-71.08286,42.32106],[-71.08287,42.32121],[-71.08286,42.32136],[-71.08281,42.32169],[-71.08282,42.32179],[-71.08284,42.32183],[-71.08289,42.32186],[-71.08299,42.32188],[-71.08325,42.32191],[-71.08342,42.32194],[-71.08376,42.32203],[-71.08397,42.32211],[-71.084,42.32212],[-71.08431,42.32224],[-71.08485,42.32249],[-71.0846,42.32284],[-71.08422,42.32339],[-71.0841,42.32354],[-71.08417,42.32364],[-71.08421,42.32369],[-71.08429,42.32375],[-71.08437,42.32378],[-71.08461,42.32379],[-71.08475,42.32376],[-71.08483,42.32374],[-71.08555,42.32359],[-71.08568,42.32389],[-71.08575,42.32395],[-71.08586,42.32405],[-71.08621,42.32427],[-71.08666,42.32392],[-71.0868,42.32382],[-71.08693,42.32375],[-71.08725,42.32362],[-71.08732,42.32358],[-71.0874,42.32354],[-71.08746,42.32349],[-71.08761,42.32335],[-71.08771,42.32319],[-71.08774,42.32314],[-71.08782,42.32303],[-71.08802,42.32277],[-71.08834,42.32235],[-71.08861,42.3226],[-71.09059,42.32103],[-71.09056,42.32088],[-71.09081,42.32085],[-71.09092,42.32076],[-71.09113,42.32059],[-71.09137,42.32043],[-71.09087,42.31987],[-71.09034,42.31929],[-71.09024,42.31922]]]}},{"type":"Feature","properties":{"id":"1204","ward":12,"precinct":4},"geometry":{"type":"Polygon","coordinates":[[[-71.07775,42.32044],[-71.07771,42.32064],[-71.07765,42.32085],[-71.07763,42.32092],[-71.07749,42.32128],[-71.07728,42.32182],[-71.07722,42.32198],[-71.07719,42.3221],[-71.07715,42.3222],[-71.0771,42.32229],[-71.07693,42.32253],[-71.07666,42.3229],[-71.07752,42.32327],[-71.07785,42.3234],[-71.07833,42.32361],[-71.07881,42.32381],[-71.07906,42.3235],[-71.0792,42.32336],[-71.07924,42.32332],[-71.07947,42.32312],[-71.07962,42.32301],[-71.08006,42.32266],[-71.08028,42.32248],[-71.08043,42.3224],[-71.08051,42.32238],[-71.08058,42.32237],[-71.08066,42.32235],[-71.08089,42.32224],[-71.08192,42.32174],[-71.0819,42.32167],[-71.08172,42.32107],[-71.08162,42.32074],[-71.08151,42.32034],[-71.08143,42.32007],[-71.08139,42.31981],[-71.08138,42.31968],[-71.08139,42.31946],[-71.08148,42.31907],[-71.08156,42.31881],[-71.08165,42.31857],[-71.08179,42.31828],[-71.08145,42.31809],[-71.08124,42.31798],[-71.08097,42.31782],[-71.08086,42.31776],[-71.08064,42.3176],[-71.08018,42.31725],[-71.07978,42.31691],[-71.07934,42.31656],[-71.07928,42.31652],[-71.07896,42.31626],[-71.07884,42.31619],[-71.07858,42.31605],[-71.07822,42.31588],[-71.07815,42.31623],[-71.07805,42.3169],[-71.07801,42.31721],[-71.07797,42.31739],[-71.0779,42.31781],[-71.07781,42.3183],[-71.07776,42.31861],[-71.07775,42.31875],[-71.07775,42.31885],[-71.07775,42.31907],[-71.07775,42.31929],[-71.07776,42.31975],[-71.07776,42.31988],[-71.07776,42.32022],[-71.07775,42.3204],[-71.07775,42.32044]]]}},{"type":"Feature","properties":{"id":"1205","ward":12,"precinct":5},"geometry":{"type":"Polygon","coordinates":[[[-71.08623,42.31825],[-71.08523,42.31797],[-71.08469,42.31785],[-71.08437,42.31777],[-71.08418,42.31773],[-71.0832,42.31747],[-71.08248,42.3173],[-71.08237,42.31724],[-71.08217,42.31757],[-71.08199,42.31789],[-71.08192,42.31803],[-71.08179,42.31828],[-71.08165,42.31857],[-71.08156,42.31881],[-71.08148,42.31907],[-71.08139,42.31946],[-71.08138,42.31968],[-71.08139,42.31981],[-71.08143,42.32007],[-71.08151,42.32034],[-71.08162,42.32074],[-71.08179,42.32074],[-71.08237,42.32069],[-71.0828,42.32067],[-71.083,42.32065],[-71.0831,42.32065],[-71.08333,42.32067],[-71.08366,42.32071],[-71.08422,42.32079],[-71.08433,42.32081],[-71.08456,42.32087],[-71.08499,42.32031],[-71.08515,42.32015],[-71.08529,42.31999],[-71.08538,42.31991],[-71.08553,42.31985],[-71.08572,42.31984],[-71.08598,42.31984],[-71.08601,42.3205],[-71.08601,42.32063],[-71.08632,42.32057],[-71.08653,42.32055],[-71.08675,42.3205],[-71.08694,42.32044],[-71.08743,42.3203],[-71.08773,42.32022],[-71.08803,42.32014],[-71.0884,42.32004],[-71.08861,42.31998],[-71.0881,42.31978],[-71.08769,42.3196],[-71.08808,42.31945],[-71.08814,42.31943],[-71.08825,42.31941],[-71.08852,42.31941],[-71.0887,42.31939],[-71.08882,42.31934],[-71.0889,42.3193],[-71.08895,42.31924],[-71.08912,42.31894],[-71.08852,42.31878],[-71.08768,42.31859],[-71.08685,42.31839],[-71.08623,42.31825]]]}},{"type":"Feature","properties":{"id":"1206","ward":12,"precinct":6},"geometry":{"type":"Polygon","coordinates":[[[-71.07917,42.31406],[-71.07882,42.31462],[-71.07848,42.31524],[-71.07833,42.31556],[-71.07827,42.31569],[-71.07822,42.31588],[-71.07858,42.31605],[-71.07884,42.31619],[-71.07896,42.31626],[-71.07928,42.31652],[-71.07934,42.31656],[-71.07978,42.31691],[-71.08018,42.31725],[-71.08064,42.3176],[-71.08086,42.31776],[-71.08097,42.31782],[-71.08124,42.31798],[-71.08145,42.31809],[-71.08179,42.31828],[-71.08192,42.31803],[-71.08199,42.31789],[-71.08217,42.31757],[-71.08237,42.31724],[-71.08248,42.3173],[-71.0832,42.31747],[-71.08418,42.31773],[-71.08437,42.31777],[-71.08469,42.31785],[-71.08523,42.31797],[-71.08623,42.31825],[-71.08636,42.31755],[-71.08651,42.31706],[-71.08603,42.3169],[-71.08573,42.31681],[-71.08559,42.31677],[-71.08549,42.31675],[-71.08534,42.31675],[-71.08517,42.31678],[-71.08483,42.31679],[-71.08458,42.3168],[-71.08442,42.31678],[-71.08428,42.31675],[-71.08371,42.31659],[-71.08295,42.31639],[-71.08285,42.31637],[-71.08301,42.31611],[-71.0833,42.31536],[-71.08354,42.31477],[-71.08367,42.3144],[-71.0837,42.31426],[-71.08372,42.31422],[-71.08371,42.31407],[-71.08366,42.31375],[-71.08366,42.3137],[-71.08364,42.31355],[-71.0832,42.31359],[-71.08237,42.31365],[-71.08203,42.31368],[-71.08182,42.31369],[-71.08163,42.31369],[-71.08138,42.31368],[-71.08077,42.3135],[-71.08088,42.31331],[-71.08097,42.31311],[-71.081,42.31302],[-71.08102,42.31295],[-71.081,42.31287],[-71.08097,42.31278],[-71.08089,42.3127],[-71.08077,42.31261],[-71.08031,42.31243],[-71.08009,42.3127],[-71.07968,42.31323],[-71.0795,42.31352],[-71.0794,42.31368],[-71.07917,42.31406]]]}},{"type":"Feature","properties":{"id":"1207","ward":12,"precinct":7},"geometry":{"type":"Polygon","coordinates":[[[-71.0964,42.29324],[-71.09531,42.2931],[-71.09506,42.29309],[-71.09468,42.29308],[-71.09454,42.29303],[-71.09444,42.29313],[-71.09435,42.29323],[-71.09427,42.29331],[-71.09323,42.29455],[-71.09317,42.29462],[-71.09258,42.29544],[-71.09233,42.29576],[-71.09221,42.29589],[-71.09172,42.29657],[-71.09157,42.29676],[-71.09144,42.29687],[-71.09135,42.29693],[-71.09118,42.29701],[-71.09092,42.29712],[-71.09048,42.29727],[-71.09006,42.2974],[-71.08964,42.29751],[-71.0886,42.29775],[-71.08742,42.29805],[-71.08699,42.29815],[-71.08694,42.29837],[-71.08679,42.29878],[-71.08669,42.29911],[-71.08654,42.29957],[-71.0864,42.30001],[-71.08626,42.3004],[-71.08616,42.30064],[-71.08592,42.30134],[-71.0859,42.30139],[-71.08573,42.30196],[-71.08556,42.3025],[-71.08536,42.3031],[-71.08525,42.30345],[-71.085,42.30419],[-71.08492,42.30444],[-71.08485,42.30471],[-71.08474,42.30529],[-71.08472,42.30546],[-71.08469,42.30562],[-71.08465,42.30594],[-71.08462,42.30612],[-71.08455,42.30639],[-71.08448,42.30662],[-71.0844,42.30681],[-71.0843,42.30702],[-71.08419,42.3072],[-71.08403,42.30743],[-71.0839,42.3076],[-71.08369,42.3079],[-71.08325,42.30848],[-71.08309,42.30875],[-71.08308,42.30878],[-71.08297,42.30901],[-71.0828,42.30934],[-71.0833,42.30953],[-71.08336,42.30956],[-71.08386,42.30978],[-71.08474,42.31015],[-71.0853,42.30942],[-71.08635,42.30999],[-71.08696,42.31024],[-71.08722,42.30989],[-71.08739,42.30998],[-71.08793,42.31045],[-71.08826,42.3107],[-71.08848,42.31089],[-71.08878,42.3111],[-71.08901,42.31124],[-71.08925,42.31138],[-71.09023,42.3118],[-71.09051,42.31191],[-71.0911,42.31116],[-71.09193,42.31158],[-71.09239,42.31109],[-71.09273,42.31072],[-71.09287,42.31063],[-71.09301,42.3108],[-71.09312,42.31097],[-71.09319,42.3111],[-71.0933,42.31147],[-71.09338,42.31176],[-71.09348,42.31219],[-71.0936,42.31216],[-71.09364,42.31227],[-71.09375,42.31246],[-71.09386,42.31259],[-71.09398,42.3127],[-71.09411,42.31278],[-71.09427,42.31285],[-71.09462,42.31298],[-71.09466,42.313],[-71.09482,42.31308],[-71.09515,42.31329],[-71.09536,42.31314],[-71.09554,42.313],[-71.09598,42.31268],[-71.09625,42.3125],[-71.09639,42.3124],[-71.09658,42.31232],[-71.09683,42.31225],[-71.09702,42.31219],[-71.09709,42.31216],[-71.0973,42.31202],[-71.09749,42.31187],[-71.09764,42.31169],[-71.09775,42.31155],[-71.0978,42.31143],[-71.09783,42.31127],[-71.09785,42.31108],[-71.09786,42.31094],[-71.09787,42.31059],[-71.09787,42.31045],[-71.0979,42.31022],[-71.09793,42.31004],[-71.09798,42.30989],[-71.09807,42.30973],[-71.09819,42.30959],[-71.09832,42.30951],[-71.09854,42.3094],[-71.0989,42.30925],[-71.09906,42.3092],[-71.09938,42.30908],[-71.09934,42.30884],[-71.09986,42.30807],[-71.09995,42.30791],[-71.10004,42.30793],[-71.10013,42.30793],[-71.10025,42.30787],[-71.10041,42.30749],[-71.10049,42.3073],[-71.1004,42.30727],[-71.10072,42.30657],[-71.10114,42.30663],[-71.10115,42.30655],[-71.10149,42.30658],[-71.10198,42.30599],[-71.10231,42.30598],[-71.10245,42.30598],[-71.10269,42.30597],[-71.10267,42.30566],[-71.10269,42.30542],[-71.10271,42.30528],[-71.10275,42.30521],[-71.10276,42.30518],[-71.10286,42.30507],[-71.103,42.30494],[-71.10308,42.3048],[-71.10313,42.30466],[-71.10317,42.30451],[-71.10322,42.30419],[-71.10325,42.30398],[-71.1033,42.30384],[-71.10341,42.30369],[-71.10376,42.3033],[-71.10387,42.30317],[-71.10407,42.30299],[-71.10434,42.30277],[-71.10456,42.30259],[-71.10485,42.30233],[-71.10476,42.30196],[-71.10467,42.30175],[-71.10461,42.30153],[-71.10458,42.30134],[-71.10458,42.30119],[-71.10457,42.30099],[-71.10458,42.30066],[-71.10461,42.30047],[-71.10466,42.30028],[-71.10427,42.30024],[-71.10409,42.30019],[-71.10405,42.30018],[-71.10393,42.30014],[-71.10383,42.30011],[-71.10376,42.30009],[-71.10362,42.30002],[-71.10349,42.29994],[-71.10329,42.29981],[-71.10295,42.2995],[-71.10259,42.29918],[-71.10186,42.29852],[-71.10097,42.29768],[-71.10022,42.29697],[-71.09982,42.29658],[-71.09947,42.29625],[-71.09916,42.29595],[-71.099,42.29579],[-71.09885,42.29565],[-71.0974,42.29423],[-71.0969,42.29374],[-71.09662,42.29347],[-71.0964,42.29324]]]}},{"type":"Feature","properties":{"id":"1208","ward":12,"precinct":8},"geometry":{"type":"Polygon","coordinates":[[[-71.0936,42.31216],[-71.09348,42.31219],[-71.09329,42.31222],[-71.09319,42.31225],[-71.0931,42.31234],[-71.09285,42.31265],[-71.0926,42.31297],[-71.09229,42.31335],[-71.09203,42.31368],[-71.09156,42.31343],[-71.09092,42.31313],[-71.09013,42.31273],[-71.08993,42.31264],[-71.0894,42.31327],[-71.08916,42.31357],[-71.08881,42.31402],[-71.08844,42.31446],[-71.08833,42.31462],[-71.08917,42.31487],[-71.08983,42.31506],[-71.09018,42.31516],[-71.09073,42.31532],[-71.09043,42.31596],[-71.09016,42.31658],[-71.08988,42.31721],[-71.08962,42.31782],[-71.08952,42.31801],[-71.08926,42.31864],[-71.08912,42.31894],[-71.08951,42.31903],[-71.09017,42.31919],[-71.09024,42.31922],[-71.09067,42.31888],[-71.0908,42.31876],[-71.09084,42.31868],[-71.09091,42.31851],[-71.091,42.31828],[-71.09113,42.31796],[-71.09129,42.31761],[-71.09162,42.31701],[-71.09178,42.31697],[-71.09197,42.31695],[-71.09229,42.31692],[-71.09247,42.3169],[-71.09272,42.31685],[-71.09296,42.31676],[-71.09309,42.31668],[-71.09318,42.31655],[-71.09323,42.31645],[-71.09333,42.31616],[-71.09347,42.3158],[-71.09356,42.31552],[-71.09362,42.31525],[-71.09368,42.31502],[-71.09376,42.31479],[-71.09382,42.31455],[-71.09386,42.31447],[-71.09394,42.31433],[-71.09409,42.31415],[-71.09417,42.31407],[-71.0944,42.31388],[-71.09479,42.31358],[-71.09504,42.31339],[-71.09515,42.31329],[-71.09482,42.31308],[-71.09466,42.313],[-71.09462,42.31298],[-71.09427,42.31285],[-71.09411,42.31278],[-71.09398,42.3127],[-71.09386,42.31259],[-71.09375,42.31246],[-71.09364,42.31227],[-71.0936,42.31216]]]}},{"type":"Feature","properties":{"id":"1209","ward":12,"precinct":9},"geometry":{"type":"Polygon","coordinates":[[[-71.08696,42.31024],[-71.08649,42.31082],[-71.08638,42.31097],[-71.08586,42.3117],[-71.08563,42.31198],[-71.08543,42.31218],[-71.08529,42.31229],[-71.08518,42.31236],[-71.08492,42.31245],[-71.08453,42.31253],[-71.08437,42.31256],[-71.08426,42.31261],[-71.08413,42.3127],[-71.08395,42.31286],[-71.0837,42.31305],[-71.08364,42.3131],[-71.08372,42.31324],[-71.08417,42.31338],[-71.08474,42.31355],[-71.08559,42.31381],[-71.08709,42.31425],[-71.08833,42.31462],[-71.08844,42.31446],[-71.08881,42.31402],[-71.08916,42.31357],[-71.0894,42.31327],[-71.08993,42.31264],[-71.09013,42.31273],[-71.09092,42.31313],[-71.09156,42.31343],[-71.09203,42.31368],[-71.09229,42.31335],[-71.0926,42.31297],[-71.09285,42.31265],[-71.0931,42.31234],[-71.09319,42.31225],[-71.09329,42.31222],[-71.09348,42.31219],[-71.09338,42.31176],[-71.0933,42.31147],[-71.09319,42.3111],[-71.09312,42.31097],[-71.09301,42.3108],[-71.09287,42.31063],[-71.09273,42.31072],[-71.09239,42.31109],[-71.09193,42.31158],[-71.0911,42.31116],[-71.09051,42.31191],[-71.09023,42.3118],[-71.08925,42.31138],[-71.08901,42.31124],[-71.08878,42.3111],[-71.08848,42.31089],[-71.08826,42.3107],[-71.08793,42.31045],[-71.08739,42.30998],[-71.08722,42.30989],[-71.08696,42.31024]]]}},{"type":"Feature","properties":{"id":"1301","ward":13,"precinct":1},"geometry":{"type":"Polygon","coordinates":[[[-71.07552,42.32058],[-71.07668,42.32049],[-71.07712,42.32046],[-71.07725,42.32045],[-71.07733,42.32044],[-71.07754,42.32044],[-71.07775,42.32044],[-71.07775,42.3204],[-71.07776,42.32022],[-71.07776,42.31988],[-71.07776,42.31975],[-71.07775,42.31929],[-71.07775,42.31907],[-71.07775,42.31885],[-71.07775,42.31875],[-71.07776,42.31861],[-71.07781,42.3183],[-71.0779,42.31781],[-71.07797,42.31739],[-71.07801,42.31721],[-71.07805,42.3169],[-71.07815,42.31623],[-71.07822,42.31588],[-71.07827,42.31569],[-71.07833,42.31556],[-71.07848,42.31524],[-71.07882,42.31462],[-71.07917,42.31406],[-71.07795,42.31345],[-71.07663,42.3128],[-71.07588,42.31243],[-71.07513,42.31205],[-71.075,42.31223],[-71.07481,42.31254],[-71.07473,42.31267],[-71.07468,42.31275],[-71.07465,42.31285],[-71.07497,42.31299],[-71.07536,42.31313],[-71.07558,42.3132],[-71.07567,42.31323],[-71.0755,42.3134],[-71.07546,42.31345],[-71.07535,42.31358],[-71.07528,42.31368],[-71.07527,42.31371],[-71.07526,42.31386],[-71.07524,42.31408],[-71.07522,42.31438],[-71.0745,42.31433],[-71.07449,42.31453],[-71.07449,42.31463],[-71.07451,42.31474],[-71.07458,42.31505],[-71.07468,42.31542],[-71.07487,42.31554],[-71.07502,42.31559],[-71.07519,42.31563],[-71.07541,42.31566],[-71.0754,42.31584],[-71.07537,42.31595],[-71.07533,42.31603],[-71.07526,42.31609],[-71.0752,42.31612],[-71.07511,42.31616],[-71.07499,42.3162],[-71.07487,42.31625],[-71.07485,42.31626],[-71.07477,42.31631],[-71.0747,42.31638],[-71.07465,42.31645],[-71.07463,42.3165],[-71.07457,42.31683],[-71.07454,42.31712],[-71.0745,42.31728],[-71.07447,42.31743],[-71.07439,42.31766],[-71.07426,42.31813],[-71.07424,42.31825],[-71.07409,42.31837],[-71.07383,42.31855],[-71.07354,42.31879],[-71.07331,42.31903],[-71.07387,42.31939],[-71.07405,42.3195],[-71.07383,42.32018],[-71.07387,42.32019],[-71.07395,42.32022],[-71.07399,42.32024],[-71.07401,42.32026],[-71.07405,42.32032],[-71.07406,42.32076],[-71.07428,42.32073],[-71.07486,42.32066],[-71.07501,42.32064],[-71.07552,42.32058]]]}},{"type":"Feature","properties":{"id":"1302","ward":13,"precinct":2},"geometry":{"type":"Polygon","coordinates":[[[-71.07406,42.32076],[-71.07405,42.32032],[-71.07401,42.32026],[-71.07399,42.32024],[-71.07395,42.32022],[-71.07387,42.32019],[-71.07383,42.32018],[-71.07405,42.3195],[-71.07387,42.31939],[-71.07331,42.31903],[-71.07354,42.31879],[-71.07383,42.31855],[-71.07409,42.31837],[-71.07424,42.31825],[-71.07412,42.31815],[-71.07389,42.31802],[-71.07358,42.31783],[-71.07347,42.31773],[-71.07337,42.31762],[-71.07316,42.31726],[-71.07301,42.31704],[-71.07279,42.31721],[-71.0724,42.31749],[-71.07218,42.31764],[-71.072,42.31775],[-71.07192,42.31778],[-71.07183,42.31779],[-71.07174,42.31779],[-71.07168,42.31779],[-71.07151,42.31775],[-71.07039,42.31745],[-71.07017,42.31794],[-71.06952,42.31779],[-71.06898,42.31772],[-71.06875,42.3186],[-71.0691,42.31874],[-71.0697,42.31896],[-71.06997,42.31905],[-71.0702,42.31916],[-71.07036,42.31925],[-71.07046,42.31933],[-71.07067,42.31956],[-71.07087,42.31979],[-71.07128,42.32017],[-71.07193,42.32076],[-71.07203,42.32087],[-71.07209,42.32096],[-71.07215,42.32106],[-71.07218,42.32117],[-71.0722,42.32137],[-71.07235,42.32133],[-71.07241,42.32131],[-71.07317,42.32104],[-71.07371,42.32085],[-71.07395,42.32078],[-71.07406,42.32076]]]}},{"type":"Feature","properties":{"id":"1303","ward":13,"precinct":3},"geometry":{"type":"Polygon","coordinates":[[[-71.0282,42.32461],[-71.03309,42.32481],[-71.03489,42.32481],[-71.03719,42.32481],[-71.03958,42.32475],[-71.04452,42.32462],[-71.045,42.3246],[-71.04511,42.324],[-71.04541,42.32381],[-71.04579,42.32357],[-71.04623,42.32329],[-71.04784,42.3226],[-71.04943,42.32215],[-71.05028,42.32187],[-71.05028,42.32189],[-71.05024,42.32203],[-71.05053,42.32185],[-71.05073,42.32171],[-71.05092,42.32154],[-71.05107,42.32146],[-71.05123,42.32141],[-71.05137,42.32142],[-71.05155,42.32144],[-71.05181,42.32145],[-71.05199,42.32147],[-71.05204,42.32147],[-71.05209,42.32148],[-71.05229,42.32147],[-71.05246,42.32147],[-71.05239,42.32126],[-71.05231,42.32101],[-71.05225,42.32068],[-71.05216,42.32006],[-71.05212,42.31984],[-71.05214,42.31963],[-71.05214,42.31952],[-71.05215,42.31935],[-71.05217,42.31903],[-71.05217,42.31882],[-71.05214,42.31789],[-71.05212,42.31724],[-71.05206,42.31619],[-71.052,42.31554],[-71.05198,42.31498],[-71.0515,42.31488],[-71.05132,42.31482],[-71.04963,42.31431],[-71.04783,42.31453],[-71.04762,42.31451],[-71.04712,42.31456],[-71.04698,42.31457],[-71.04663,42.3146],[-71.04621,42.31464],[-71.04558,42.31464],[-71.04171,42.31461],[-71.04134,42.31461],[-71.03671,42.31458],[-71.0357,42.31458],[-71.03448,42.31458],[-71.03324,42.31457],[-71.03281,42.31457],[-71.03278,42.31434],[-71.03278,42.31393],[-71.03289,42.31377],[-71.03293,42.31371],[-71.03293,42.31361],[-71.03278,42.3135],[-71.03274,42.31335],[-71.03269,42.31331],[-71.03226,42.31298],[-71.03215,42.31289],[-71.032,42.31277],[-71.03179,42.31263],[-71.03234,42.31233],[-71.03382,42.31124],[-71.03546,42.31022],[-71.03585,42.30997],[-71.03585,42.3099],[-71.03604,42.30969],[-71.03623,42.30959],[-71.03642,42.30953],[-71.03671,42.30942],[-71.03709,42.30932],[-71.03728,42.30921],[-71.03838,42.30946],[-71.03926,42.30997],[-71.03981,42.31027],[-71.04142,42.31109],[-71.04015,42.30977],[-71.039,42.30858],[-71.03709,42.30661],[-71.03537,42.30704],[-71.03021,42.30835],[-71.02849,42.30878],[-71.02847,42.30879],[-71.02841,42.3088],[-71.0284,42.30881],[-71.0282,42.32461]]]}},{"type":"Feature","properties":{"id":"1304","ward":13,"precinct":4},"geometry":{"type":"Polygon","coordinates":[[[-71.07048,42.31428],[-71.06953,42.31622],[-71.06928,42.31681],[-71.06917,42.31708],[-71.06902,42.31756],[-71.06898,42.31772],[-71.06952,42.31779],[-71.07017,42.31794],[-71.07039,42.31745],[-71.07151,42.31775],[-71.07168,42.31779],[-71.07174,42.31779],[-71.07183,42.31779],[-71.07192,42.31778],[-71.072,42.31775],[-71.07218,42.31764],[-71.0724,42.31749],[-71.07279,42.31721],[-71.07301,42.31704],[-71.07316,42.31726],[-71.07337,42.31762],[-71.07347,42.31773],[-71.07358,42.31783],[-71.07389,42.31802],[-71.07412,42.31815],[-71.07424,42.31825],[-71.07426,42.31813],[-71.07439,42.31766],[-71.07447,42.31743],[-71.0745,42.31728],[-71.07454,42.31712],[-71.07457,42.31683],[-71.07463,42.3165],[-71.07465,42.31645],[-71.0747,42.31638],[-71.07477,42.31631],[-71.07485,42.31626],[-71.07487,42.31625],[-71.07499,42.3162],[-71.07511,42.31616],[-71.0752,42.31612],[-71.07526,42.31609],[-71.07533,42.31603],[-71.07537,42.31595],[-71.0754,42.31584],[-71.07541,42.31566],[-71.07519,42.31563],[-71.07502,42.31559],[-71.07487,42.31554],[-71.07468,42.31542],[-71.07458,42.31505],[-71.07451,42.31474],[-71.07449,42.31463],[-71.07449,42.31453],[-71.0745,42.31433],[-71.07522,42.31438],[-71.07524,42.31408],[-71.07526,42.31386],[-71.07527,42.31371],[-71.07528,42.31368],[-71.07535,42.31358],[-71.07546,42.31345],[-71.0755,42.3134],[-71.07567,42.31323],[-71.07558,42.3132],[-71.07536,42.31313],[-71.07497,42.31299],[-71.07465,42.31285],[-71.07409,42.31262],[-71.07362,42.31241],[-71.07317,42.31223],[-71.07279,42.31216],[-71.0722,42.31204],[-71.07193,42.31199],[-71.07162,42.31189],[-71.07099,42.3132],[-71.07094,42.31329],[-71.0706,42.31404],[-71.07048,42.31428]]]}},{"type":"Feature","properties":{"id":"1305","ward":13,"precinct":5},"geometry":{"type":"Polygon","coordinates":[[[-71.06475,42.31284],[-71.06458,42.3127],[-71.06441,42.31258],[-71.06429,42.31267],[-71.06422,42.31275],[-71.06417,42.31285],[-71.06415,42.31297],[-71.06415,42.31306],[-71.06416,42.31316],[-71.06421,42.3133],[-71.06438,42.31361],[-71.06443,42.31375],[-71.06444,42.31385],[-71.06441,42.31394],[-71.06433,42.31403],[-71.06421,42.31411],[-71.0643,42.31419],[-71.06442,42.31433],[-71.06452,42.31449],[-71.06457,42.31464],[-71.0646,42.31478],[-71.06395,42.31467],[-71.06338,42.31453],[-71.06336,42.31458],[-71.06321,42.31495],[-71.06287,42.31574],[-71.06272,42.31601],[-71.06314,42.3162],[-71.06383,42.31651],[-71.06458,42.31682],[-71.06501,42.317],[-71.0652,42.31708],[-71.06542,42.31719],[-71.06622,42.31755],[-71.06656,42.31769],[-71.06684,42.31782],[-71.06724,42.31799],[-71.06743,42.31807],[-71.06797,42.3183],[-71.06824,42.31841],[-71.06875,42.3186],[-71.06898,42.31772],[-71.06902,42.31756],[-71.06917,42.31708],[-71.06928,42.31681],[-71.06953,42.31622],[-71.07048,42.31428],[-71.07021,42.3143],[-71.06927,42.31452],[-71.06878,42.31463],[-71.06855,42.31465],[-71.06769,42.31463],[-71.06743,42.31461],[-71.06722,42.31462],[-71.06687,42.31467],[-71.06675,42.31469],[-71.06639,42.31474],[-71.06606,42.31481],[-71.06586,42.31484],[-71.06582,42.3147],[-71.06572,42.31448],[-71.06547,42.31403],[-71.0652,42.31357],[-71.06514,42.31346],[-71.065,42.31318],[-71.06489,42.31301],[-71.06475,42.31284]]]}},{"type":"Feature","properties":{"id":"1306","ward":13,"precinct":6},"geometry":{"type":"Polygon","coordinates":[[[-71.05883,42.31861],[-71.05912,42.31866],[-71.05927,42.3187],[-71.05945,42.31878],[-71.0596,42.31888],[-71.05965,42.31872],[-71.05988,42.31798],[-71.06065,42.31814],[-71.06167,42.31839],[-71.06185,42.31805],[-71.06192,42.31791],[-71.06209,42.31749],[-71.06217,42.31732],[-71.06227,42.31708],[-71.06232,42.31696],[-71.06239,42.31674],[-71.06253,42.31641],[-71.06259,42.31625],[-71.06272,42.31601],[-71.06287,42.31574],[-71.06321,42.31495],[-71.06336,42.31458],[-71.06338,42.31453],[-71.06395,42.31467],[-71.0646,42.31478],[-71.06457,42.31464],[-71.06452,42.31449],[-71.06442,42.31433],[-71.0643,42.31419],[-71.06421,42.31411],[-71.06433,42.31403],[-71.06441,42.31394],[-71.06444,42.31385],[-71.06443,42.31375],[-71.06438,42.31361],[-71.06421,42.3133],[-71.06416,42.31316],[-71.06415,42.31306],[-71.06415,42.31297],[-71.06417,42.31285],[-71.06422,42.31275],[-71.06429,42.31267],[-71.06441,42.31258],[-71.06427,42.31247],[-71.06375,42.31214],[-71.06352,42.31199],[-71.06342,42.31192],[-71.06324,42.31178],[-71.06286,42.31143],[-71.06265,42.31123],[-71.06251,42.31111],[-71.0624,42.31101],[-71.06217,42.31078],[-71.06207,42.31073],[-71.06172,42.31056],[-71.06093,42.3103],[-71.06075,42.31021],[-71.06045,42.31011],[-71.06022,42.31008],[-71.06006,42.31009],[-71.05999,42.31011],[-71.05989,42.31016],[-71.05981,42.3102],[-71.05977,42.31025],[-71.05957,42.31056],[-71.05951,42.31069],[-71.05943,42.31089],[-71.05938,42.31105],[-71.05987,42.31118],[-71.0603,42.31128],[-71.06089,42.31142],[-71.06102,42.31146],[-71.06118,42.31153],[-71.06142,42.31167],[-71.06202,42.31197],[-71.06233,42.31214],[-71.06237,42.3122],[-71.06239,42.31224],[-71.06239,42.31229],[-71.06233,42.31236],[-71.06221,42.31249],[-71.06211,42.31261],[-71.06332,42.31309],[-71.06342,42.31314],[-71.06348,42.31318],[-71.06352,42.31324],[-71.06352,42.31328],[-71.06342,42.31344],[-71.06326,42.3137],[-71.06301,42.3136],[-71.06237,42.31334],[-71.06217,42.31358],[-71.06179,42.31402],[-71.06165,42.31421],[-71.06089,42.31513],[-71.06046,42.31494],[-71.06002,42.31475],[-71.05997,42.31489],[-71.05986,42.31523],[-71.05972,42.31567],[-71.05962,42.31599],[-71.05954,42.31621],[-71.05946,42.31649],[-71.05937,42.31673],[-71.05921,42.31726],[-71.05911,42.31759],[-71.05905,42.31781],[-71.05897,42.31813],[-71.0589,42.31845],[-71.05883,42.31861]]]}},{"type":"Feature","properties":{"id":"1307","ward":13,"precinct":7},"geometry":{"type":"Polygon","coordinates":[[[-71.05246,42.32147],[-71.05257,42.32147],[-71.05294,42.32149],[-71.05335,42.32141],[-71.05348,42.32141],[-71.05366,42.3214],[-71.05414,42.32137],[-71.05445,42.32137],[-71.05471,42.32136],[-71.05498,42.32133],[-71.05533,42.32125],[-71.05564,42.32117],[-71.05584,42.3211],[-71.05608,42.32099],[-71.05658,42.32078],[-71.05677,42.32073],[-71.05676,42.31986],[-71.05726,42.31969],[-71.05769,42.31954],[-71.05834,42.3194],[-71.05873,42.31934],[-71.05895,42.31932],[-71.05922,42.31933],[-71.05911,42.31921],[-71.05888,42.31895],[-71.05872,42.31875],[-71.05879,42.31867],[-71.05883,42.31861],[-71.0589,42.31845],[-71.05897,42.31813],[-71.05825,42.31801],[-71.05672,42.31773],[-71.05671,42.31756],[-71.05623,42.3175],[-71.05559,42.31738],[-71.05492,42.31724],[-71.05487,42.31723],[-71.05433,42.31713],[-71.05394,42.31706],[-71.05336,42.31698],[-71.05298,42.31694],[-71.05259,42.31691],[-71.05258,42.31722],[-71.05258,42.31805],[-71.05258,42.31843],[-71.05258,42.31912],[-71.0527,42.31925],[-71.05275,42.31931],[-71.05257,42.31937],[-71.05222,42.31889],[-71.05217,42.31882],[-71.05217,42.31903],[-71.05215,42.31935],[-71.05214,42.31952],[-71.05214,42.31963],[-71.05212,42.31984],[-71.05216,42.32006],[-71.05225,42.32068],[-71.05231,42.32101],[-71.05239,42.32126],[-71.05246,42.32147]]]}},{"type":"Feature","properties":{"id":"1308","ward":13,"precinct":8},"geometry":{"type":"Polygon","coordinates":[[[-71.05217,42.31882],[-71.05222,42.31889],[-71.05257,42.31937],[-71.05275,42.31931],[-71.0527,42.31925],[-71.05258,42.31912],[-71.05258,42.31843],[-71.05258,42.31805],[-71.05258,42.31722],[-71.05259,42.31691],[-71.05298,42.31694],[-71.05336,42.31698],[-71.05394,42.31706],[-71.05433,42.31713],[-71.05487,42.31723],[-71.05492,42.31724],[-71.05559,42.31738],[-71.05623,42.3175],[-71.05671,42.31756],[-71.05672,42.31773],[-71.05825,42.31801],[-71.05897,42.31813],[-71.05905,42.31781],[-71.05911,42.31759],[-71.05921,42.31726],[-71.05937,42.31673],[-71.05946,42.31649],[-71.05954,42.31621],[-71.05962,42.31599],[-71.05972,42.31567],[-71.05986,42.31523],[-71.05894,42.31506],[-71.05778,42.31483],[-71.05681,42.31465],[-71.05676,42.31493],[-71.0567,42.31518],[-71.05666,42.31543],[-71.05652,42.31539],[-71.05627,42.31534],[-71.05528,42.31516],[-71.05483,42.31509],[-71.05458,42.31506],[-71.05388,42.31493],[-71.05377,42.31527],[-71.05308,42.31514],[-71.05252,42.31504],[-71.05198,42.31498],[-71.052,42.31554],[-71.05206,42.31619],[-71.05212,42.31724],[-71.05214,42.31789],[-71.05217,42.31882]]]}},{"type":"Feature","properties":{"id":"1309","ward":13,"precinct":9},"geometry":{"type":"Polygon","coordinates":[[[-71.05458,42.31506],[-71.05483,42.31509],[-71.05528,42.31516],[-71.05627,42.31534],[-71.05652,42.31539],[-71.05666,42.31543],[-71.0567,42.31518],[-71.05676,42.31493],[-71.05681,42.31465],[-71.05778,42.31483],[-71.05894,42.31506],[-71.05986,42.31523],[-71.05997,42.31489],[-71.06002,42.31475],[-71.06046,42.31494],[-71.06089,42.31513],[-71.06165,42.31421],[-71.06179,42.31402],[-71.06217,42.31358],[-71.06237,42.31334],[-71.06301,42.3136],[-71.06326,42.3137],[-71.06342,42.31344],[-71.06352,42.31328],[-71.06352,42.31324],[-71.06348,42.31318],[-71.06342,42.31314],[-71.06332,42.31309],[-71.06211,42.31261],[-71.06221,42.31249],[-71.06233,42.31236],[-71.06239,42.31229],[-71.06239,42.31224],[-71.06237,42.3122],[-71.06233,42.31214],[-71.06202,42.31197],[-71.06142,42.31167],[-71.06118,42.31153],[-71.06102,42.31146],[-71.06089,42.31142],[-71.0603,42.31128],[-71.05987,42.31118],[-71.05938,42.31105],[-71.05926,42.31142],[-71.05893,42.31248],[-71.05888,42.31266],[-71.05888,42.31278],[-71.05865,42.31281],[-71.0581,42.31286],[-71.05803,42.31287],[-71.05775,42.3129],[-71.05721,42.31297],[-71.05654,42.31294],[-71.05621,42.3129],[-71.05602,42.31287],[-71.05597,42.31285],[-71.05565,42.3127],[-71.05539,42.31258],[-71.05527,42.3125],[-71.05498,42.31234],[-71.05456,42.31301],[-71.05441,42.31333],[-71.05427,42.31372],[-71.0541,42.31427],[-71.05479,42.31439],[-71.05458,42.31506]]]}},{"type":"Feature","properties":{"id":"1310","ward":13,"precinct":10},"geometry":{"type":"Polygon","coordinates":[[[-71.05198,42.31498],[-71.05252,42.31504],[-71.05308,42.31514],[-71.05377,42.31527],[-71.05388,42.31493],[-71.05458,42.31506],[-71.05479,42.31439],[-71.0541,42.31427],[-71.05427,42.31372],[-71.05441,42.31333],[-71.05456,42.31301],[-71.05498,42.31234],[-71.05511,42.31212],[-71.05528,42.31173],[-71.05543,42.31136],[-71.0556,42.31098],[-71.0552,42.31089],[-71.05485,42.31079],[-71.05425,42.31066],[-71.0541,42.31063],[-71.0538,42.31056],[-71.05351,42.3105],[-71.05356,42.31039],[-71.0536,42.31029],[-71.05385,42.30977],[-71.05405,42.30928],[-71.05411,42.30914],[-71.05428,42.30862],[-71.05447,42.30801],[-71.05478,42.30676],[-71.05509,42.30564],[-71.05346,42.3054],[-71.05326,42.30537],[-71.053,42.30534],[-71.05295,42.30526],[-71.05272,42.30492],[-71.05237,42.30452],[-71.05186,42.30407],[-71.05159,42.30382],[-71.05085,42.30319],[-71.05021,42.30262],[-71.04946,42.30192],[-71.04933,42.30203],[-71.04927,42.30212],[-71.04884,42.30292],[-71.04856,42.30316],[-71.04843,42.30332],[-71.04834,42.30331],[-71.04818,42.30328],[-71.0481,42.30325],[-71.04804,42.30324],[-71.04775,42.30384],[-71.04169,42.30216],[-71.04149,42.30211],[-71.04159,42.3037],[-71.04169,42.30531],[-71.03863,42.30617],[-71.03709,42.30661],[-71.039,42.30858],[-71.04015,42.30977],[-71.04142,42.31109],[-71.03981,42.31027],[-71.03926,42.30997],[-71.03838,42.30946],[-71.03728,42.30921],[-71.03709,42.30932],[-71.03671,42.30942],[-71.03642,42.30953],[-71.03623,42.30959],[-71.03604,42.30969],[-71.03585,42.3099],[-71.03585,42.30997],[-71.03546,42.31022],[-71.03382,42.31124],[-71.03234,42.31233],[-71.03179,42.31263],[-71.032,42.31277],[-71.03215,42.31289],[-71.03226,42.31298],[-71.03269,42.31331],[-71.03274,42.31335],[-71.03278,42.3135],[-71.03293,42.31361],[-71.03293,42.31371],[-71.03289,42.31377],[-71.03278,42.31393],[-71.03278,42.31434],[-71.03281,42.31457],[-71.03324,42.31457],[-71.03448,42.31458],[-71.0357,42.31458],[-71.03671,42.31458],[-71.04134,42.31461],[-71.04171,42.31461],[-71.04558,42.31464],[-71.04621,42.31464],[-71.04663,42.3146],[-71.04698,42.31457],[-71.04712,42.31456],[-71.04762,42.31451],[-71.04783,42.31453],[-71.04963,42.31431],[-71.05132,42.31482],[-71.0515,42.31488],[-71.05198,42.31498]]]}},{"type":"Feature","properties":{"id":"1401","ward":14,"precinct":1},"geometry":{"type":"Polygon","coordinates":[[[-71.08308,42.30878],[-71.083,42.30874],[-71.08294,42.3087],[-71.08251,42.30858],[-71.0821,42.3085],[-71.08203,42.30848],[-71.08172,42.30842],[-71.08158,42.30838],[-71.08142,42.30832],[-71.08128,42.30825],[-71.08105,42.30809],[-71.08063,42.30778],[-71.08002,42.30733],[-71.0797,42.30711],[-71.07913,42.30668],[-71.07841,42.30616],[-71.07826,42.30605],[-71.07796,42.30585],[-71.07747,42.30553],[-71.07738,42.30548],[-71.07714,42.30533],[-71.07698,42.30525],[-71.07678,42.3052],[-71.0765,42.30512],[-71.07635,42.30508],[-71.07619,42.30505],[-71.07598,42.30505],[-71.07496,42.30498],[-71.07478,42.30498],[-71.0743,42.30494],[-71.07416,42.30492],[-71.07405,42.30494],[-71.07398,42.30497],[-71.07359,42.30522],[-71.07338,42.30533],[-71.07321,42.30539],[-71.07299,42.30545],[-71.07265,42.30553],[-71.07242,42.30556],[-71.07232,42.30557],[-71.0721,42.30557],[-71.07208,42.30568],[-71.07205,42.30576],[-71.07195,42.30597],[-71.07163,42.30649],[-71.07153,42.30662],[-71.07152,42.30666],[-71.07153,42.30668],[-71.07159,42.30673],[-71.07176,42.30678],[-71.07199,42.30687],[-71.07261,42.30713],[-71.07314,42.30735],[-71.07339,42.30746],[-71.07341,42.30749],[-71.07347,42.30751],[-71.07376,42.3076],[-71.07379,42.30765],[-71.07381,42.30769],[-71.07391,42.30769],[-71.07378,42.30785],[-71.07365,42.30802],[-71.0735,42.30822],[-71.07335,42.30848],[-71.07282,42.30948],[-71.07269,42.30979],[-71.07256,42.31008],[-71.07243,42.31037],[-71.07188,42.31141],[-71.07162,42.31189],[-71.07193,42.31199],[-71.0722,42.31204],[-71.07279,42.31216],[-71.07317,42.31223],[-71.07362,42.31241],[-71.07409,42.31262],[-71.07465,42.31285],[-71.07468,42.31275],[-71.07473,42.31267],[-71.07481,42.31254],[-71.075,42.31223],[-71.07513,42.31205],[-71.07588,42.31243],[-71.07663,42.3128],[-71.07795,42.31345],[-71.07917,42.31406],[-71.0794,42.31368],[-71.0795,42.31352],[-71.07968,42.31323],[-71.08009,42.3127],[-71.08031,42.31243],[-71.08074,42.3119],[-71.08115,42.31137],[-71.08157,42.31084],[-71.08171,42.31066],[-71.08201,42.31026],[-71.08251,42.30967],[-71.08267,42.30954],[-71.08274,42.30944],[-71.0828,42.30934],[-71.08297,42.30901],[-71.08308,42.30878]]]}},{"type":"Feature","properties":{"id":"1402","ward":14,"precinct":2},"geometry":{"type":"Polygon","coordinates":[[[-71.07848,42.29435],[-71.07869,42.29566],[-71.07885,42.29672],[-71.07845,42.2968],[-71.07819,42.29686],[-71.07774,42.29696],[-71.07728,42.29707],[-71.07704,42.29712],[-71.07671,42.29718],[-71.07654,42.29722],[-71.0764,42.29727],[-71.07629,42.29732],[-71.07623,42.29739],[-71.0761,42.29764],[-71.07603,42.29785],[-71.07574,42.29843],[-71.07559,42.29866],[-71.07552,42.29875],[-71.07543,42.29882],[-71.07527,42.29889],[-71.0752,42.29892],[-71.075,42.29898],[-71.07462,42.29908],[-71.07407,42.29926],[-71.07381,42.29933],[-71.07364,42.29938],[-71.07387,42.29959],[-71.07417,42.29985],[-71.07436,42.3],[-71.07448,42.3001],[-71.07468,42.30025],[-71.07493,42.30038],[-71.07536,42.3006],[-71.07578,42.30079],[-71.07587,42.30082],[-71.07594,42.30086],[-71.07615,42.30097],[-71.07631,42.30108],[-71.07659,42.3013],[-71.07719,42.30175],[-71.07737,42.3019],[-71.07749,42.30202],[-71.07759,42.30213],[-71.07792,42.30255],[-71.07803,42.3027],[-71.07823,42.30298],[-71.07838,42.30318],[-71.07843,42.30324],[-71.07853,42.3034],[-71.07861,42.30329],[-71.07868,42.30321],[-71.07878,42.30313],[-71.07903,42.303],[-71.07917,42.30267],[-71.07936,42.30222],[-71.07955,42.30174],[-71.07972,42.30126],[-71.08015,42.30118],[-71.08092,42.30096],[-71.08184,42.30071],[-71.08264,42.30051],[-71.08282,42.30042],[-71.08251,42.30024],[-71.08207,42.3],[-71.08188,42.2999],[-71.08178,42.29982],[-71.0817,42.29974],[-71.08165,42.29962],[-71.08157,42.29939],[-71.08141,42.29901],[-71.0823,42.2988],[-71.08291,42.29867],[-71.08319,42.29862],[-71.08291,42.29788],[-71.08279,42.29755],[-71.08245,42.29677],[-71.0823,42.29638],[-71.08225,42.29631],[-71.08233,42.29629],[-71.08335,42.29611],[-71.08362,42.29606],[-71.08395,42.296],[-71.08433,42.29592],[-71.08428,42.29574],[-71.08416,42.29541],[-71.08403,42.29513],[-71.08394,42.29516],[-71.08361,42.29521],[-71.08322,42.29527],[-71.08278,42.29534],[-71.08155,42.29558],[-71.08086,42.29572],[-71.08077,42.29576],[-71.08077,42.29572],[-71.0805,42.2951],[-71.08025,42.29444],[-71.08109,42.2943],[-71.08286,42.29396],[-71.08325,42.29387],[-71.08313,42.29367],[-71.08311,42.29362],[-71.08307,42.29348],[-71.08249,42.2933],[-71.08121,42.29293],[-71.08088,42.29283],[-71.08122,42.29099],[-71.07922,42.2915],[-71.07921,42.29134],[-71.07919,42.29116],[-71.07915,42.29101],[-71.07905,42.29076],[-71.07889,42.29045],[-71.07879,42.29027],[-71.07866,42.29003],[-71.07861,42.28992],[-71.07854,42.28934],[-71.07851,42.28944],[-71.0784,42.28982],[-71.07831,42.29018],[-71.07826,42.29043],[-71.0782,42.29078],[-71.07816,42.2911],[-71.07814,42.29135],[-71.07814,42.29163],[-71.07815,42.29203],[-71.0782,42.29251],[-71.07848,42.29435]]]}},{"type":"Feature","properties":{"id":"1403","ward":14,"precinct":3},"geometry":{"type":"Polygon","coordinates":[[[-71.08573,42.30196],[-71.08553,42.30189],[-71.08512,42.3017],[-71.08489,42.30158],[-71.08449,42.30136],[-71.08411,42.30113],[-71.08372,42.30092],[-71.08336,42.30112],[-71.08291,42.30136],[-71.08224,42.30171],[-71.08235,42.30179],[-71.08279,42.30214],[-71.08327,42.3025],[-71.08379,42.30291],[-71.08403,42.30308],[-71.08417,42.30319],[-71.0843,42.3033],[-71.08436,42.30342],[-71.08439,42.30353],[-71.08406,42.30353],[-71.08368,42.30355],[-71.08358,42.30357],[-71.08341,42.3036],[-71.08319,42.30368],[-71.08296,42.30382],[-71.08291,42.30386],[-71.0827,42.30402],[-71.08248,42.30423],[-71.08216,42.30444],[-71.08185,42.30465],[-71.0814,42.30493],[-71.08132,42.30498],[-71.08119,42.30505],[-71.08071,42.30536],[-71.08056,42.30545],[-71.08015,42.30567],[-71.07992,42.30579],[-71.07971,42.30588],[-71.07928,42.30599],[-71.07866,42.30612],[-71.07841,42.30616],[-71.07913,42.30668],[-71.0797,42.30711],[-71.08002,42.30733],[-71.08063,42.30778],[-71.08105,42.30809],[-71.08128,42.30825],[-71.08142,42.30832],[-71.08158,42.30838],[-71.08172,42.30842],[-71.08203,42.30848],[-71.0821,42.3085],[-71.08251,42.30858],[-71.08294,42.3087],[-71.083,42.30874],[-71.08308,42.30878],[-71.08309,42.30875],[-71.08325,42.30848],[-71.08369,42.3079],[-71.0839,42.3076],[-71.08403,42.30743],[-71.08419,42.3072],[-71.0843,42.30702],[-71.0844,42.30681],[-71.08448,42.30662],[-71.08455,42.30639],[-71.08462,42.30612],[-71.08465,42.30594],[-71.08469,42.30562],[-71.08472,42.30546],[-71.08474,42.30529],[-71.08485,42.30471],[-71.08492,42.30444],[-71.085,42.30419],[-71.08525,42.30345],[-71.08536,42.3031],[-71.08556,42.3025],[-71.08573,42.30196]]]}},{"type":"Feature","properties":{"id":"1404","ward":14,"precinct":4},"geometry":{"type":"Polygon","coordinates":[[[-71.07143,42.30342],[-71.07156,42.3035],[-71.07168,42.30358],[-71.07202,42.30399],[-71.07248,42.30437],[-71.07269,42.30451],[-71.07287,42.30459],[-71.07312,42.30468],[-71.07359,42.3048],[-71.07416,42.30492],[-71.0743,42.30494],[-71.07478,42.30498],[-71.07496,42.30498],[-71.07598,42.30505],[-71.07619,42.30505],[-71.07635,42.30508],[-71.0765,42.30512],[-71.07678,42.3052],[-71.07698,42.30525],[-71.07714,42.30533],[-71.07738,42.30548],[-71.07747,42.30553],[-71.07796,42.30585],[-71.07826,42.30605],[-71.07841,42.30616],[-71.07866,42.30612],[-71.07928,42.30599],[-71.07971,42.30588],[-71.07992,42.30579],[-71.08015,42.30567],[-71.08056,42.30545],[-71.08045,42.30536],[-71.08036,42.30528],[-71.07992,42.30492],[-71.07956,42.30463],[-71.07993,42.3044],[-71.0803,42.30416],[-71.08069,42.3039],[-71.08026,42.30354],[-71.07991,42.30326],[-71.07953,42.30293],[-71.07942,42.30285],[-71.07915,42.30295],[-71.07903,42.303],[-71.07878,42.30313],[-71.07868,42.30321],[-71.07861,42.30329],[-71.07853,42.3034],[-71.07843,42.30324],[-71.07838,42.30318],[-71.07823,42.30298],[-71.07803,42.3027],[-71.07792,42.30255],[-71.07759,42.30213],[-71.07749,42.30202],[-71.07737,42.3019],[-71.07719,42.30175],[-71.07659,42.3013],[-71.07631,42.30108],[-71.07615,42.30097],[-71.07594,42.30086],[-71.07587,42.30082],[-71.07578,42.30079],[-71.07536,42.3006],[-71.07493,42.30038],[-71.07468,42.30025],[-71.07448,42.3001],[-71.07436,42.3],[-71.07417,42.29985],[-71.07387,42.29959],[-71.07364,42.29938],[-71.07293,42.29959],[-71.07274,42.29967],[-71.07265,42.29971],[-71.07244,42.29983],[-71.0723,42.29995],[-71.07218,42.30005],[-71.07213,42.30014],[-71.07207,42.30028],[-71.07203,42.30044],[-71.07202,42.30069],[-71.07202,42.30127],[-71.07201,42.30147],[-71.07199,42.30157],[-71.07194,42.3017],[-71.07189,42.30179],[-71.07186,42.30185],[-71.0717,42.30212],[-71.07159,42.30236],[-71.07157,42.30244],[-71.07151,42.30275],[-71.07145,42.30332],[-71.07143,42.30342]]]}},{"type":"Feature","properties":{"id":"1405","ward":14,"precinct":5},"geometry":{"type":"Polygon","coordinates":[[[-71.0855,42.281],[-71.08546,42.28105],[-71.08382,42.28325],[-71.08414,42.28313],[-71.0842,42.2831],[-71.0849,42.28282],[-71.08541,42.28263],[-71.08576,42.28249],[-71.08602,42.28239],[-71.0862,42.28231],[-71.08633,42.28265],[-71.08664,42.28351],[-71.08677,42.28395],[-71.08692,42.28413],[-71.08721,42.28448],[-71.08725,42.2845],[-71.08729,42.2845],[-71.08738,42.28446],[-71.08822,42.2841],[-71.08892,42.28375],[-71.08903,42.2837],[-71.0892,42.28362],[-71.0893,42.28358],[-71.08943,42.28372],[-71.08956,42.28383],[-71.08967,42.28389],[-71.08979,42.28394],[-71.09068,42.28411],[-71.09138,42.28425],[-71.0917,42.28328],[-71.09195,42.28241],[-71.0922,42.28166],[-71.09136,42.28128],[-71.09055,42.28088],[-71.08923,42.28027],[-71.08859,42.27996],[-71.08845,42.2801],[-71.08748,42.27963],[-71.08717,42.27947],[-71.08711,42.27939],[-71.08693,42.27935],[-71.08632,42.27996],[-71.08609,42.28022],[-71.08584,42.28054],[-71.0855,42.281]]]}},{"type":"Feature","properties":{"id":"1406","ward":14,"precinct":6},"geometry":{"type":"Polygon","coordinates":[[[-71.0859,42.30139],[-71.08573,42.30126],[-71.08529,42.30092],[-71.0847,42.30043],[-71.08391,42.29972],[-71.0833,42.2992],[-71.08314,42.29906],[-71.08308,42.29899],[-71.08304,42.29894],[-71.08291,42.29867],[-71.0823,42.2988],[-71.08141,42.29901],[-71.08157,42.29939],[-71.08165,42.29962],[-71.0817,42.29974],[-71.08178,42.29982],[-71.08188,42.2999],[-71.08207,42.3],[-71.08251,42.30024],[-71.08282,42.30042],[-71.08264,42.30051],[-71.08184,42.30071],[-71.08092,42.30096],[-71.08015,42.30118],[-71.07972,42.30126],[-71.07955,42.30174],[-71.07936,42.30222],[-71.07917,42.30267],[-71.07903,42.303],[-71.07915,42.30295],[-71.07942,42.30285],[-71.07953,42.30293],[-71.07991,42.30326],[-71.08026,42.30354],[-71.08069,42.3039],[-71.0803,42.30416],[-71.07993,42.3044],[-71.07956,42.30463],[-71.07992,42.30492],[-71.08036,42.30528],[-71.08045,42.30536],[-71.08056,42.30545],[-71.08071,42.30536],[-71.08119,42.30505],[-71.08132,42.30498],[-71.0814,42.30493],[-71.08185,42.30465],[-71.08216,42.30444],[-71.08248,42.30423],[-71.0827,42.30402],[-71.08291,42.30386],[-71.08296,42.30382],[-71.08319,42.30368],[-71.08341,42.3036],[-71.08358,42.30357],[-71.08368,42.30355],[-71.08406,42.30353],[-71.08439,42.30353],[-71.08436,42.30342],[-71.0843,42.3033],[-71.08417,42.30319],[-71.08403,42.30308],[-71.08379,42.30291],[-71.08327,42.3025],[-71.08279,42.30214],[-71.08235,42.30179],[-71.08224,42.30171],[-71.08291,42.30136],[-71.08336,42.30112],[-71.08372,42.30092],[-71.08411,42.30113],[-71.08449,42.30136],[-71.08489,42.30158],[-71.08512,42.3017],[-71.08553,42.30189],[-71.08573,42.30196],[-71.0859,42.30139]]]}},{"type":"Feature","properties":{"id":"1407","ward":14,"precinct":7},"geometry":{"type":"Polygon","coordinates":[[[-71.08699,42.29815],[-71.08711,42.29781],[-71.08695,42.29772],[-71.08668,42.29761],[-71.08652,42.29752],[-71.08629,42.29737],[-71.08607,42.29721],[-71.08598,42.29713],[-71.08591,42.29704],[-71.08581,42.29682],[-71.0854,42.29574],[-71.08537,42.29571],[-71.08575,42.29555],[-71.08635,42.29531],[-71.08748,42.29499],[-71.08784,42.29492],[-71.08746,42.29478],[-71.08718,42.29469],[-71.08695,42.29462],[-71.08598,42.29433],[-71.08467,42.29396],[-71.08358,42.29362],[-71.08307,42.29348],[-71.08311,42.29362],[-71.08313,42.29367],[-71.08325,42.29387],[-71.08286,42.29396],[-71.08109,42.2943],[-71.08025,42.29444],[-71.0805,42.2951],[-71.08077,42.29572],[-71.08077,42.29576],[-71.08086,42.29572],[-71.08155,42.29558],[-71.08278,42.29534],[-71.08322,42.29527],[-71.08361,42.29521],[-71.08394,42.29516],[-71.08403,42.29513],[-71.08416,42.29541],[-71.08428,42.29574],[-71.08433,42.29592],[-71.08395,42.296],[-71.08362,42.29606],[-71.08335,42.29611],[-71.08233,42.29629],[-71.08225,42.29631],[-71.0823,42.29638],[-71.08245,42.29677],[-71.08279,42.29755],[-71.08291,42.29788],[-71.08319,42.29862],[-71.08291,42.29867],[-71.08304,42.29894],[-71.08308,42.29899],[-71.08314,42.29906],[-71.0833,42.2992],[-71.08391,42.29972],[-71.0847,42.30043],[-71.08529,42.30092],[-71.08573,42.30126],[-71.0859,42.30139],[-71.08592,42.30134],[-71.08616,42.30064],[-71.08626,42.3004],[-71.0864,42.30001],[-71.08654,42.29957],[-71.08669,42.29911],[-71.08679,42.29878],[-71.08694,42.29837],[-71.08699,42.29815]]]}},{"type":"Feature","properties":{"id":"1408","ward":14,"precinct":8},"geometry":{"type":"Polygon","coordinates":[[[-71.09318,42.27939],[-71.0934,42.27962],[-71.09346,42.27972],[-71.09362,42.27986],[-71.09367,42.28026],[-71.09368,42.2806],[-71.09365,42.2809],[-71.09358,42.28119],[-71.09349,42.28149],[-71.09347,42.2816],[-71.09365,42.28143],[-71.09382,42.28134],[-71.09414,42.28124],[-71.09441,42.28119],[-71.09472,42.2812],[-71.09495,42.28123],[-71.09523,42.28131],[-71.09573,42.28148],[-71.09583,42.28159],[-71.09623,42.28195],[-71.09637,42.28212],[-71.09645,42.28228],[-71.09655,42.28258],[-71.09656,42.28275],[-71.09654,42.28292],[-71.09652,42.28313],[-71.09642,42.28336],[-71.09627,42.28364],[-71.09608,42.28386],[-71.09602,42.28391],[-71.09667,42.28427],[-71.09648,42.28448],[-71.09623,42.2847],[-71.09592,42.28493],[-71.09553,42.28516],[-71.09528,42.28528],[-71.09569,42.28548],[-71.09632,42.28583],[-71.09611,42.28605],[-71.09545,42.28675],[-71.09523,42.287],[-71.09503,42.28715],[-71.0949,42.28722],[-71.09476,42.28731],[-71.09423,42.28754],[-71.09398,42.28764],[-71.0941,42.28793],[-71.09456,42.28893],[-71.09463,42.28909],[-71.09513,42.29023],[-71.09537,42.29075],[-71.09551,42.29105],[-71.09565,42.29139],[-71.09587,42.29191],[-71.09591,42.29198],[-71.0963,42.2928],[-71.09632,42.29285],[-71.09633,42.29287],[-71.09636,42.29293],[-71.09641,42.29304],[-71.09655,42.29323],[-71.09895,42.29298],[-71.09982,42.29295],[-71.10052,42.29301],[-71.10101,42.29311],[-71.10139,42.29318],[-71.10168,42.29317],[-71.10195,42.29299],[-71.10269,42.29228],[-71.10291,42.29207],[-71.10369,42.29142],[-71.10375,42.29136],[-71.10393,42.2912],[-71.10403,42.29111],[-71.10427,42.29092],[-71.10471,42.29055],[-71.10535,42.29001],[-71.10548,42.28991],[-71.10567,42.28975],[-71.10588,42.28962],[-71.10611,42.28954],[-71.10687,42.28934],[-71.10709,42.28924],[-71.10742,42.28903],[-71.10764,42.28888],[-71.10776,42.28879],[-71.10795,42.28862],[-71.10737,42.28819],[-71.10705,42.28796],[-71.10676,42.28775],[-71.10665,42.28767],[-71.10635,42.28745],[-71.10568,42.28695],[-71.1054,42.28673],[-71.10496,42.28636],[-71.1042,42.28577],[-71.10269,42.28455],[-71.10241,42.28433],[-71.10189,42.28393],[-71.10176,42.28384],[-71.10102,42.28331],[-71.10041,42.28285],[-71.0999,42.28249],[-71.09963,42.28234],[-71.0993,42.28215],[-71.0988,42.28189],[-71.09845,42.28171],[-71.09842,42.28169],[-71.09832,42.28164],[-71.09807,42.28143],[-71.09793,42.28127],[-71.09756,42.28085],[-71.0971,42.28028],[-71.09696,42.28014],[-71.09681,42.27997],[-71.09633,42.27953],[-71.09628,42.27948],[-71.09593,42.27916],[-71.0954,42.27863],[-71.09498,42.27825],[-71.09461,42.27799],[-71.09411,42.27762],[-71.09376,42.27737],[-71.09358,42.27726],[-71.09356,42.27762],[-71.09354,42.27797],[-71.09352,42.27817],[-71.09349,42.27843],[-71.09345,42.27858],[-71.09343,42.27864],[-71.09338,42.27878],[-71.09318,42.27939]]]}},{"type":"Feature","properties":{"id":"1409","ward":14,"precinct":9},"geometry":{"type":"Polygon","coordinates":[[[-71.09317,42.29462],[-71.09168,42.29387],[-71.09157,42.29372],[-71.08978,42.29288],[-71.08986,42.29268],[-71.09001,42.29237],[-71.08961,42.29229],[-71.08914,42.2922],[-71.08891,42.29217],[-71.08839,42.29369],[-71.08823,42.29418],[-71.08815,42.29442],[-71.08814,42.29445],[-71.08813,42.29448],[-71.088,42.29495],[-71.08784,42.29492],[-71.08748,42.29499],[-71.08635,42.29531],[-71.08575,42.29555],[-71.08537,42.29571],[-71.0854,42.29574],[-71.08581,42.29682],[-71.08591,42.29704],[-71.08598,42.29713],[-71.08607,42.29721],[-71.08629,42.29737],[-71.08652,42.29752],[-71.08668,42.29761],[-71.08695,42.29772],[-71.08711,42.29781],[-71.08699,42.29815],[-71.08742,42.29805],[-71.0886,42.29775],[-71.08964,42.29751],[-71.09006,42.2974],[-71.09048,42.29727],[-71.09092,42.29712],[-71.09118,42.29701],[-71.09135,42.29693],[-71.09144,42.29687],[-71.09157,42.29676],[-71.09172,42.29657],[-71.09221,42.29589],[-71.09233,42.29576],[-71.09258,42.29544],[-71.09317,42.29462]]]}},{"type":"Feature","properties":{"id":"1410","ward":14,"precinct":10},"geometry":{"type":"Polygon","coordinates":[[[-71.08307,42.29348],[-71.08358,42.29362],[-71.08467,42.29396],[-71.08598,42.29433],[-71.08695,42.29462],[-71.08718,42.29469],[-71.08746,42.29478],[-71.08784,42.29492],[-71.088,42.29495],[-71.08813,42.29448],[-71.08814,42.29445],[-71.08815,42.29442],[-71.08823,42.29418],[-71.08839,42.29369],[-71.08891,42.29217],[-71.08923,42.29123],[-71.08903,42.29127],[-71.08876,42.29112],[-71.08876,42.29101],[-71.08871,42.29089],[-71.08863,42.29077],[-71.08839,42.29047],[-71.0881,42.2902],[-71.08767,42.28985],[-71.08727,42.2896],[-71.08697,42.28943],[-71.08716,42.28924],[-71.08746,42.2889],[-71.08758,42.28877],[-71.0878,42.28854],[-71.08799,42.28836],[-71.08722,42.288],[-71.08671,42.28784],[-71.08636,42.28775],[-71.08599,42.28674],[-71.08578,42.28678],[-71.08512,42.28693],[-71.08427,42.28711],[-71.0833,42.28734],[-71.08307,42.28682],[-71.08293,42.28643],[-71.08245,42.28655],[-71.08177,42.2867],[-71.08139,42.28679],[-71.08106,42.28685],[-71.08085,42.28704],[-71.08058,42.28736],[-71.08057,42.28738],[-71.08001,42.28713],[-71.07999,42.28715],[-71.07986,42.28727],[-71.07951,42.28769],[-71.07919,42.28815],[-71.07891,42.28859],[-71.07871,42.28899],[-71.07854,42.28934],[-71.07861,42.28992],[-71.07866,42.29003],[-71.07879,42.29027],[-71.07889,42.29045],[-71.07905,42.29076],[-71.07915,42.29101],[-71.07919,42.29116],[-71.07921,42.29134],[-71.07922,42.2915],[-71.08122,42.29099],[-71.08088,42.29283],[-71.08121,42.29293],[-71.08249,42.2933],[-71.08307,42.29348]]]}},{"type":"Feature","properties":{"id":"1411","ward":14,"precinct":11},"geometry":{"type":"Polygon","coordinates":[[[-71.09618,42.29289],[-71.09633,42.29287],[-71.09632,42.29285],[-71.0963,42.2928],[-71.09591,42.29198],[-71.09587,42.29191],[-71.09565,42.29139],[-71.09551,42.29105],[-71.09537,42.29075],[-71.09513,42.29023],[-71.09463,42.28909],[-71.09456,42.28893],[-71.0941,42.28793],[-71.09398,42.28764],[-71.09423,42.28754],[-71.09476,42.28731],[-71.0949,42.28722],[-71.09503,42.28715],[-71.09523,42.287],[-71.09545,42.28675],[-71.09611,42.28605],[-71.09539,42.28617],[-71.095,42.28623],[-71.09428,42.28634],[-71.09379,42.28642],[-71.09353,42.28648],[-71.09342,42.28652],[-71.0932,42.28594],[-71.0928,42.28587],[-71.09174,42.28567],[-71.09126,42.2856],[-71.09111,42.28557],[-71.09093,42.28608],[-71.09076,42.28662],[-71.09055,42.28724],[-71.09033,42.28789],[-71.09031,42.28798],[-71.09011,42.28854],[-71.08998,42.28899],[-71.0898,42.28951],[-71.08971,42.28979],[-71.08947,42.29043],[-71.08935,42.29086],[-71.08923,42.29123],[-71.08891,42.29217],[-71.08914,42.2922],[-71.08961,42.29229],[-71.09001,42.29237],[-71.08986,42.29268],[-71.08978,42.29288],[-71.09157,42.29372],[-71.09168,42.29387],[-71.09317,42.29462],[-71.09323,42.29455],[-71.09427,42.29331],[-71.09435,42.29323],[-71.09444,42.29313],[-71.09454,42.29303],[-71.09468,42.29308],[-71.09506,42.29309],[-71.09531,42.2931],[-71.0964,42.29324],[-71.09633,42.29316],[-71.0962,42.29294],[-71.09618,42.29289]]]}},{"type":"Feature","properties":{"id":"1412","ward":14,"precinct":12},"geometry":{"type":"Polygon","coordinates":[[[-71.09115,42.28544],[-71.09106,42.28543],[-71.09099,42.28533],[-71.09001,42.28516],[-71.08914,42.28499],[-71.0893,42.28446],[-71.08875,42.28472],[-71.08824,42.28494],[-71.08786,42.28513],[-71.08766,42.28519],[-71.08762,42.28521],[-71.08712,42.28533],[-71.08635,42.28548],[-71.0863,42.28599],[-71.08631,42.28606],[-71.08642,42.28634],[-71.08655,42.28662],[-71.08599,42.28674],[-71.08636,42.28775],[-71.08671,42.28784],[-71.08722,42.288],[-71.08799,42.28836],[-71.0878,42.28854],[-71.08758,42.28877],[-71.08746,42.2889],[-71.08716,42.28924],[-71.08697,42.28943],[-71.08727,42.2896],[-71.08767,42.28985],[-71.0881,42.2902],[-71.08839,42.29047],[-71.08863,42.29077],[-71.08871,42.29089],[-71.08876,42.29101],[-71.08876,42.29112],[-71.08903,42.29127],[-71.08923,42.29123],[-71.08935,42.29086],[-71.08947,42.29043],[-71.08971,42.28979],[-71.0898,42.28951],[-71.08998,42.28899],[-71.09011,42.28854],[-71.09031,42.28798],[-71.09033,42.28789],[-71.09055,42.28724],[-71.09076,42.28662],[-71.09093,42.28608],[-71.09111,42.28557],[-71.09115,42.28544]]]}},{"type":"Feature","properties":{"id":"1413","ward":14,"precinct":13},"geometry":{"type":"Polygon","coordinates":[[[-71.08001,42.28713],[-71.08057,42.28738],[-71.08058,42.28736],[-71.08085,42.28704],[-71.08106,42.28685],[-71.08139,42.28679],[-71.08177,42.2867],[-71.08245,42.28655],[-71.08293,42.28643],[-71.08307,42.28682],[-71.0833,42.28734],[-71.08427,42.28711],[-71.08512,42.28693],[-71.08578,42.28678],[-71.08599,42.28674],[-71.08655,42.28662],[-71.08642,42.28634],[-71.08631,42.28606],[-71.0863,42.28599],[-71.08635,42.28548],[-71.08712,42.28533],[-71.08762,42.28521],[-71.08766,42.28519],[-71.08786,42.28513],[-71.08824,42.28494],[-71.08875,42.28472],[-71.0893,42.28446],[-71.08914,42.28499],[-71.09001,42.28516],[-71.09099,42.28533],[-71.0911,42.285],[-71.09117,42.28482],[-71.09138,42.28425],[-71.09068,42.28411],[-71.08979,42.28394],[-71.08967,42.28389],[-71.08956,42.28383],[-71.08943,42.28372],[-71.0893,42.28358],[-71.0892,42.28362],[-71.08903,42.2837],[-71.08892,42.28375],[-71.08822,42.2841],[-71.08738,42.28446],[-71.08729,42.2845],[-71.08725,42.2845],[-71.08721,42.28448],[-71.08692,42.28413],[-71.08677,42.28395],[-71.08664,42.28351],[-71.08633,42.28265],[-71.0862,42.28231],[-71.08602,42.28239],[-71.08576,42.28249],[-71.08541,42.28263],[-71.0849,42.28282],[-71.0842,42.2831],[-71.08414,42.28313],[-71.08382,42.28325],[-71.08328,42.28394],[-71.08305,42.28425],[-71.0828,42.28454],[-71.08243,42.28493],[-71.08205,42.28528],[-71.08122,42.28602],[-71.08089,42.28631],[-71.08056,42.28663],[-71.08037,42.28679],[-71.08001,42.28713]]]}},{"type":"Feature","properties":{"id":"1414","ward":14,"precinct":14},"geometry":{"type":"Polygon","coordinates":[[[-71.08859,42.27996],[-71.08923,42.28027],[-71.09055,42.28088],[-71.09136,42.28128],[-71.0922,42.28166],[-71.09195,42.28241],[-71.0917,42.28328],[-71.09138,42.28425],[-71.09117,42.28482],[-71.0911,42.285],[-71.09099,42.28533],[-71.09106,42.28543],[-71.09115,42.28544],[-71.09111,42.28557],[-71.09126,42.2856],[-71.09174,42.28567],[-71.0928,42.28587],[-71.0932,42.28594],[-71.09342,42.28652],[-71.09353,42.28648],[-71.09379,42.28642],[-71.09428,42.28634],[-71.095,42.28623],[-71.09539,42.28617],[-71.09611,42.28605],[-71.09632,42.28583],[-71.09569,42.28548],[-71.09528,42.28528],[-71.09553,42.28516],[-71.09592,42.28493],[-71.09623,42.2847],[-71.09648,42.28448],[-71.09667,42.28427],[-71.09602,42.28391],[-71.09608,42.28386],[-71.09627,42.28364],[-71.09642,42.28336],[-71.09652,42.28313],[-71.09654,42.28292],[-71.09656,42.28275],[-71.09655,42.28258],[-71.09645,42.28228],[-71.09637,42.28212],[-71.09623,42.28195],[-71.09583,42.28159],[-71.09573,42.28148],[-71.09523,42.28131],[-71.09495,42.28123],[-71.09472,42.2812],[-71.09441,42.28119],[-71.09414,42.28124],[-71.09382,42.28134],[-71.09365,42.28143],[-71.09347,42.2816],[-71.09349,42.28149],[-71.09358,42.28119],[-71.09365,42.2809],[-71.09368,42.2806],[-71.09367,42.28026],[-71.09362,42.27986],[-71.09346,42.27972],[-71.0934,42.27962],[-71.09318,42.27939],[-71.09316,42.27945],[-71.09314,42.27953],[-71.09297,42.28003],[-71.09271,42.28012],[-71.09171,42.27956],[-71.09077,42.27906],[-71.08994,42.27859],[-71.08969,42.27882],[-71.08947,42.27906],[-71.08916,42.27938],[-71.08859,42.27996]]]}},{"type":"Feature","properties":{"id":"1501","ward":15,"precinct":1},"geometry":{"type":"Polygon","coordinates":[[[-71.06475,42.31284],[-71.06489,42.31301],[-71.065,42.31318],[-71.06514,42.31346],[-71.0652,42.31357],[-71.06547,42.31403],[-71.06572,42.31448],[-71.06582,42.3147],[-71.06586,42.31484],[-71.06606,42.31481],[-71.06639,42.31474],[-71.06675,42.31469],[-71.06687,42.31467],[-71.06722,42.31462],[-71.06743,42.31461],[-71.06769,42.31463],[-71.06855,42.31465],[-71.06878,42.31463],[-71.06927,42.31452],[-71.07021,42.3143],[-71.07048,42.31428],[-71.0706,42.31404],[-71.07094,42.31329],[-71.07099,42.3132],[-71.07162,42.31189],[-71.07188,42.31141],[-71.07243,42.31037],[-71.07256,42.31008],[-71.07269,42.30979],[-71.07282,42.30948],[-71.07335,42.30848],[-71.0735,42.30822],[-71.07365,42.30802],[-71.07378,42.30785],[-71.07391,42.30769],[-71.07381,42.30769],[-71.07379,42.30765],[-71.07376,42.3076],[-71.07347,42.30751],[-71.07341,42.30749],[-71.07339,42.30746],[-71.07314,42.30735],[-71.07261,42.30713],[-71.07199,42.30687],[-71.07184,42.30707],[-71.07169,42.30733],[-71.07158,42.30748],[-71.07151,42.30755],[-71.07125,42.30771],[-71.07115,42.30778],[-71.07102,42.30767],[-71.07095,42.3076],[-71.07088,42.30751],[-71.07083,42.30743],[-71.07078,42.30732],[-71.07074,42.30726],[-71.07043,42.30734],[-71.07028,42.30739],[-71.07043,42.30764],[-71.07049,42.30776],[-71.0705,42.30781],[-71.0705,42.30787],[-71.07043,42.30794],[-71.07004,42.30824],[-71.06997,42.30831],[-71.06992,42.30838],[-71.06947,42.3087],[-71.06895,42.3091],[-71.06885,42.30917],[-71.06864,42.30923],[-71.06856,42.30929],[-71.06849,42.30938],[-71.06806,42.30997],[-71.06784,42.31031],[-71.0678,42.3104],[-71.06772,42.31064],[-71.06755,42.31129],[-71.0675,42.31153],[-71.06701,42.31178],[-71.06683,42.31186],[-71.06656,42.31197],[-71.06614,42.31218],[-71.06523,42.31262],[-71.06475,42.31284]]]}},{"type":"Feature","properties":{"id":"1502","ward":15,"precinct":2},"geometry":{"type":"Polygon","coordinates":[[[-71.06835,42.30366],[-71.06842,42.30384],[-71.06848,42.30399],[-71.06825,42.30413],[-71.0672,42.30483],[-71.06709,42.30491],[-71.06704,42.30499],[-71.06703,42.30505],[-71.067,42.30513],[-71.06694,42.3052],[-71.06679,42.3053],[-71.0666,42.30538],[-71.06635,42.30549],[-71.06649,42.30572],[-71.06666,42.30597],[-71.06673,42.30604],[-71.06682,42.30611],[-71.06701,42.30625],[-71.0674,42.30652],[-71.06761,42.30669],[-71.06795,42.30694],[-71.06862,42.30742],[-71.06891,42.30765],[-71.06924,42.30789],[-71.06938,42.30801],[-71.06992,42.30838],[-71.06997,42.30831],[-71.07004,42.30824],[-71.07043,42.30794],[-71.0705,42.30787],[-71.0705,42.30781],[-71.07049,42.30776],[-71.07043,42.30764],[-71.07028,42.30739],[-71.07043,42.30734],[-71.07074,42.30726],[-71.07078,42.30732],[-71.07083,42.30743],[-71.07088,42.30751],[-71.07095,42.3076],[-71.07102,42.30767],[-71.07115,42.30778],[-71.07125,42.30771],[-71.07151,42.30755],[-71.07158,42.30748],[-71.07169,42.30733],[-71.07184,42.30707],[-71.07199,42.30687],[-71.07176,42.30678],[-71.07159,42.30673],[-71.07153,42.30668],[-71.07152,42.30666],[-71.07153,42.30662],[-71.07163,42.30649],[-71.07195,42.30597],[-71.07205,42.30576],[-71.07208,42.30568],[-71.0721,42.30557],[-71.07232,42.30557],[-71.07242,42.30556],[-71.07265,42.30553],[-71.07299,42.30545],[-71.07321,42.30539],[-71.07338,42.30533],[-71.07359,42.30522],[-71.07398,42.30497],[-71.07405,42.30494],[-71.07416,42.30492],[-71.07359,42.3048],[-71.07312,42.30468],[-71.07287,42.30459],[-71.07269,42.30451],[-71.07248,42.30437],[-71.07202,42.30399],[-71.07168,42.30358],[-71.07156,42.3035],[-71.07143,42.30342],[-71.07139,42.30349],[-71.07131,42.30358],[-71.07111,42.30369],[-71.07074,42.3038],[-71.07048,42.30388],[-71.07027,42.30396],[-71.06998,42.30355],[-71.06986,42.30335],[-71.06956,42.30343],[-71.06925,42.30349],[-71.06884,42.30357],[-71.06835,42.30366]]]}},{"type":"Feature","properties":{"id":"1503","ward":15,"precinct":3},"geometry":{"type":"Polygon","coordinates":[[[-71.06218,42.30682],[-71.0627,42.3075],[-71.06278,42.30756],[-71.06295,42.30765],[-71.06319,42.30775],[-71.06343,42.30787],[-71.06359,42.308],[-71.06374,42.30814],[-71.06391,42.30836],[-71.06403,42.30826],[-71.0643,42.30818],[-71.06458,42.30812],[-71.06503,42.30809],[-71.06515,42.30812],[-71.06523,42.30817],[-71.06544,42.30835],[-71.0657,42.3086],[-71.0663,42.30917],[-71.06642,42.3093],[-71.06674,42.3096],[-71.06697,42.30978],[-71.06717,42.30991],[-71.06743,42.31006],[-71.06784,42.31031],[-71.06806,42.30997],[-71.06849,42.30938],[-71.06856,42.30929],[-71.06864,42.30923],[-71.06885,42.30917],[-71.06895,42.3091],[-71.06947,42.3087],[-71.06992,42.30838],[-71.06938,42.30801],[-71.06924,42.30789],[-71.06891,42.30765],[-71.06862,42.30742],[-71.06795,42.30694],[-71.06761,42.30669],[-71.0674,42.30652],[-71.06701,42.30625],[-71.06649,42.30672],[-71.06584,42.30732],[-71.06574,42.30726],[-71.06567,42.30718],[-71.06556,42.30701],[-71.06536,42.30668],[-71.06491,42.30597],[-71.0645,42.30608],[-71.06366,42.30629],[-71.06296,42.3065],[-71.06232,42.30676],[-71.06218,42.30682]]]}},{"type":"Feature","properties":{"id":"1504","ward":15,"precinct":4},"geometry":{"type":"Polygon","coordinates":[[[-71.0579,42.30997],[-71.05796,42.31],[-71.05831,42.31013],[-71.05893,42.31034],[-71.05927,42.31045],[-71.05957,42.31056],[-71.05977,42.31025],[-71.05981,42.3102],[-71.05989,42.31016],[-71.05999,42.31011],[-71.06006,42.31009],[-71.06022,42.31008],[-71.06045,42.31011],[-71.06075,42.31021],[-71.06093,42.3103],[-71.06172,42.31056],[-71.06207,42.31073],[-71.06217,42.31078],[-71.0624,42.31101],[-71.06251,42.31111],[-71.06265,42.31123],[-71.06286,42.31143],[-71.06324,42.31178],[-71.06342,42.31192],[-71.06352,42.31199],[-71.06375,42.31214],[-71.06427,42.31247],[-71.06441,42.31258],[-71.06458,42.3127],[-71.06475,42.31284],[-71.06523,42.31262],[-71.06614,42.31218],[-71.06656,42.31197],[-71.06683,42.31186],[-71.06701,42.31178],[-71.0675,42.31153],[-71.06755,42.31129],[-71.06772,42.31064],[-71.0678,42.3104],[-71.06784,42.31031],[-71.06743,42.31006],[-71.06717,42.30991],[-71.06697,42.30978],[-71.06674,42.3096],[-71.06642,42.3093],[-71.0663,42.30917],[-71.0657,42.3086],[-71.06544,42.30835],[-71.06523,42.30817],[-71.06515,42.30812],[-71.06503,42.30809],[-71.06458,42.30812],[-71.0643,42.30818],[-71.06403,42.30826],[-71.06391,42.30836],[-71.06374,42.30814],[-71.06359,42.308],[-71.06343,42.30787],[-71.06319,42.30775],[-71.06295,42.30765],[-71.06278,42.30756],[-71.0627,42.3075],[-71.06218,42.30682],[-71.06194,42.30641],[-71.06177,42.30602],[-71.06134,42.30613],[-71.06031,42.30637],[-71.05962,42.30652],[-71.05906,42.30666],[-71.05864,42.30674],[-71.05856,42.30703],[-71.05842,42.30759],[-71.0584,42.30769],[-71.05834,42.30796],[-71.05831,42.30812],[-71.05823,42.3085],[-71.05811,42.30901],[-71.05799,42.30956],[-71.0579,42.30997]]]}},{"type":"Feature","properties":{"id":"1505","ward":15,"precinct":5},"geometry":{"type":"Polygon","coordinates":[[[-71.06383,42.30263],[-71.06435,42.30248],[-71.06769,42.30161],[-71.06773,42.30174],[-71.06787,42.30222],[-71.068,42.30262],[-71.06817,42.30308],[-71.06826,42.30336],[-71.06835,42.30366],[-71.06884,42.30357],[-71.06925,42.30349],[-71.06956,42.30343],[-71.06986,42.30335],[-71.06998,42.30355],[-71.07027,42.30396],[-71.07048,42.30388],[-71.07074,42.3038],[-71.07111,42.30369],[-71.07131,42.30358],[-71.07139,42.30349],[-71.07143,42.30342],[-71.07145,42.30332],[-71.07151,42.30275],[-71.07157,42.30244],[-71.07159,42.30236],[-71.0717,42.30212],[-71.07186,42.30185],[-71.07189,42.30179],[-71.07194,42.3017],[-71.07199,42.30157],[-71.07201,42.30147],[-71.07202,42.30127],[-71.07202,42.30069],[-71.07203,42.30044],[-71.07207,42.30028],[-71.07213,42.30014],[-71.07218,42.30005],[-71.0723,42.29995],[-71.07244,42.29983],[-71.07265,42.29971],[-71.07274,42.29967],[-71.07293,42.29959],[-71.07274,42.29938],[-71.07224,42.2989],[-71.07214,42.29879],[-71.07209,42.29874],[-71.07137,42.29896],[-71.07,42.29935],[-71.06915,42.29958],[-71.06894,42.29964],[-71.06819,42.29984],[-71.06749,42.30002],[-71.06685,42.30018],[-71.06632,42.30031],[-71.06623,42.30033],[-71.06668,42.30061],[-71.06698,42.30078],[-71.06737,42.30102],[-71.06523,42.30154],[-71.06445,42.30175],[-71.06428,42.3018],[-71.06398,42.30188],[-71.06347,42.30201],[-71.06368,42.30235],[-71.06383,42.30263]]]}},{"type":"Feature","properties":{"id":"1506","ward":15,"precinct":6},"geometry":{"type":"Polygon","coordinates":[[[-71.05498,42.31234],[-71.05527,42.3125],[-71.05539,42.31258],[-71.05565,42.3127],[-71.05597,42.31285],[-71.05602,42.31287],[-71.05621,42.3129],[-71.05654,42.31294],[-71.05721,42.31297],[-71.05775,42.3129],[-71.05803,42.31287],[-71.0581,42.31286],[-71.05865,42.31281],[-71.05888,42.31278],[-71.05888,42.31266],[-71.05893,42.31248],[-71.05926,42.31142],[-71.05938,42.31105],[-71.05943,42.31089],[-71.05951,42.31069],[-71.05957,42.31056],[-71.05927,42.31045],[-71.05893,42.31034],[-71.05831,42.31013],[-71.05796,42.31],[-71.0579,42.30997],[-71.05799,42.30956],[-71.05811,42.30901],[-71.05823,42.3085],[-71.05831,42.30812],[-71.05834,42.30796],[-71.0584,42.30769],[-71.05842,42.30759],[-71.05856,42.30703],[-71.05864,42.30674],[-71.05879,42.30602],[-71.05882,42.3059],[-71.05898,42.3052],[-71.05917,42.30426],[-71.0593,42.30375],[-71.05943,42.30314],[-71.05953,42.30277],[-71.05959,42.30242],[-71.05969,42.30196],[-71.0598,42.30155],[-71.05961,42.30125],[-71.05923,42.30135],[-71.05869,42.3015],[-71.05853,42.30154],[-71.0582,42.30161],[-71.05786,42.30168],[-71.05815,42.30222],[-71.05774,42.30238],[-71.05683,42.30276],[-71.05633,42.30295],[-71.05633,42.30257],[-71.05633,42.3025],[-71.05569,42.30253],[-71.05569,42.30259],[-71.05569,42.30264],[-71.0557,42.30299],[-71.05565,42.3034],[-71.05556,42.30383],[-71.05543,42.30433],[-71.05519,42.30526],[-71.05509,42.30564],[-71.05478,42.30676],[-71.05447,42.30801],[-71.05428,42.30862],[-71.05411,42.30914],[-71.05405,42.30928],[-71.05385,42.30977],[-71.0536,42.31029],[-71.05356,42.31039],[-71.05351,42.3105],[-71.0538,42.31056],[-71.0541,42.31063],[-71.05425,42.31066],[-71.05485,42.31079],[-71.0552,42.31089],[-71.0556,42.31098],[-71.05543,42.31136],[-71.05528,42.31173],[-71.05511,42.31212],[-71.05498,42.31234]]]}},{"type":"Feature","properties":{"id":"1507","ward":15,"precinct":7},"geometry":{"type":"Polygon","coordinates":[[[-71.06491,42.30597],[-71.06536,42.30668],[-71.06556,42.30701],[-71.06567,42.30718],[-71.06574,42.30726],[-71.06584,42.30732],[-71.06649,42.30672],[-71.06701,42.30625],[-71.06682,42.30611],[-71.06673,42.30604],[-71.06666,42.30597],[-71.06649,42.30572],[-71.06635,42.30549],[-71.0666,42.30538],[-71.06679,42.3053],[-71.06694,42.3052],[-71.067,42.30513],[-71.06703,42.30505],[-71.06704,42.30499],[-71.06709,42.30491],[-71.0672,42.30483],[-71.06825,42.30413],[-71.06848,42.30399],[-71.06842,42.30384],[-71.06835,42.30366],[-71.06826,42.30336],[-71.06817,42.30308],[-71.068,42.30262],[-71.06787,42.30222],[-71.06773,42.30174],[-71.06769,42.30161],[-71.06435,42.30248],[-71.06383,42.30263],[-71.06417,42.30319],[-71.06439,42.30361],[-71.06458,42.30403],[-71.06386,42.30422],[-71.06395,42.30438],[-71.06403,42.30454],[-71.06413,42.30472],[-71.06455,42.3054],[-71.06488,42.30593],[-71.06491,42.30597]]]}},{"type":"Feature","properties":{"id":"1508","ward":15,"precinct":8},"geometry":{"type":"Polygon","coordinates":[[[-71.05569,42.30253],[-71.05633,42.3025],[-71.05633,42.30257],[-71.05633,42.30295],[-71.05683,42.30276],[-71.05774,42.30238],[-71.05815,42.30222],[-71.05786,42.30168],[-71.0582,42.30161],[-71.05853,42.30154],[-71.05869,42.3015],[-71.05923,42.30135],[-71.05961,42.30125],[-71.0598,42.30155],[-71.05991,42.30174],[-71.06015,42.30216],[-71.06041,42.30208],[-71.06097,42.30193],[-71.06118,42.30187],[-71.06159,42.30176],[-71.06192,42.30167],[-71.06214,42.30204],[-71.06225,42.30223],[-71.06228,42.30227],[-71.06229,42.30232],[-71.06288,42.30216],[-71.06347,42.30201],[-71.06398,42.30188],[-71.06428,42.3018],[-71.06445,42.30175],[-71.06523,42.30154],[-71.06737,42.30102],[-71.06698,42.30078],[-71.06668,42.30061],[-71.06623,42.30033],[-71.066,42.30022],[-71.06552,42.29992],[-71.06511,42.29968],[-71.06475,42.29947],[-71.0644,42.29926],[-71.06432,42.29921],[-71.06376,42.29947],[-71.06343,42.2996],[-71.06306,42.2997],[-71.06254,42.29983],[-71.06186,42.3],[-71.06128,42.30016],[-71.06092,42.30025],[-71.06055,42.3003],[-71.06038,42.30031],[-71.06031,42.30031],[-71.06016,42.30031],[-71.05904,42.30034],[-71.0583,42.30037],[-71.05788,42.30039],[-71.05755,42.30044],[-71.05728,42.30051],[-71.05704,42.30059],[-71.05676,42.30071],[-71.05648,42.30086],[-71.05628,42.30101],[-71.05616,42.30113],[-71.05609,42.3012],[-71.05602,42.30128],[-71.05595,42.30138],[-71.05589,42.30151],[-71.0558,42.30168],[-71.05576,42.30183],[-71.05569,42.30251],[-71.05569,42.30253]]]}},{"type":"Feature","properties":{"id":"1509","ward":15,"precinct":9},"geometry":{"type":"Polygon","coordinates":[[[-71.05864,42.30674],[-71.05906,42.30666],[-71.05962,42.30652],[-71.06031,42.30637],[-71.06134,42.30613],[-71.06177,42.30602],[-71.06194,42.30641],[-71.06218,42.30682],[-71.06232,42.30676],[-71.06296,42.3065],[-71.06366,42.30629],[-71.0645,42.30608],[-71.06491,42.30597],[-71.06488,42.30593],[-71.06455,42.3054],[-71.06413,42.30472],[-71.06403,42.30454],[-71.06395,42.30438],[-71.06386,42.30422],[-71.06458,42.30403],[-71.06439,42.30361],[-71.06417,42.30319],[-71.06383,42.30263],[-71.06368,42.30235],[-71.06347,42.30201],[-71.06288,42.30216],[-71.06229,42.30232],[-71.06228,42.30227],[-71.06225,42.30223],[-71.06214,42.30204],[-71.06192,42.30167],[-71.06159,42.30176],[-71.06118,42.30187],[-71.06097,42.30193],[-71.06041,42.30208],[-71.06015,42.30216],[-71.05991,42.30174],[-71.0598,42.30155],[-71.05969,42.30196],[-71.05959,42.30242],[-71.05953,42.30277],[-71.05943,42.30314],[-71.0593,42.30375],[-71.05917,42.30426],[-71.05898,42.3052],[-71.05882,42.3059],[-71.05879,42.30602],[-71.05864,42.30674]]]}},{"type":"Feature","properties":{"id":"1601","ward":16,"precinct":1},"geometry":{"type":"Polygon","coordinates":[[[-71.05904,42.30034],[-71.06016,42.30031],[-71.06031,42.30031],[-71.06038,42.30031],[-71.06055,42.3003],[-71.06092,42.30025],[-71.06128,42.30016],[-71.06186,42.3],[-71.06254,42.29983],[-71.06306,42.2997],[-71.06343,42.2996],[-71.06376,42.29947],[-71.06432,42.29921],[-71.06486,42.29887],[-71.06523,42.2986],[-71.06554,42.29832],[-71.06585,42.29797],[-71.06611,42.29759],[-71.06641,42.29703],[-71.06626,42.29707],[-71.06584,42.29717],[-71.06564,42.29723],[-71.0651,42.29737],[-71.06484,42.29679],[-71.06451,42.29608],[-71.06262,42.29658],[-71.06247,42.29582],[-71.06158,42.29603],[-71.06137,42.29607],[-71.06145,42.29583],[-71.0615,42.29565],[-71.06154,42.29548],[-71.06167,42.29508],[-71.06122,42.29514],[-71.06026,42.29531],[-71.05969,42.29545],[-71.05908,42.29564],[-71.05888,42.29569],[-71.05803,42.29593],[-71.05748,42.29608],[-71.05646,42.29638],[-71.05653,42.29673],[-71.05666,42.29728],[-71.05672,42.29756],[-71.05682,42.29793],[-71.05705,42.29825],[-71.05716,42.29838],[-71.05728,42.29856],[-71.05747,42.29877],[-71.05772,42.299],[-71.05811,42.29931],[-71.05857,42.2997],[-71.05867,42.29982],[-71.0588,42.29999],[-71.05899,42.30025],[-71.05904,42.30034]]]}},{"type":"Feature","properties":{"id":"1602","ward":16,"precinct":2},"geometry":{"type":"Polygon","coordinates":[[[-71.04775,42.30384],[-71.04804,42.30324],[-71.0481,42.30325],[-71.04818,42.30328],[-71.04834,42.30331],[-71.04843,42.30332],[-71.04856,42.30316],[-71.04884,42.30292],[-71.04927,42.30212],[-71.04933,42.30203],[-71.04946,42.30192],[-71.05021,42.30262],[-71.05085,42.30319],[-71.05159,42.30382],[-71.05186,42.30407],[-71.05237,42.30452],[-71.05272,42.30492],[-71.05295,42.30526],[-71.053,42.30534],[-71.05326,42.30537],[-71.05346,42.3054],[-71.05509,42.30564],[-71.05519,42.30526],[-71.05543,42.30433],[-71.05556,42.30383],[-71.05565,42.3034],[-71.0557,42.30299],[-71.05569,42.30264],[-71.05569,42.30259],[-71.05569,42.30253],[-71.05569,42.30251],[-71.05576,42.30183],[-71.0558,42.30168],[-71.05589,42.30151],[-71.05595,42.30138],[-71.05602,42.30128],[-71.05609,42.3012],[-71.05616,42.30113],[-71.05628,42.30101],[-71.05648,42.30086],[-71.05676,42.30071],[-71.05704,42.30059],[-71.05728,42.30051],[-71.05755,42.30044],[-71.05788,42.30039],[-71.0583,42.30037],[-71.05904,42.30034],[-71.05899,42.30025],[-71.0588,42.29999],[-71.05867,42.29982],[-71.05857,42.2997],[-71.05811,42.29931],[-71.05772,42.299],[-71.05747,42.29877],[-71.05728,42.29856],[-71.05716,42.29838],[-71.05705,42.29825],[-71.05682,42.29793],[-71.05672,42.29756],[-71.05666,42.29728],[-71.05653,42.29673],[-71.05646,42.29638],[-71.05627,42.29577],[-71.05539,42.29585],[-71.05482,42.2959],[-71.05444,42.29593],[-71.05397,42.29597],[-71.05357,42.29599],[-71.05331,42.296],[-71.05295,42.29605],[-71.05286,42.29608],[-71.05272,42.29616],[-71.05219,42.29663],[-71.05182,42.29696],[-71.05157,42.29726],[-71.04949,42.29542],[-71.04823,42.29429],[-71.04746,42.2936],[-71.04743,42.29363],[-71.04737,42.29372],[-71.04731,42.29379],[-71.04728,42.29384],[-71.04722,42.29394],[-71.04717,42.29404],[-71.04716,42.2942],[-71.04716,42.29424],[-71.04717,42.29437],[-71.04633,42.29456],[-71.0457,42.2947],[-71.04562,42.29472],[-71.04546,42.29477],[-71.04522,42.29482],[-71.0445,42.29498],[-71.04351,42.29524],[-71.04337,42.29483],[-71.04242,42.29448],[-71.04146,42.29434],[-71.03974,42.29383],[-71.03846,42.29348],[-71.03767,42.29271],[-71.03711,42.29179],[-71.03695,42.29164],[-71.03667,42.29139],[-71.03693,42.29189],[-71.03732,42.29263],[-71.03772,42.29337],[-71.03798,42.29387],[-71.03862,42.29507],[-71.03958,42.29688],[-71.04054,42.29868],[-71.04118,42.29988],[-71.0412,42.29993],[-71.04123,42.29999],[-71.04127,42.30006],[-71.04129,42.30011],[-71.04131,42.30029],[-71.04137,42.30085],[-71.04139,42.30103],[-71.04141,42.30125],[-71.04147,42.30189],[-71.04149,42.30211],[-71.04169,42.30216],[-71.04775,42.30384]]]}},{"type":"Feature","properties":{"id":"1603","ward":16,"precinct":3},"geometry":{"type":"Polygon","coordinates":[[[-71.06314,42.29562],[-71.06313,42.29536],[-71.06317,42.2951],[-71.06317,42.29496],[-71.06307,42.29471],[-71.06328,42.29468],[-71.06435,42.2945],[-71.06457,42.29445],[-71.06484,42.29436],[-71.06502,42.29428],[-71.0652,42.29422],[-71.06516,42.29409],[-71.06509,42.29397],[-71.06504,42.29383],[-71.06499,42.2937],[-71.06492,42.29341],[-71.06478,42.293],[-71.06459,42.29236],[-71.06506,42.29222],[-71.0654,42.29211],[-71.06554,42.29205],[-71.06559,42.29203],[-71.06592,42.29194],[-71.06616,42.29186],[-71.0667,42.29171],[-71.06736,42.29152],[-71.06758,42.29143],[-71.06745,42.29127],[-71.06722,42.29077],[-71.06805,42.29052],[-71.06935,42.29011],[-71.06965,42.28996],[-71.06901,42.28983],[-71.06861,42.28969],[-71.06844,42.28965],[-71.06835,42.28962],[-71.06772,42.28939],[-71.0672,42.28917],[-71.06701,42.28908],[-71.0667,42.28891],[-71.06634,42.28867],[-71.06608,42.28849],[-71.06557,42.28802],[-71.06533,42.28773],[-71.0651,42.28746],[-71.06475,42.2868],[-71.06448,42.28621],[-71.06434,42.28582],[-71.0643,42.28571],[-71.06425,42.28588],[-71.06418,42.28618],[-71.06414,42.28628],[-71.06413,42.28635],[-71.06397,42.28694],[-71.0638,42.2875],[-71.06373,42.28779],[-71.06364,42.28812],[-71.06352,42.28856],[-71.06345,42.28877],[-71.06326,42.28947],[-71.06315,42.2899],[-71.06312,42.28997],[-71.06293,42.29063],[-71.06281,42.29113],[-71.06269,42.29152],[-71.06261,42.29182],[-71.06249,42.29222],[-71.06234,42.29274],[-71.06226,42.29302],[-71.06214,42.29351],[-71.06209,42.29366],[-71.06197,42.29408],[-71.06182,42.29459],[-71.06167,42.29508],[-71.06154,42.29548],[-71.0615,42.29565],[-71.06145,42.29583],[-71.06137,42.29607],[-71.06158,42.29603],[-71.06247,42.29582],[-71.0627,42.29574],[-71.063,42.29566],[-71.06314,42.29562]]]}},{"type":"Feature","properties":{"id":"1604","ward":16,"precinct":4},"geometry":{"type":"Polygon","coordinates":[[[-71.06167,42.29508],[-71.06182,42.29459],[-71.06197,42.29408],[-71.06209,42.29366],[-71.06214,42.29351],[-71.06226,42.29302],[-71.06234,42.29274],[-71.06249,42.29222],[-71.06261,42.29182],[-71.06269,42.29152],[-71.06281,42.29113],[-71.06293,42.29063],[-71.06312,42.28997],[-71.06233,42.29016],[-71.06094,42.29051],[-71.05966,42.29083],[-71.05874,42.29104],[-71.0578,42.29129],[-71.05736,42.2914],[-71.0572,42.29143],[-71.0573,42.29166],[-71.05735,42.29187],[-71.05735,42.29196],[-71.05735,42.29248],[-71.05733,42.29266],[-71.0573,42.29313],[-71.05725,42.29334],[-71.05702,42.29383],[-71.05697,42.29389],[-71.05692,42.29399],[-71.05801,42.29374],[-71.05882,42.29354],[-71.0591,42.29422],[-71.05917,42.29441],[-71.05832,42.29465],[-71.05865,42.29525],[-71.05888,42.29569],[-71.05908,42.29564],[-71.05969,42.29545],[-71.06026,42.29531],[-71.06122,42.29514],[-71.06167,42.29508]]]}},{"type":"Feature","properties":{"id":"1605","ward":16,"precinct":5},"geometry":{"type":"Polygon","coordinates":[[[-71.05646,42.29638],[-71.05748,42.29608],[-71.05803,42.29593],[-71.05888,42.29569],[-71.05865,42.29525],[-71.05832,42.29465],[-71.05917,42.29441],[-71.0591,42.29422],[-71.05882,42.29354],[-71.05801,42.29374],[-71.05692,42.29399],[-71.05697,42.29389],[-71.05702,42.29383],[-71.05725,42.29334],[-71.0573,42.29313],[-71.05733,42.29266],[-71.05735,42.29248],[-71.05653,42.29262],[-71.05605,42.29272],[-71.05586,42.29277],[-71.05548,42.29286],[-71.05472,42.29306],[-71.05436,42.29314],[-71.05408,42.2926],[-71.05388,42.29222],[-71.0533,42.29238],[-71.05304,42.29245],[-71.05284,42.29253],[-71.05223,42.29272],[-71.05133,42.29296],[-71.05088,42.29309],[-71.05063,42.29279],[-71.04996,42.29304],[-71.04971,42.2931],[-71.049,42.29328],[-71.04842,42.29342],[-71.04831,42.29321],[-71.04818,42.29314],[-71.04807,42.29309],[-71.04799,42.29309],[-71.04789,42.2931],[-71.04782,42.29312],[-71.04775,42.29315],[-71.04773,42.29319],[-71.04754,42.29349],[-71.04746,42.2936],[-71.04823,42.29429],[-71.04949,42.29542],[-71.05157,42.29726],[-71.05182,42.29696],[-71.05219,42.29663],[-71.05272,42.29616],[-71.05286,42.29608],[-71.05295,42.29605],[-71.05331,42.296],[-71.05357,42.29599],[-71.05397,42.29597],[-71.05444,42.29593],[-71.05482,42.2959],[-71.05539,42.29585],[-71.05627,42.29577],[-71.05646,42.29638]]]}},{"type":"Feature","properties":{"id":"1606","ward":16,"precinct":6},"geometry":{"type":"Polygon","coordinates":[[[-71.0643,42.28571],[-71.06421,42.28576],[-71.0641,42.28584],[-71.06389,42.28589],[-71.06374,42.28593],[-71.0633,42.28604],[-71.0631,42.2861],[-71.06231,42.28636],[-71.06203,42.28646],[-71.06188,42.28652],[-71.06142,42.28661],[-71.06101,42.28668],[-71.06077,42.28672],[-71.06056,42.28676],[-71.06017,42.28684],[-71.05955,42.28701],[-71.05896,42.28716],[-71.05815,42.28736],[-71.05769,42.28748],[-71.05734,42.28759],[-71.05703,42.2877],[-71.05605,42.28802],[-71.05554,42.28819],[-71.05535,42.28825],[-71.05546,42.28845],[-71.05559,42.28885],[-71.0557,42.28917],[-71.05577,42.28936],[-71.05613,42.28998],[-71.05625,42.29018],[-71.05647,42.29057],[-71.05663,42.29075],[-71.05678,42.29093],[-71.05692,42.29107],[-71.05708,42.29127],[-71.05717,42.29139],[-71.0572,42.29143],[-71.05736,42.2914],[-71.0578,42.29129],[-71.05874,42.29104],[-71.05966,42.29083],[-71.06094,42.29051],[-71.06233,42.29016],[-71.06312,42.28997],[-71.06315,42.2899],[-71.06326,42.28947],[-71.06345,42.28877],[-71.06352,42.28856],[-71.06364,42.28812],[-71.06373,42.28779],[-71.0638,42.2875],[-71.06397,42.28694],[-71.06413,42.28635],[-71.06414,42.28628],[-71.06418,42.28618],[-71.06425,42.28588],[-71.0643,42.28571]]]}},{"type":"Feature","properties":{"id":"1607","ward":16,"precinct":7},"geometry":{"type":"Polygon","coordinates":[[[-71.04831,42.29321],[-71.04842,42.29342],[-71.049,42.29328],[-71.04971,42.2931],[-71.04996,42.29304],[-71.05063,42.29279],[-71.05088,42.29309],[-71.05133,42.29296],[-71.05223,42.29272],[-71.05284,42.29253],[-71.05304,42.29245],[-71.0533,42.29238],[-71.05388,42.29222],[-71.05408,42.2926],[-71.05436,42.29314],[-71.05472,42.29306],[-71.05548,42.29286],[-71.05586,42.29277],[-71.05605,42.29272],[-71.05653,42.29262],[-71.05735,42.29248],[-71.05735,42.29196],[-71.05735,42.29187],[-71.0573,42.29166],[-71.0572,42.29143],[-71.05717,42.29139],[-71.05708,42.29127],[-71.05692,42.29107],[-71.05678,42.29093],[-71.05663,42.29075],[-71.05647,42.29057],[-71.05625,42.29018],[-71.05613,42.28998],[-71.05577,42.28936],[-71.0557,42.28917],[-71.05559,42.28885],[-71.05546,42.28845],[-71.05535,42.28825],[-71.05489,42.28841],[-71.05433,42.28856],[-71.05358,42.28877],[-71.05274,42.289],[-71.05216,42.28915],[-71.05191,42.28921],[-71.05147,42.28932],[-71.05136,42.28934],[-71.05032,42.28962],[-71.04842,42.29007],[-71.0484,42.29007],[-71.04828,42.29046],[-71.04828,42.29047],[-71.04812,42.29171],[-71.04808,42.29204],[-71.048,42.29262],[-71.04831,42.29321]]]}},{"type":"Feature","properties":{"id":"1608","ward":16,"precinct":8},"geometry":{"type":"Polygon","coordinates":[[[-71.06532,42.28206],[-71.06537,42.28191],[-71.06544,42.28165],[-71.06566,42.28088],[-71.06581,42.28035],[-71.06592,42.27994],[-71.06564,42.28],[-71.06551,42.28004],[-71.06478,42.28024],[-71.06411,42.28044],[-71.06378,42.28054],[-71.06338,42.28067],[-71.06221,42.28102],[-71.06169,42.28118],[-71.06151,42.28124],[-71.06148,42.28125],[-71.06132,42.2813],[-71.06076,42.28146],[-71.05989,42.28173],[-71.05925,42.28192],[-71.05893,42.282],[-71.0589,42.28201],[-71.0586,42.2821],[-71.05846,42.28214],[-71.05796,42.28227],[-71.05779,42.28232],[-71.05728,42.28246],[-71.05697,42.28252],[-71.05663,42.28258],[-71.05654,42.28259],[-71.05615,42.28282],[-71.056,42.28293],[-71.05587,42.2831],[-71.05579,42.28321],[-71.05566,42.28361],[-71.05543,42.28436],[-71.05521,42.28492],[-71.05515,42.28508],[-71.05501,42.28543],[-71.05496,42.28558],[-71.05478,42.28602],[-71.05469,42.28628],[-71.05455,42.28662],[-71.05453,42.28668],[-71.05451,42.28681],[-71.05451,42.28687],[-71.05454,42.28712],[-71.05465,42.28734],[-71.05473,42.28745],[-71.05488,42.28768],[-71.0551,42.28794],[-71.05535,42.28825],[-71.05554,42.28819],[-71.05605,42.28802],[-71.05703,42.2877],[-71.05734,42.28759],[-71.05769,42.28748],[-71.05815,42.28736],[-71.05896,42.28716],[-71.05955,42.28701],[-71.06017,42.28684],[-71.06056,42.28676],[-71.06077,42.28672],[-71.06101,42.28668],[-71.06142,42.28661],[-71.06188,42.28652],[-71.06203,42.28646],[-71.06231,42.28636],[-71.0631,42.2861],[-71.0633,42.28604],[-71.06374,42.28593],[-71.06389,42.28589],[-71.0641,42.28584],[-71.06421,42.28576],[-71.0643,42.28571],[-71.06442,42.28529],[-71.06456,42.28479],[-71.06471,42.28428],[-71.06479,42.28401],[-71.06487,42.28371],[-71.06506,42.28304],[-71.06507,42.28301],[-71.06528,42.28224],[-71.06532,42.28206]]]}},{"type":"Feature","properties":{"id":"1609","ward":16,"precinct":9},"geometry":{"type":"Polygon","coordinates":[[[-71.05147,42.28932],[-71.05191,42.28921],[-71.05216,42.28915],[-71.05274,42.289],[-71.05358,42.28877],[-71.05433,42.28856],[-71.05489,42.28841],[-71.05535,42.28825],[-71.0551,42.28794],[-71.05488,42.28768],[-71.05473,42.28745],[-71.05465,42.28734],[-71.05454,42.28712],[-71.05451,42.28687],[-71.05451,42.28681],[-71.05453,42.28668],[-71.05455,42.28662],[-71.05469,42.28628],[-71.05478,42.28602],[-71.05496,42.28558],[-71.05501,42.28543],[-71.05515,42.28508],[-71.05521,42.28492],[-71.05543,42.28436],[-71.05566,42.28361],[-71.05579,42.28321],[-71.05587,42.2831],[-71.056,42.28293],[-71.05615,42.28282],[-71.05654,42.28259],[-71.0562,42.28261],[-71.05592,42.28262],[-71.05573,42.28263],[-71.05529,42.28265],[-71.05494,42.28267],[-71.0544,42.28275],[-71.05414,42.2828],[-71.05403,42.28282],[-71.05344,42.28291],[-71.0532,42.28296],[-71.05273,42.28305],[-71.05234,42.28313],[-71.05224,42.28314],[-71.05201,42.28317],[-71.05141,42.28322],[-71.05106,42.28324],[-71.05035,42.28328],[-71.05014,42.28329],[-71.05006,42.28329],[-71.0493,42.28336],[-71.04902,42.28339],[-71.04867,42.28343],[-71.04856,42.28345],[-71.04808,42.28354],[-71.04771,42.28362],[-71.04762,42.28364],[-71.04732,42.28371],[-71.04722,42.28374],[-71.04698,42.28381],[-71.04688,42.28383],[-71.04677,42.28387],[-71.04674,42.28397],[-71.04659,42.28442],[-71.04654,42.2846],[-71.04652,42.28466],[-71.04654,42.28474],[-71.04699,42.28571],[-71.04705,42.2857],[-71.04714,42.28567],[-71.04716,42.28573],[-71.04746,42.2864],[-71.04852,42.28614],[-71.04909,42.2874],[-71.04937,42.28802],[-71.0507,42.28781],[-71.0509,42.28819],[-71.05115,42.28869],[-71.05136,42.28909],[-71.05147,42.28932]]]}},{"type":"Feature","properties":{"id":"1610","ward":16,"precinct":10},"geometry":{"type":"Polygon","coordinates":[[[-71.04746,42.2936],[-71.04754,42.29349],[-71.04773,42.29319],[-71.04775,42.29315],[-71.04782,42.29312],[-71.04789,42.2931],[-71.04799,42.29309],[-71.04807,42.29309],[-71.04818,42.29314],[-71.04831,42.29321],[-71.048,42.29262],[-71.04808,42.29204],[-71.04812,42.29171],[-71.04828,42.29047],[-71.04828,42.29046],[-71.0484,42.29007],[-71.04842,42.29007],[-71.05032,42.28962],[-71.05136,42.28934],[-71.05147,42.28932],[-71.05136,42.28909],[-71.05115,42.28869],[-71.0509,42.28819],[-71.0507,42.28781],[-71.04937,42.28802],[-71.04909,42.2874],[-71.04852,42.28614],[-71.04746,42.2864],[-71.04716,42.28573],[-71.04714,42.28567],[-71.04705,42.2857],[-71.04699,42.28571],[-71.04654,42.28474],[-71.04652,42.28466],[-71.04654,42.2846],[-71.04659,42.28442],[-71.04674,42.28397],[-71.04677,42.28387],[-71.04605,42.28412],[-71.04589,42.28419],[-71.04557,42.28432],[-71.04518,42.28449],[-71.04452,42.28479],[-71.04407,42.28499],[-71.04388,42.28508],[-71.04369,42.28517],[-71.04331,42.28533],[-71.04315,42.28539],[-71.04292,42.28547],[-71.04279,42.28551],[-71.04272,42.28553],[-71.04258,42.28554],[-71.04256,42.28555],[-71.04228,42.28557],[-71.0421,42.28557],[-71.042,42.28555],[-71.04166,42.28542],[-71.04128,42.28524],[-71.041,42.28509],[-71.0409,42.28504],[-71.04067,42.28491],[-71.04039,42.28477],[-71.04022,42.28468],[-71.03969,42.28439],[-71.03929,42.28412],[-71.03908,42.28397],[-71.03902,42.28402],[-71.03897,42.28407],[-71.03894,42.28409],[-71.0389,42.28412],[-71.03885,42.28416],[-71.03882,42.28418],[-71.03864,42.28432],[-71.03836,42.28454],[-71.03808,42.28476],[-71.03789,42.28491],[-71.03782,42.28502],[-71.03718,42.28598],[-71.03529,42.28881],[-71.03551,42.28922],[-71.03612,42.29036],[-71.03623,42.29056],[-71.03639,42.29087],[-71.03656,42.29118],[-71.03667,42.29139],[-71.03695,42.29164],[-71.03711,42.29179],[-71.03767,42.29271],[-71.03846,42.29348],[-71.03974,42.29383],[-71.04146,42.29434],[-71.04242,42.29448],[-71.04337,42.29483],[-71.04351,42.29524],[-71.0445,42.29498],[-71.04522,42.29482],[-71.04546,42.29477],[-71.04562,42.29472],[-71.0457,42.2947],[-71.04633,42.29456],[-71.04717,42.29437],[-71.04716,42.29424],[-71.04716,42.2942],[-71.04717,42.29404],[-71.04722,42.29394],[-71.04728,42.29384],[-71.04731,42.29379],[-71.04737,42.29372],[-71.04743,42.29363],[-71.04746,42.2936]]]}},{"type":"Feature","properties":{"id":"1611","ward":16,"precinct":11},"geometry":{"type":"Polygon","coordinates":[[[-71.05573,42.28263],[-71.05592,42.28262],[-71.0562,42.28261],[-71.05654,42.28259],[-71.05663,42.28258],[-71.05697,42.28252],[-71.05728,42.28246],[-71.05779,42.28232],[-71.05796,42.28227],[-71.05846,42.28214],[-71.0586,42.2821],[-71.0589,42.28201],[-71.05893,42.282],[-71.05925,42.28192],[-71.05989,42.28173],[-71.06076,42.28146],[-71.06132,42.2813],[-71.06148,42.28125],[-71.06151,42.28124],[-71.06169,42.28118],[-71.06221,42.28102],[-71.06338,42.28067],[-71.06378,42.28054],[-71.06411,42.28044],[-71.06478,42.28024],[-71.06551,42.28004],[-71.06564,42.28],[-71.06592,42.27994],[-71.06605,42.27953],[-71.06623,42.27884],[-71.0665,42.27791],[-71.06661,42.27754],[-71.06682,42.2768],[-71.06698,42.27626],[-71.06719,42.27551],[-71.06731,42.27506],[-71.06553,42.2748],[-71.0618,42.27594],[-71.06144,42.27567],[-71.06092,42.27531],[-71.06002,42.27475],[-71.05972,42.27455],[-71.0597,42.2745],[-71.0596,42.27444],[-71.05942,42.27433],[-71.05916,42.27453],[-71.05898,42.27469],[-71.05865,42.27496],[-71.05858,42.27503],[-71.05825,42.27526],[-71.05775,42.27561],[-71.05712,42.27602],[-71.05576,42.27696],[-71.05519,42.27734],[-71.05476,42.27759],[-71.05445,42.27775],[-71.05413,42.2779],[-71.05377,42.27804],[-71.05387,42.27821],[-71.05399,42.2785],[-71.05416,42.27895],[-71.05427,42.27923],[-71.05469,42.28035],[-71.05486,42.28072],[-71.05489,42.28077],[-71.05537,42.28185],[-71.05566,42.2825],[-71.05573,42.28263]]]}},{"type":"Feature","properties":{"id":"1612","ward":16,"precinct":12},"geometry":{"type":"Polygon","coordinates":[[[-71.04067,42.28491],[-71.0409,42.28504],[-71.041,42.28509],[-71.04128,42.28524],[-71.04166,42.28542],[-71.042,42.28555],[-71.0421,42.28557],[-71.04228,42.28557],[-71.04256,42.28555],[-71.04258,42.28554],[-71.04272,42.28553],[-71.04279,42.28551],[-71.04292,42.28547],[-71.04315,42.28539],[-71.04331,42.28533],[-71.04369,42.28517],[-71.04388,42.28508],[-71.04407,42.28499],[-71.04452,42.28479],[-71.04518,42.28449],[-71.04557,42.28432],[-71.04589,42.28419],[-71.04605,42.28412],[-71.04677,42.28387],[-71.04688,42.28383],[-71.04698,42.28381],[-71.04722,42.28374],[-71.04732,42.28371],[-71.04762,42.28364],[-71.04771,42.28362],[-71.04808,42.28354],[-71.04856,42.28345],[-71.04867,42.28343],[-71.04902,42.28339],[-71.0493,42.28336],[-71.05006,42.28329],[-71.05014,42.28329],[-71.05035,42.28328],[-71.05106,42.28324],[-71.05141,42.28322],[-71.05201,42.28317],[-71.05224,42.28314],[-71.05234,42.28313],[-71.05273,42.28305],[-71.0532,42.28296],[-71.05344,42.28291],[-71.05403,42.28282],[-71.05414,42.2828],[-71.0544,42.28275],[-71.05494,42.28267],[-71.05529,42.28265],[-71.05573,42.28263],[-71.05566,42.2825],[-71.05537,42.28185],[-71.05489,42.28077],[-71.05486,42.28072],[-71.05469,42.28035],[-71.05427,42.27923],[-71.05416,42.27895],[-71.05399,42.2785],[-71.05387,42.27821],[-71.05377,42.27804],[-71.05375,42.278],[-71.05371,42.27795],[-71.05362,42.27786],[-71.05351,42.27773],[-71.05328,42.27751],[-71.0526,42.27768],[-71.05127,42.27793],[-71.0498,42.27811],[-71.04924,42.27807],[-71.04858,42.27792],[-71.04849,42.27787],[-71.04831,42.27777],[-71.0476,42.27738],[-71.04712,42.27709],[-71.04488,42.27627],[-71.04442,42.27632],[-71.04391,42.27654],[-71.04304,42.2769],[-71.04278,42.27711],[-71.04243,42.27734],[-71.04159,42.27811],[-71.0415,42.27843],[-71.04136,42.2789],[-71.04127,42.27921],[-71.04114,42.27969],[-71.041,42.28016],[-71.04091,42.28047],[-71.04086,42.28065],[-71.04078,42.28092],[-71.0407,42.28118],[-71.04065,42.28136],[-71.04051,42.28184],[-71.04049,42.28191],[-71.03973,42.28311],[-71.03947,42.28353],[-71.0394,42.28363],[-71.03929,42.28381],[-71.03918,42.2839],[-71.03908,42.28397],[-71.03929,42.28412],[-71.03969,42.28439],[-71.04022,42.28468],[-71.04039,42.28477],[-71.04067,42.28491]]]}},{"type":"Feature","properties":{"id":"1701","ward":17,"precinct":1},"geometry":{"type":"Polygon","coordinates":[[[-71.07293,42.29959],[-71.07364,42.29938],[-71.07381,42.29933],[-71.07407,42.29926],[-71.07462,42.29908],[-71.075,42.29898],[-71.0752,42.29892],[-71.07527,42.29889],[-71.07543,42.29882],[-71.07552,42.29875],[-71.07559,42.29866],[-71.07574,42.29843],[-71.07603,42.29785],[-71.0761,42.29764],[-71.07623,42.29739],[-71.07629,42.29732],[-71.0764,42.29727],[-71.07654,42.29722],[-71.07671,42.29718],[-71.07704,42.29712],[-71.07728,42.29707],[-71.07774,42.29696],[-71.07819,42.29686],[-71.07845,42.2968],[-71.07885,42.29672],[-71.07869,42.29566],[-71.07848,42.29435],[-71.07836,42.29438],[-71.07809,42.29445],[-71.07725,42.29461],[-71.07645,42.29476],[-71.07563,42.2949],[-71.07488,42.29506],[-71.07454,42.29512],[-71.07413,42.2952],[-71.07329,42.29535],[-71.07261,42.29546],[-71.07212,42.29552],[-71.07133,42.29569],[-71.07115,42.29574],[-71.07117,42.29601],[-71.07122,42.29636],[-71.07131,42.29695],[-71.07136,42.29713],[-71.07142,42.29731],[-71.07144,42.29738],[-71.07148,42.29746],[-71.07121,42.29753],[-71.07074,42.29768],[-71.07094,42.29813],[-71.07102,42.29831],[-71.0712,42.2987],[-71.07137,42.29896],[-71.07209,42.29874],[-71.07214,42.29879],[-71.07224,42.2989],[-71.07274,42.29938],[-71.07293,42.29959]]]}},{"type":"Feature","properties":{"id":"1702","ward":17,"precinct":2},"geometry":{"type":"Polygon","coordinates":[[[-71.07137,42.29896],[-71.0712,42.2987],[-71.07102,42.29831],[-71.07094,42.29813],[-71.07074,42.29768],[-71.0706,42.29735],[-71.07053,42.29706],[-71.0705,42.2969],[-71.07029,42.29681],[-71.07012,42.29677],[-71.07001,42.29675],[-71.0699,42.29674],[-71.06977,42.29675],[-71.06961,42.29676],[-71.06935,42.2968],[-71.06856,42.29704],[-71.06735,42.29742],[-71.06686,42.29755],[-71.0667,42.29756],[-71.06686,42.2972],[-71.06698,42.29688],[-71.06641,42.29703],[-71.06611,42.29759],[-71.06585,42.29797],[-71.06554,42.29832],[-71.06523,42.2986],[-71.06486,42.29887],[-71.06432,42.29921],[-71.0644,42.29926],[-71.06475,42.29947],[-71.06511,42.29968],[-71.06552,42.29992],[-71.066,42.30022],[-71.06623,42.30033],[-71.06632,42.30031],[-71.06685,42.30018],[-71.06749,42.30002],[-71.06819,42.29984],[-71.06894,42.29964],[-71.06915,42.29958],[-71.07,42.29935],[-71.07137,42.29896]]]}},{"type":"Feature","properties":{"id":"1703","ward":17,"precinct":3},"geometry":{"type":"Polygon","coordinates":[[[-71.06641,42.29703],[-71.06698,42.29688],[-71.06686,42.2972],[-71.0667,42.29756],[-71.06686,42.29755],[-71.06735,42.29742],[-71.06856,42.29704],[-71.06935,42.2968],[-71.06961,42.29676],[-71.06977,42.29675],[-71.0699,42.29674],[-71.07001,42.29675],[-71.07012,42.29677],[-71.07029,42.29681],[-71.0705,42.2969],[-71.07053,42.29706],[-71.0706,42.29735],[-71.07074,42.29768],[-71.07121,42.29753],[-71.07148,42.29746],[-71.07144,42.29738],[-71.07142,42.29731],[-71.07136,42.29713],[-71.07131,42.29695],[-71.07122,42.29636],[-71.07117,42.29601],[-71.07115,42.29574],[-71.07133,42.29569],[-71.07212,42.29552],[-71.07261,42.29546],[-71.07329,42.29535],[-71.07413,42.2952],[-71.07454,42.29512],[-71.07488,42.29506],[-71.07563,42.2949],[-71.07645,42.29476],[-71.07725,42.29461],[-71.07809,42.29445],[-71.07836,42.29438],[-71.07848,42.29435],[-71.0782,42.29251],[-71.07796,42.2925],[-71.07744,42.29261],[-71.0766,42.29279],[-71.07576,42.29295],[-71.07498,42.29311],[-71.07473,42.29243],[-71.0746,42.29201],[-71.07445,42.29162],[-71.07434,42.29137],[-71.07415,42.29085],[-71.07409,42.29074],[-71.07394,42.29046],[-71.07331,42.29061],[-71.07273,42.29075],[-71.07166,42.291],[-71.07171,42.2917],[-71.07175,42.29201],[-71.07177,42.29231],[-71.07181,42.29287],[-71.07187,42.2933],[-71.07122,42.2935],[-71.07042,42.29371],[-71.06961,42.29392],[-71.06878,42.29415],[-71.06761,42.29445],[-71.06674,42.29467],[-71.06628,42.29481],[-71.0662,42.29483],[-71.06564,42.29497],[-71.06414,42.29535],[-71.06314,42.29562],[-71.063,42.29566],[-71.0627,42.29574],[-71.06247,42.29582],[-71.06262,42.29658],[-71.06451,42.29608],[-71.06484,42.29679],[-71.0651,42.29737],[-71.06564,42.29723],[-71.06584,42.29717],[-71.06626,42.29707],[-71.06641,42.29703]]]}},{"type":"Feature","properties":{"id":"1704","ward":17,"precinct":4},"geometry":{"type":"Polygon","coordinates":[[[-71.0665,42.27791],[-71.06623,42.27884],[-71.06605,42.27953],[-71.06592,42.27994],[-71.06581,42.28035],[-71.06566,42.28088],[-71.06544,42.28165],[-71.06537,42.28191],[-71.06532,42.28206],[-71.06528,42.28224],[-71.06507,42.28301],[-71.06506,42.28304],[-71.06487,42.28371],[-71.06479,42.28401],[-71.06522,42.2839],[-71.06657,42.28349],[-71.06695,42.28337],[-71.06837,42.28294],[-71.06907,42.28272],[-71.0697,42.28251],[-71.07054,42.28226],[-71.07126,42.28202],[-71.07151,42.28195],[-71.07243,42.28177],[-71.07351,42.28154],[-71.07496,42.28126],[-71.07533,42.28117],[-71.07574,42.28105],[-71.0756,42.28073],[-71.07547,42.28034],[-71.07541,42.2801],[-71.0753,42.2798],[-71.07525,42.27969],[-71.07509,42.2792],[-71.07502,42.27899],[-71.07486,42.27855],[-71.07473,42.27814],[-71.07453,42.27812],[-71.0737,42.27808],[-71.07317,42.27806],[-71.07277,42.27808],[-71.07267,42.27777],[-71.07253,42.27737],[-71.07212,42.27627],[-71.07205,42.27609],[-71.07204,42.276],[-71.07208,42.27567],[-71.07086,42.27592],[-71.07074,42.27592],[-71.07064,42.27591],[-71.07031,42.27587],[-71.0696,42.27576],[-71.06944,42.2763],[-71.06911,42.27626],[-71.06899,42.27625],[-71.06879,42.27626],[-71.06838,42.27634],[-71.06797,42.27641],[-71.06789,42.27644],[-71.06784,42.27648],[-71.0677,42.27691],[-71.06754,42.27751],[-71.06752,42.27762],[-71.06752,42.27771],[-71.06694,42.27788],[-71.06672,42.27795],[-71.0665,42.27791]]]}},{"type":"Feature","properties":{"id":"1705","ward":17,"precinct":5},"geometry":{"type":"Polygon","coordinates":[[[-71.0782,42.29251],[-71.07815,42.29203],[-71.07814,42.29163],[-71.07814,42.29135],[-71.07816,42.2911],[-71.0782,42.29078],[-71.07826,42.29043],[-71.07831,42.29018],[-71.0784,42.28982],[-71.07851,42.28944],[-71.07854,42.28934],[-71.07871,42.28899],[-71.07891,42.28859],[-71.07919,42.28815],[-71.07882,42.28813],[-71.07809,42.28806],[-71.07781,42.288],[-71.07747,42.28811],[-71.07708,42.28818],[-71.0768,42.28824],[-71.07651,42.2883],[-71.07627,42.28835],[-71.07603,42.28842],[-71.07581,42.28852],[-71.07556,42.28864],[-71.0753,42.28873],[-71.07505,42.2888],[-71.07474,42.28887],[-71.07389,42.28905],[-71.07324,42.28921],[-71.07306,42.28928],[-71.07292,42.28936],[-71.0728,42.28947],[-71.07262,42.28968],[-71.07242,42.28988],[-71.07223,42.29005],[-71.072,42.29023],[-71.0716,42.29023],[-71.07162,42.29041],[-71.07164,42.29066],[-71.07166,42.291],[-71.07273,42.29075],[-71.07331,42.29061],[-71.07394,42.29046],[-71.07409,42.29074],[-71.07415,42.29085],[-71.07434,42.29137],[-71.07445,42.29162],[-71.0746,42.29201],[-71.07473,42.29243],[-71.07498,42.29311],[-71.07576,42.29295],[-71.0766,42.29279],[-71.07744,42.29261],[-71.07796,42.2925],[-71.0782,42.29251]]]}},{"type":"Feature","properties":{"id":"1706","ward":17,"precinct":6},"geometry":{"type":"Polygon","coordinates":[[[-71.07166,42.291],[-71.07164,42.29066],[-71.07162,42.29041],[-71.0716,42.29023],[-71.07151,42.28988],[-71.07132,42.28937],[-71.07119,42.28904],[-71.07112,42.28874],[-71.07111,42.28854],[-71.07112,42.28835],[-71.07117,42.28797],[-71.07054,42.28813],[-71.06952,42.2884],[-71.06836,42.28872],[-71.06701,42.28908],[-71.0672,42.28917],[-71.06772,42.28939],[-71.06835,42.28962],[-71.06844,42.28965],[-71.06861,42.28969],[-71.06901,42.28983],[-71.06965,42.28996],[-71.06935,42.29011],[-71.06805,42.29052],[-71.06722,42.29077],[-71.06745,42.29127],[-71.06758,42.29143],[-71.06736,42.29152],[-71.0667,42.29171],[-71.06616,42.29186],[-71.06592,42.29194],[-71.06559,42.29203],[-71.06554,42.29205],[-71.0654,42.29211],[-71.06506,42.29222],[-71.06459,42.29236],[-71.06478,42.293],[-71.06492,42.29341],[-71.06499,42.2937],[-71.06504,42.29383],[-71.06509,42.29397],[-71.06516,42.29409],[-71.0652,42.29422],[-71.06502,42.29428],[-71.06484,42.29436],[-71.06457,42.29445],[-71.06435,42.2945],[-71.06328,42.29468],[-71.06307,42.29471],[-71.06317,42.29496],[-71.06317,42.2951],[-71.06313,42.29536],[-71.06314,42.29562],[-71.06414,42.29535],[-71.06564,42.29497],[-71.0662,42.29483],[-71.06628,42.29481],[-71.06674,42.29467],[-71.06761,42.29445],[-71.06878,42.29415],[-71.06961,42.29392],[-71.07042,42.29371],[-71.07122,42.2935],[-71.07187,42.2933],[-71.07181,42.29287],[-71.07177,42.29231],[-71.07175,42.29201],[-71.07171,42.2917],[-71.07166,42.291]]]}},{"type":"Feature","properties":{"id":"1707","ward":17,"precinct":7},"geometry":{"type":"Polygon","coordinates":[[[-71.07626,42.28317],[-71.0763,42.28327],[-71.07663,42.28378],[-71.07683,42.28404],[-71.07709,42.28443],[-71.07726,42.28501],[-71.0775,42.28567],[-71.0778,42.2866],[-71.07808,42.28745],[-71.0782,42.28772],[-71.07799,42.2879],[-71.07781,42.288],[-71.07809,42.28806],[-71.07882,42.28813],[-71.07919,42.28815],[-71.07951,42.28769],[-71.07986,42.28727],[-71.07999,42.28715],[-71.08001,42.28713],[-71.08037,42.28679],[-71.08056,42.28663],[-71.08089,42.28631],[-71.08122,42.28602],[-71.08205,42.28528],[-71.08243,42.28493],[-71.0828,42.28454],[-71.08305,42.28425],[-71.08328,42.28394],[-71.08382,42.28325],[-71.08373,42.28328],[-71.08337,42.28342],[-71.08326,42.28347],[-71.08294,42.28359],[-71.08233,42.28383],[-71.08169,42.28407],[-71.08137,42.28418],[-71.08115,42.28426],[-71.08099,42.28391],[-71.08083,42.28351],[-71.08076,42.28333],[-71.08069,42.28321],[-71.08059,42.28301],[-71.08041,42.28278],[-71.08018,42.28247],[-71.07981,42.28253],[-71.07936,42.28259],[-71.0789,42.28266],[-71.07838,42.28276],[-71.07723,42.28297],[-71.0768,42.28307],[-71.07626,42.28317]]]}},{"type":"Feature","properties":{"id":"1708","ward":17,"precinct":8},"geometry":{"type":"Polygon","coordinates":[[[-71.07155,42.2839],[-71.07157,42.28401],[-71.07157,42.28419],[-71.07156,42.28436],[-71.07154,42.28451],[-71.07152,42.28457],[-71.0713,42.28507],[-71.07125,42.28517],[-71.07118,42.28536],[-71.07117,42.2854],[-71.07115,42.28557],[-71.07115,42.286],[-71.07117,42.28628],[-71.07117,42.28645],[-71.07117,42.28671],[-71.07121,42.28691],[-71.07121,42.28727],[-71.07121,42.28735],[-71.07121,42.28757],[-71.0712,42.28774],[-71.07117,42.28797],[-71.07112,42.28835],[-71.07111,42.28854],[-71.07112,42.28874],[-71.07119,42.28904],[-71.07132,42.28937],[-71.07151,42.28988],[-71.0716,42.29023],[-71.072,42.29023],[-71.07223,42.29005],[-71.07242,42.28988],[-71.07262,42.28968],[-71.0728,42.28947],[-71.07292,42.28936],[-71.07306,42.28928],[-71.07324,42.28921],[-71.07389,42.28905],[-71.07474,42.28887],[-71.07505,42.2888],[-71.0753,42.28873],[-71.07556,42.28864],[-71.07581,42.28852],[-71.07603,42.28842],[-71.07627,42.28835],[-71.07651,42.2883],[-71.0768,42.28824],[-71.07708,42.28818],[-71.07747,42.28811],[-71.07781,42.288],[-71.07799,42.2879],[-71.0782,42.28772],[-71.07808,42.28745],[-71.0778,42.2866],[-71.0775,42.28567],[-71.07726,42.28501],[-71.07709,42.28443],[-71.07683,42.28404],[-71.07663,42.28378],[-71.0763,42.28327],[-71.07626,42.28317],[-71.07625,42.28307],[-71.07621,42.28292],[-71.07585,42.28299],[-71.07334,42.28352],[-71.07268,42.28365],[-71.07188,42.28382],[-71.07155,42.2839]]]}},{"type":"Feature","properties":{"id":"1709","ward":17,"precinct":9},"geometry":{"type":"Polygon","coordinates":[[[-71.07148,42.28355],[-71.06973,42.28409],[-71.06867,42.28441],[-71.0685,42.28446],[-71.06838,42.28451],[-71.06822,42.28462],[-71.06807,42.28473],[-71.06788,42.28484],[-71.06771,42.2849],[-71.06742,42.28499],[-71.06738,42.285],[-71.06722,42.28503],[-71.0667,42.28514],[-71.06634,42.28516],[-71.0661,42.2852],[-71.0658,42.28528],[-71.06549,42.28538],[-71.06485,42.28556],[-71.0643,42.28571],[-71.06434,42.28582],[-71.06448,42.28621],[-71.06475,42.2868],[-71.0651,42.28746],[-71.06533,42.28773],[-71.06557,42.28802],[-71.06608,42.28849],[-71.06634,42.28867],[-71.0667,42.28891],[-71.06701,42.28908],[-71.06836,42.28872],[-71.06952,42.2884],[-71.07054,42.28813],[-71.07117,42.28797],[-71.0712,42.28774],[-71.07121,42.28757],[-71.07121,42.28735],[-71.07121,42.28727],[-71.07121,42.28691],[-71.07117,42.28671],[-71.07117,42.28645],[-71.07117,42.28628],[-71.07115,42.286],[-71.07115,42.28557],[-71.07117,42.2854],[-71.07118,42.28536],[-71.07125,42.28517],[-71.0713,42.28507],[-71.07152,42.28457],[-71.07154,42.28451],[-71.07156,42.28436],[-71.07157,42.28419],[-71.07157,42.28401],[-71.07155,42.2839],[-71.07148,42.28355]]]}},{"type":"Feature","properties":{"id":"1710","ward":17,"precinct":10},"geometry":{"type":"Polygon","coordinates":[[[-71.08157,42.27973],[-71.08151,42.27977],[-71.08079,42.27995],[-71.08065,42.27997],[-71.08001,42.2801],[-71.07913,42.28031],[-71.07853,42.28043],[-71.07574,42.28105],[-71.07533,42.28117],[-71.07496,42.28126],[-71.07351,42.28154],[-71.07243,42.28177],[-71.07151,42.28195],[-71.07126,42.28202],[-71.07135,42.28256],[-71.07136,42.2828],[-71.07139,42.28307],[-71.07148,42.28355],[-71.07155,42.2839],[-71.07188,42.28382],[-71.07268,42.28365],[-71.07334,42.28352],[-71.07585,42.28299],[-71.07621,42.28292],[-71.07625,42.28307],[-71.07626,42.28317],[-71.0768,42.28307],[-71.07723,42.28297],[-71.07838,42.28276],[-71.0789,42.28266],[-71.07936,42.28259],[-71.07981,42.28253],[-71.08018,42.28247],[-71.08041,42.28278],[-71.08059,42.28301],[-71.08069,42.28321],[-71.08076,42.28333],[-71.08083,42.28351],[-71.08099,42.28391],[-71.08115,42.28426],[-71.08137,42.28418],[-71.08169,42.28407],[-71.08233,42.28383],[-71.08294,42.28359],[-71.08326,42.28347],[-71.08337,42.28342],[-71.08373,42.28328],[-71.08382,42.28325],[-71.08546,42.28105],[-71.0855,42.281],[-71.08547,42.28099],[-71.08501,42.2809],[-71.08489,42.28087],[-71.08449,42.28079],[-71.08328,42.28054],[-71.08281,42.28044],[-71.08274,42.28042],[-71.08263,42.28038],[-71.08257,42.28035],[-71.08225,42.28019],[-71.08215,42.28012],[-71.08157,42.27973]]]}},{"type":"Feature","properties":{"id":"1711","ward":17,"precinct":11},"geometry":{"type":"Polygon","coordinates":[[[-71.06479,42.28401],[-71.06471,42.28428],[-71.06456,42.28479],[-71.06442,42.28529],[-71.0643,42.28571],[-71.06485,42.28556],[-71.06549,42.28538],[-71.0658,42.28528],[-71.0661,42.2852],[-71.06634,42.28516],[-71.0667,42.28514],[-71.06722,42.28503],[-71.06738,42.285],[-71.06742,42.28499],[-71.06771,42.2849],[-71.06788,42.28484],[-71.06807,42.28473],[-71.06822,42.28462],[-71.06838,42.28451],[-71.0685,42.28446],[-71.06867,42.28441],[-71.06973,42.28409],[-71.07148,42.28355],[-71.07139,42.28307],[-71.07136,42.2828],[-71.07135,42.28256],[-71.07126,42.28202],[-71.07054,42.28226],[-71.0697,42.28251],[-71.06907,42.28272],[-71.06837,42.28294],[-71.06695,42.28337],[-71.06657,42.28349],[-71.06522,42.2839],[-71.06479,42.28401]]]}},{"type":"Feature","properties":{"id":"1712","ward":17,"precinct":12},"geometry":{"type":"Polygon","coordinates":[[[-71.07208,42.27567],[-71.07204,42.276],[-71.07205,42.27609],[-71.07212,42.27627],[-71.07253,42.27737],[-71.07267,42.27777],[-71.07277,42.27808],[-71.07317,42.27806],[-71.0737,42.27808],[-71.07453,42.27812],[-71.07473,42.27814],[-71.07486,42.27855],[-71.07502,42.27899],[-71.07509,42.2792],[-71.07525,42.27969],[-71.0753,42.2798],[-71.07541,42.2801],[-71.07547,42.28034],[-71.0756,42.28073],[-71.07574,42.28105],[-71.07853,42.28043],[-71.07913,42.28031],[-71.08001,42.2801],[-71.08065,42.27997],[-71.08079,42.27995],[-71.08151,42.27977],[-71.08157,42.27973],[-71.0811,42.2794],[-71.08053,42.27903],[-71.08048,42.27899],[-71.08044,42.27897],[-71.07982,42.27859],[-71.07961,42.27846],[-71.07866,42.27787],[-71.07829,42.2777],[-71.0776,42.27739],[-71.07725,42.27723],[-71.07687,42.27704],[-71.07646,42.27686],[-71.07495,42.27627],[-71.07431,42.27603],[-71.07393,42.2759],[-71.07324,42.27561],[-71.07265,42.27528],[-71.0722,42.27501],[-71.07214,42.27531],[-71.07208,42.27567]]]}},{"type":"Feature","properties":{"id":"1713","ward":17,"precinct":13},"geometry":{"type":"Polygon","coordinates":[[[-71.05377,42.27804],[-71.05413,42.2779],[-71.05445,42.27775],[-71.05476,42.27759],[-71.05519,42.27734],[-71.05576,42.27696],[-71.05712,42.27602],[-71.05775,42.27561],[-71.05825,42.27526],[-71.05858,42.27503],[-71.05865,42.27496],[-71.05898,42.27469],[-71.05916,42.27453],[-71.05942,42.27433],[-71.0596,42.27444],[-71.0597,42.2745],[-71.05972,42.27455],[-71.06002,42.27475],[-71.06092,42.27531],[-71.06144,42.27567],[-71.0618,42.27594],[-71.06553,42.2748],[-71.06731,42.27506],[-71.06719,42.27551],[-71.06698,42.27626],[-71.06682,42.2768],[-71.06661,42.27754],[-71.0665,42.27791],[-71.06672,42.27795],[-71.06694,42.27788],[-71.06752,42.27771],[-71.06752,42.27762],[-71.06754,42.27751],[-71.0677,42.27691],[-71.06784,42.27648],[-71.06789,42.27644],[-71.06797,42.27641],[-71.06838,42.27634],[-71.06879,42.27626],[-71.06899,42.27625],[-71.06911,42.27626],[-71.06944,42.2763],[-71.0696,42.27576],[-71.07031,42.27587],[-71.07064,42.27591],[-71.07074,42.27592],[-71.07086,42.27592],[-71.07208,42.27567],[-71.07214,42.27531],[-71.0722,42.27501],[-71.07053,42.27403],[-71.07034,42.2739],[-71.07009,42.27371],[-71.07006,42.27359],[-71.06992,42.27327],[-71.06964,42.27271],[-71.0696,42.27267],[-71.06953,42.27258],[-71.06936,42.27251],[-71.06901,42.27241],[-71.06849,42.27229],[-71.06839,42.27227],[-71.06818,42.27223],[-71.06802,42.27222],[-71.06799,42.27212],[-71.06799,42.27196],[-71.06802,42.27178],[-71.06809,42.27157],[-71.06818,42.27135],[-71.06819,42.27123],[-71.06817,42.27113],[-71.06817,42.27109],[-71.06814,42.27101],[-71.06797,42.27116],[-71.06795,42.27118],[-71.06783,42.27138],[-71.06782,42.2714],[-71.06778,42.27143],[-71.0677,42.2715],[-71.06752,42.27151],[-71.06728,42.27146],[-71.06696,42.27141],[-71.06641,42.27133],[-71.06604,42.27128],[-71.06577,42.27121],[-71.06546,42.27102],[-71.06528,42.27085],[-71.06525,42.27082],[-71.0651,42.27067],[-71.06491,42.2704],[-71.06478,42.27018],[-71.06475,42.26996],[-71.06478,42.26986],[-71.06483,42.26975],[-71.06501,42.26947],[-71.06503,42.26929],[-71.06494,42.26898],[-71.0647,42.26862],[-71.0641,42.26813],[-71.06395,42.26798],[-71.06351,42.26757],[-71.0631,42.26735],[-71.06289,42.26729],[-71.0626,42.26721],[-71.06219,42.26717],[-71.06183,42.26722],[-71.06142,42.26733],[-71.06098,42.26746],[-71.05868,42.26879],[-71.05789,42.26928],[-71.0566,42.27007],[-71.05541,42.27072],[-71.05504,42.27095],[-71.05433,42.27137],[-71.05384,42.27171],[-71.05369,42.27182],[-71.05361,42.27196],[-71.05351,42.27224],[-71.05349,42.27225],[-71.05349,42.27247],[-71.05407,42.2734],[-71.0541,42.27345],[-71.055,42.27418],[-71.05535,42.27463],[-71.05539,42.2747],[-71.05558,42.27506],[-71.05559,42.27572],[-71.05547,42.27594],[-71.05525,42.27635],[-71.05492,42.27661],[-71.0544,42.27703],[-71.05391,42.27727],[-71.05349,42.27743],[-71.05328,42.27751],[-71.05351,42.27773],[-71.05362,42.27786],[-71.05371,42.27795],[-71.05375,42.278],[-71.05377,42.27804]]]}},{"type":"Feature","properties":{"id":"1714","ward":17,"precinct":14},"geometry":{"type":"Polygon","coordinates":[[[-71.0722,42.27501],[-71.07265,42.27528],[-71.07324,42.27561],[-71.07393,42.2759],[-71.07431,42.27603],[-71.07495,42.27627],[-71.07646,42.27686],[-71.07687,42.27704],[-71.07725,42.27723],[-71.07781,42.27652],[-71.07815,42.27609],[-71.07831,42.27589],[-71.07845,42.27575],[-71.07833,42.27553],[-71.07825,42.27536],[-71.07816,42.27517],[-71.07792,42.27457],[-71.07789,42.27448],[-71.07778,42.27417],[-71.07762,42.27379],[-71.07752,42.2735],[-71.07738,42.27313],[-71.07726,42.27279],[-71.07719,42.27258],[-71.0772,42.27242],[-71.07719,42.27208],[-71.07721,42.2718],[-71.07724,42.27155],[-71.07699,42.27154],[-71.07672,42.27152],[-71.07639,42.27153],[-71.07629,42.27153],[-71.07596,42.27153],[-71.07565,42.2715],[-71.07541,42.27146],[-71.07528,42.27052],[-71.07526,42.27042],[-71.07525,42.27031],[-71.07506,42.27029],[-71.07489,42.27031],[-71.07478,42.27032],[-71.07457,42.27032],[-71.07449,42.27033],[-71.074,42.2703],[-71.07371,42.27029],[-71.07359,42.2703],[-71.0733,42.27032],[-71.07326,42.27033],[-71.07323,42.27032],[-71.07321,42.27032],[-71.07313,42.27033],[-71.07304,42.27034],[-71.07299,42.27035],[-71.0729,42.27039],[-71.07271,42.27054],[-71.07243,42.2707],[-71.07204,42.27083],[-71.07168,42.27086],[-71.07135,42.27085],[-71.07121,42.27081],[-71.07105,42.27075],[-71.07103,42.27074],[-71.07093,42.27072],[-71.07061,42.27064],[-71.07042,42.27062],[-71.06978,42.27061],[-71.06971,42.27062],[-71.06946,42.27064],[-71.0693,42.27065],[-71.06925,42.27066],[-71.06901,42.27067],[-71.06885,42.2707],[-71.06878,42.27072],[-71.06869,42.27074],[-71.0685,42.27078],[-71.06841,42.27081],[-71.06838,42.27084],[-71.06814,42.27101],[-71.06817,42.27109],[-71.06817,42.27113],[-71.06819,42.27123],[-71.06818,42.27135],[-71.06809,42.27157],[-71.06802,42.27178],[-71.06799,42.27196],[-71.06799,42.27212],[-71.06802,42.27222],[-71.06818,42.27223],[-71.06839,42.27227],[-71.06849,42.27229],[-71.06901,42.27241],[-71.06936,42.27251],[-71.06953,42.27258],[-71.0696,42.27267],[-71.06964,42.27271],[-71.06992,42.27327],[-71.07006,42.27359],[-71.07009,42.27371],[-71.07034,42.2739],[-71.07053,42.27403],[-71.0722,42.27501]]]}},{"type":"Feature","properties":{"id":"1801","ward":18,"precinct":1},"geometry":{"type":"Polygon","coordinates":[[[-71.07725,42.27723],[-71.0776,42.27739],[-71.07829,42.2777],[-71.07866,42.27787],[-71.07961,42.27846],[-71.07982,42.27859],[-71.08044,42.27897],[-71.08048,42.27899],[-71.08053,42.27903],[-71.0811,42.2794],[-71.08157,42.27973],[-71.08215,42.28012],[-71.08225,42.28019],[-71.08257,42.28035],[-71.08263,42.28038],[-71.08274,42.28042],[-71.083,42.28024],[-71.08342,42.28],[-71.08358,42.2799],[-71.08385,42.27966],[-71.08425,42.27924],[-71.0843,42.27919],[-71.08472,42.27872],[-71.08542,42.27795],[-71.08599,42.27728],[-71.08622,42.27702],[-71.0872,42.27594],[-71.08766,42.27544],[-71.08809,42.27498],[-71.08851,42.27452],[-71.08862,42.2744],[-71.0889,42.27412],[-71.0894,42.27358],[-71.08989,42.27301],[-71.08957,42.2728],[-71.08947,42.27272],[-71.08942,42.27265],[-71.08938,42.27254],[-71.08936,42.2724],[-71.08937,42.27236],[-71.08889,42.27213],[-71.08898,42.27201],[-71.08925,42.2717],[-71.08886,42.27151],[-71.08857,42.27136],[-71.08852,42.27138],[-71.0884,42.27138],[-71.08813,42.27134],[-71.08762,42.27128],[-71.08732,42.27125],[-71.08713,42.27209],[-71.08706,42.27251],[-71.08705,42.27278],[-71.08707,42.273],[-71.08705,42.27306],[-71.087,42.27317],[-71.08693,42.27327],[-71.08667,42.27357],[-71.08622,42.27409],[-71.08567,42.27468],[-71.08548,42.2749],[-71.08544,42.27495],[-71.08388,42.27407],[-71.0845,42.27337],[-71.08337,42.2713],[-71.08375,42.27126],[-71.08456,42.2711],[-71.08518,42.27099],[-71.0854,42.27095],[-71.08588,42.27083],[-71.08763,42.27025],[-71.08775,42.26956],[-71.08763,42.26953],[-71.08698,42.26939],[-71.08672,42.26934],[-71.08572,42.26913],[-71.08558,42.26909],[-71.0854,42.26905],[-71.08424,42.26884],[-71.08338,42.2687],[-71.08276,42.26864],[-71.08261,42.26865],[-71.0825,42.26867],[-71.08249,42.26868],[-71.08224,42.26877],[-71.08151,42.26903],[-71.08085,42.26933],[-71.08032,42.26946],[-71.08,42.26947],[-71.07986,42.26948],[-71.0792,42.26954],[-71.07877,42.26958],[-71.07857,42.26961],[-71.07847,42.26966],[-71.07828,42.26981],[-71.07816,42.2699],[-71.07785,42.27003],[-71.07758,42.27016],[-71.07711,42.27039],[-71.07686,42.27046],[-71.07649,42.27052],[-71.07605,42.27053],[-71.07563,42.27047],[-71.07525,42.27031],[-71.07526,42.27042],[-71.07528,42.27052],[-71.07541,42.27146],[-71.07565,42.2715],[-71.07596,42.27153],[-71.07629,42.27153],[-71.07639,42.27153],[-71.07672,42.27152],[-71.07699,42.27154],[-71.07724,42.27155],[-71.07721,42.2718],[-71.07719,42.27208],[-71.0772,42.27242],[-71.07719,42.27258],[-71.07726,42.27279],[-71.07738,42.27313],[-71.07752,42.2735],[-71.07762,42.27379],[-71.07778,42.27417],[-71.07789,42.27448],[-71.07792,42.27457],[-71.07816,42.27517],[-71.07825,42.27536],[-71.07833,42.27553],[-71.07845,42.27575],[-71.07831,42.27589],[-71.07815,42.27609],[-71.07781,42.27652],[-71.07725,42.27723]]]}},{"type":"Feature","properties":{"id":"1802","ward":18,"precinct":2},"geometry":{"type":"Polygon","coordinates":[[[-71.08274,42.28042],[-71.08281,42.28044],[-71.08328,42.28054],[-71.08449,42.28079],[-71.08489,42.28087],[-71.08501,42.2809],[-71.08547,42.28099],[-71.0855,42.281],[-71.08584,42.28054],[-71.08609,42.28022],[-71.08632,42.27996],[-71.08693,42.27935],[-71.08711,42.27939],[-71.08717,42.27947],[-71.08748,42.27963],[-71.08845,42.2801],[-71.08859,42.27996],[-71.08916,42.27938],[-71.08947,42.27906],[-71.08969,42.27882],[-71.08994,42.27859],[-71.09077,42.27906],[-71.09171,42.27956],[-71.09271,42.28012],[-71.09297,42.28003],[-71.09314,42.27953],[-71.09316,42.27945],[-71.09318,42.27939],[-71.09338,42.27878],[-71.09343,42.27864],[-71.09345,42.27858],[-71.09349,42.27843],[-71.09352,42.27817],[-71.09354,42.27797],[-71.09356,42.27762],[-71.09358,42.27726],[-71.09362,42.27642],[-71.09362,42.27612],[-71.0934,42.27613],[-71.09322,42.2762],[-71.09263,42.27651],[-71.09237,42.27554],[-71.09234,42.27541],[-71.09222,42.27504],[-71.0921,42.27444],[-71.09209,42.27441],[-71.09204,42.27406],[-71.09201,42.27392],[-71.09198,42.27362],[-71.09195,42.27317],[-71.09193,42.27271],[-71.09193,42.27263],[-71.09196,42.27247],[-71.09204,42.27217],[-71.09228,42.27148],[-71.09241,42.27122],[-71.09145,42.27068],[-71.09125,42.2709],[-71.09073,42.27136],[-71.09024,42.2718],[-71.09017,42.27184],[-71.08981,42.27203],[-71.08959,42.27213],[-71.08943,42.27225],[-71.08937,42.27236],[-71.08936,42.2724],[-71.08938,42.27254],[-71.08942,42.27265],[-71.08947,42.27272],[-71.08957,42.2728],[-71.08989,42.27301],[-71.0894,42.27358],[-71.0889,42.27412],[-71.08862,42.2744],[-71.08851,42.27452],[-71.08809,42.27498],[-71.08766,42.27544],[-71.0872,42.27594],[-71.08622,42.27702],[-71.08599,42.27728],[-71.08542,42.27795],[-71.08472,42.27872],[-71.0843,42.27919],[-71.08425,42.27924],[-71.08385,42.27966],[-71.08358,42.2799],[-71.08342,42.28],[-71.083,42.28024],[-71.08274,42.28042]]]}},{"type":"Feature","properties":{"id":"1803","ward":18,"precinct":3},"geometry":{"type":"Polygon","coordinates":[[[-71.09358,42.27726],[-71.09376,42.27737],[-71.09411,42.27762],[-71.09461,42.27799],[-71.09498,42.27825],[-71.0954,42.27863],[-71.09593,42.27916],[-71.09628,42.27948],[-71.09633,42.27953],[-71.09681,42.27997],[-71.09696,42.28014],[-71.0971,42.28028],[-71.09756,42.28085],[-71.09793,42.28127],[-71.09807,42.28143],[-71.09832,42.28164],[-71.09842,42.28169],[-71.09845,42.28171],[-71.0988,42.28189],[-71.0993,42.28215],[-71.09963,42.28234],[-71.09991,42.28209],[-71.10006,42.28201],[-71.10031,42.28192],[-71.10051,42.28185],[-71.1009,42.28176],[-71.10171,42.2816],[-71.10294,42.28141],[-71.10371,42.28128],[-71.10391,42.28123],[-71.10411,42.28117],[-71.10455,42.28095],[-71.1051,42.28064],[-71.10554,42.28043],[-71.10577,42.28033],[-71.10583,42.28029],[-71.10596,42.28022],[-71.10623,42.27996],[-71.10713,42.27913],[-71.10735,42.27891],[-71.10744,42.27875],[-71.10751,42.27846],[-71.10753,42.27831],[-71.10465,42.27681],[-71.10494,42.27655],[-71.10502,42.27646],[-71.1043,42.27606],[-71.10357,42.27566],[-71.10283,42.27533],[-71.1028,42.2753],[-71.10272,42.27526],[-71.1021,42.27497],[-71.10141,42.27455],[-71.10067,42.27414],[-71.10023,42.27388],[-71.09996,42.27371],[-71.09993,42.2737],[-71.09953,42.27345],[-71.09925,42.2733],[-71.09915,42.27324],[-71.09842,42.27283],[-71.09787,42.27251],[-71.09766,42.27238],[-71.09679,42.27187],[-71.09646,42.2722],[-71.09615,42.27251],[-71.09585,42.27272],[-71.09541,42.27291],[-71.09505,42.27302],[-71.09395,42.2733],[-71.09388,42.27334],[-71.09379,42.27337],[-71.0937,42.27339],[-71.0937,42.27327],[-71.09369,42.27309],[-71.0937,42.27289],[-71.09352,42.27304],[-71.09328,42.27325],[-71.09271,42.27379],[-71.09209,42.27441],[-71.0921,42.27444],[-71.09222,42.27504],[-71.09234,42.27541],[-71.09237,42.27554],[-71.09263,42.27651],[-71.09322,42.2762],[-71.0934,42.27613],[-71.09362,42.27612],[-71.09362,42.27642],[-71.09358,42.27726]]]}},{"type":"Feature","properties":{"id":"1804","ward":18,"precinct":4},"geometry":{"type":"Polygon","coordinates":[[[-71.08937,42.27236],[-71.08943,42.27225],[-71.08959,42.27213],[-71.08981,42.27203],[-71.09017,42.27184],[-71.09024,42.2718],[-71.09073,42.27136],[-71.09125,42.2709],[-71.09145,42.27068],[-71.09241,42.27122],[-71.09288,42.27148],[-71.09355,42.27183],[-71.0936,42.27183],[-71.09374,42.2717],[-71.09375,42.27121],[-71.09394,42.27118],[-71.09408,42.27111],[-71.09423,42.27097],[-71.09449,42.2707],[-71.09516,42.27002],[-71.0957,42.26948],[-71.0962,42.26896],[-71.09668,42.26933],[-71.09694,42.26954],[-71.09711,42.26965],[-71.09733,42.26979],[-71.09773,42.26996],[-71.09786,42.27003],[-71.09788,42.27004],[-71.09809,42.26986],[-71.09835,42.26963],[-71.09915,42.26884],[-71.10051,42.26753],[-71.10124,42.26684],[-71.10086,42.26647],[-71.10054,42.26616],[-71.10028,42.26595],[-71.10014,42.26584],[-71.09962,42.26551],[-71.09936,42.26533],[-71.09913,42.26514],[-71.0994,42.265],[-71.09968,42.26485],[-71.09914,42.26431],[-71.09847,42.26361],[-71.09805,42.26318],[-71.09791,42.26292],[-71.0979,42.26289],[-71.09774,42.26294],[-71.09748,42.2631],[-71.09722,42.26347],[-71.09692,42.26399],[-71.09675,42.26435],[-71.09643,42.26475],[-71.09616,42.26501],[-71.09585,42.26524],[-71.09569,42.26536],[-71.09545,42.26558],[-71.09526,42.26579],[-71.09508,42.26604],[-71.09496,42.26624],[-71.09491,42.2663],[-71.09478,42.26652],[-71.09471,42.26662],[-71.09467,42.26666],[-71.09465,42.26669],[-71.09463,42.26678],[-71.09459,42.2668],[-71.09439,42.267],[-71.09413,42.26714],[-71.09394,42.26715],[-71.09391,42.26715],[-71.09374,42.26714],[-71.0935,42.2671],[-71.09341,42.26709],[-71.09313,42.26701],[-71.09294,42.26685],[-71.09263,42.26674],[-71.0923,42.26674],[-71.0918,42.26669],[-71.09132,42.2666],[-71.09102,42.26652],[-71.09082,42.26649],[-71.0905,42.26656],[-71.09026,42.26665],[-71.09024,42.26668],[-71.09016,42.26685],[-71.09004,42.26717],[-71.08999,42.26748],[-71.08987,42.26775],[-71.08986,42.26778],[-71.08986,42.26795],[-71.08986,42.26797],[-71.08986,42.26806],[-71.08991,42.26825],[-71.08997,42.26842],[-71.09015,42.26884],[-71.09021,42.26899],[-71.09019,42.26908],[-71.09004,42.26933],[-71.08982,42.26955],[-71.0895,42.26968],[-71.0894,42.2697],[-71.08917,42.26975],[-71.08915,42.26975],[-71.08867,42.26974],[-71.08811,42.26964],[-71.08775,42.26956],[-71.08763,42.27025],[-71.08588,42.27083],[-71.0854,42.27095],[-71.08518,42.27099],[-71.08456,42.2711],[-71.08375,42.27126],[-71.08337,42.2713],[-71.0845,42.27337],[-71.08388,42.27407],[-71.08544,42.27495],[-71.08548,42.2749],[-71.08567,42.27468],[-71.08622,42.27409],[-71.08667,42.27357],[-71.08693,42.27327],[-71.087,42.27317],[-71.08705,42.27306],[-71.08707,42.273],[-71.08705,42.27278],[-71.08706,42.27251],[-71.08713,42.27209],[-71.08732,42.27125],[-71.08762,42.27128],[-71.08813,42.27134],[-71.0884,42.27138],[-71.08852,42.27138],[-71.08857,42.27136],[-71.08886,42.27151],[-71.08925,42.2717],[-71.08898,42.27201],[-71.08889,42.27213],[-71.08937,42.27236]]]}},{"type":"Feature","properties":{"id":"1805","ward":18,"precinct":5},"geometry":{"type":"Polygon","coordinates":[[[-71.10124,42.26684],[-71.10133,42.26691],[-71.10142,42.26699],[-71.10162,42.26714],[-71.10191,42.2674],[-71.1024,42.26783],[-71.10254,42.26797],[-71.10291,42.26827],[-71.10312,42.26806],[-71.10387,42.26734],[-71.10442,42.26678],[-71.10488,42.26635],[-71.10511,42.26648],[-71.10543,42.26666],[-71.10568,42.2668],[-71.10606,42.26643],[-71.10634,42.26613],[-71.10637,42.26608],[-71.10662,42.26596],[-71.10703,42.26641],[-71.10754,42.26592],[-71.10757,42.26583],[-71.10756,42.26576],[-71.1075,42.26565],[-71.10745,42.26554],[-71.10716,42.2649],[-71.10683,42.26416],[-71.10649,42.26342],[-71.10681,42.26334],[-71.10728,42.26317],[-71.10754,42.26306],[-71.10774,42.26298],[-71.10726,42.26229],[-71.1069,42.26194],[-71.10732,42.26171],[-71.10773,42.26149],[-71.10809,42.26131],[-71.10827,42.2612],[-71.10836,42.26115],[-71.10839,42.26113],[-71.10841,42.26112],[-71.10834,42.26107],[-71.10813,42.26089],[-71.10793,42.2608],[-71.10761,42.26068],[-71.10746,42.26066],[-71.10703,42.26069],[-71.10674,42.26073],[-71.10633,42.26081],[-71.10608,42.26085],[-71.10589,42.26087],[-71.10579,42.26087],[-71.10577,42.26087],[-71.10574,42.26087],[-71.10566,42.26087],[-71.10563,42.26087],[-71.1056,42.26087],[-71.10554,42.26088],[-71.10526,42.26086],[-71.105,42.26081],[-71.10476,42.26067],[-71.10454,42.26048],[-71.10438,42.26021],[-71.10419,42.25999],[-71.10406,42.25987],[-71.10396,42.25982],[-71.10393,42.25979],[-71.10387,42.25977],[-71.10383,42.25976],[-71.10374,42.25974],[-71.10367,42.25973],[-71.10361,42.25973],[-71.10343,42.25973],[-71.10338,42.25973],[-71.10329,42.25974],[-71.10314,42.25976],[-71.103,42.25979],[-71.10269,42.25989],[-71.10241,42.26003],[-71.10228,42.26011],[-71.10216,42.2602],[-71.10185,42.26038],[-71.10146,42.26059],[-71.10142,42.26061],[-71.10135,42.26065],[-71.10131,42.26067],[-71.1013,42.26068],[-71.10106,42.26085],[-71.10073,42.26108],[-71.10024,42.26144],[-71.0998,42.26178],[-71.09957,42.26196],[-71.09912,42.26238],[-71.09886,42.2626],[-71.0985,42.26273],[-71.09821,42.26279],[-71.0979,42.26289],[-71.09791,42.26292],[-71.09805,42.26318],[-71.09847,42.26361],[-71.09914,42.26431],[-71.09968,42.26485],[-71.0994,42.265],[-71.09913,42.26514],[-71.09936,42.26533],[-71.09962,42.26551],[-71.10014,42.26584],[-71.10028,42.26595],[-71.10054,42.26616],[-71.10086,42.26647],[-71.10124,42.26684]]]}},{"type":"Feature","properties":{"id":"1806","ward":18,"precinct":6},"geometry":{"type":"Polygon","coordinates":[[[-71.10291,42.26827],[-71.10318,42.26851],[-71.10358,42.26885],[-71.10376,42.26901],[-71.10411,42.2693],[-71.10437,42.26954],[-71.10417,42.26987],[-71.10402,42.27004],[-71.10386,42.27025],[-71.10437,42.27049],[-71.10519,42.27091],[-71.10504,42.27108],[-71.10473,42.27134],[-71.10508,42.27141],[-71.10588,42.27158],[-71.10631,42.27169],[-71.10656,42.27178],[-71.1067,42.27186],[-71.10689,42.27198],[-71.10718,42.27221],[-71.10764,42.27271],[-71.10803,42.27312],[-71.10842,42.27351],[-71.10864,42.27373],[-71.10919,42.27437],[-71.10932,42.27446],[-71.10948,42.27459],[-71.10964,42.27468],[-71.10981,42.27477],[-71.11037,42.27507],[-71.11067,42.27456],[-71.11115,42.27378],[-71.11157,42.27301],[-71.1121,42.27213],[-71.11219,42.27197],[-71.1122,42.27192],[-71.11214,42.27186],[-71.11157,42.27152],[-71.11016,42.27071],[-71.11017,42.2706],[-71.11019,42.27048],[-71.11024,42.27033],[-71.11034,42.27014],[-71.11057,42.26977],[-71.11067,42.26959],[-71.1109,42.26924],[-71.111,42.26905],[-71.11149,42.26797],[-71.11163,42.26762],[-71.11165,42.26749],[-71.11162,42.26737],[-71.11144,42.26704],[-71.11113,42.26656],[-71.11083,42.26607],[-71.11072,42.26591],[-71.11033,42.26537],[-71.11014,42.26508],[-71.10986,42.26467],[-71.10959,42.26428],[-71.10949,42.26411],[-71.10924,42.26377],[-71.10885,42.2632],[-71.10864,42.26289],[-71.10842,42.2626],[-71.10832,42.26268],[-71.10816,42.26279],[-71.10777,42.26297],[-71.10774,42.26298],[-71.10754,42.26306],[-71.10728,42.26317],[-71.10681,42.26334],[-71.10649,42.26342],[-71.10683,42.26416],[-71.10716,42.2649],[-71.10745,42.26554],[-71.1075,42.26565],[-71.10756,42.26576],[-71.10757,42.26583],[-71.10754,42.26592],[-71.10703,42.26641],[-71.10662,42.26596],[-71.10637,42.26608],[-71.10634,42.26613],[-71.10606,42.26643],[-71.10568,42.2668],[-71.10543,42.26666],[-71.10511,42.26648],[-71.10488,42.26635],[-71.10442,42.26678],[-71.10387,42.26734],[-71.10312,42.26806],[-71.10291,42.26827]]]}},{"type":"Feature","properties":{"id":"1807","ward":18,"precinct":7},"geometry":{"type":"Polygon","coordinates":[[[-71.10753,42.27831],[-71.10751,42.27846],[-71.10744,42.27875],[-71.10735,42.27891],[-71.10713,42.27913],[-71.10623,42.27996],[-71.10596,42.28022],[-71.10583,42.28029],[-71.10577,42.28033],[-71.10554,42.28043],[-71.1051,42.28064],[-71.10455,42.28095],[-71.10411,42.28117],[-71.10391,42.28123],[-71.10371,42.28128],[-71.10294,42.28141],[-71.10171,42.2816],[-71.1009,42.28176],[-71.10051,42.28185],[-71.10031,42.28192],[-71.10006,42.28201],[-71.09991,42.28209],[-71.09963,42.28234],[-71.0999,42.28249],[-71.10041,42.28285],[-71.10102,42.28331],[-71.10176,42.28384],[-71.10189,42.28393],[-71.10241,42.28433],[-71.10269,42.28455],[-71.1042,42.28577],[-71.10496,42.28636],[-71.1054,42.28673],[-71.10568,42.28695],[-71.10635,42.28745],[-71.10665,42.28767],[-71.10676,42.28775],[-71.10705,42.28796],[-71.10737,42.28819],[-71.10795,42.28862],[-71.10852,42.2883],[-71.10922,42.28794],[-71.10976,42.28765],[-71.10992,42.28754],[-71.11012,42.28737],[-71.11032,42.28716],[-71.11056,42.28696],[-71.11064,42.28691],[-71.11078,42.28686],[-71.11111,42.28679],[-71.11161,42.28666],[-71.11196,42.28657],[-71.11218,42.28653],[-71.11258,42.28651],[-71.11328,42.2865],[-71.11358,42.28651],[-71.11404,42.28649],[-71.11462,42.28648],[-71.11487,42.28648],[-71.11513,42.28647],[-71.11547,42.28647],[-71.11622,42.28645],[-71.1164,42.28645],[-71.11718,42.28644],[-71.1179,42.28642],[-71.11869,42.28642],[-71.11873,42.28619],[-71.11882,42.28551],[-71.11955,42.28552],[-71.11957,42.28503],[-71.11959,42.28392],[-71.11962,42.28269],[-71.11963,42.28149],[-71.11967,42.28086],[-71.11971,42.2803],[-71.11891,42.27996],[-71.1184,42.27972],[-71.11777,42.27948],[-71.11678,42.2791],[-71.11663,42.27901],[-71.11638,42.27887],[-71.11534,42.27805],[-71.11453,42.27738],[-71.11419,42.27711],[-71.11379,42.27686],[-71.11323,42.27659],[-71.1128,42.27637],[-71.11274,42.27633],[-71.1125,42.27621],[-71.11186,42.27589],[-71.11133,42.27563],[-71.11126,42.27559],[-71.11082,42.27536],[-71.11037,42.27507],[-71.10981,42.27477],[-71.10964,42.27468],[-71.10948,42.27459],[-71.10932,42.27446],[-71.10919,42.27437],[-71.1091,42.27452],[-71.10877,42.27504],[-71.10865,42.27526],[-71.10858,42.2754],[-71.10855,42.2755],[-71.10846,42.27578],[-71.10839,42.27598],[-71.10816,42.27651],[-71.10789,42.27718],[-71.10784,42.27729],[-71.10774,42.27751],[-71.10765,42.2778],[-71.10754,42.27821],[-71.10753,42.27831]]]}},{"type":"Feature","properties":{"id":"1808","ward":18,"precinct":8},"geometry":{"type":"Polygon","coordinates":[[[-71.11037,42.27507],[-71.11082,42.27536],[-71.11126,42.27559],[-71.11133,42.27563],[-71.11186,42.27589],[-71.1125,42.27621],[-71.11274,42.27633],[-71.1128,42.27637],[-71.11323,42.27659],[-71.11379,42.27686],[-71.11419,42.27711],[-71.11453,42.27738],[-71.11534,42.27805],[-71.11638,42.27887],[-71.11663,42.27901],[-71.11678,42.2791],[-71.11777,42.27948],[-71.1184,42.27972],[-71.11891,42.27996],[-71.11971,42.2803],[-71.11984,42.27955],[-71.11999,42.27883],[-71.12011,42.27817],[-71.12043,42.27651],[-71.12092,42.27473],[-71.12103,42.27422],[-71.12114,42.2737],[-71.12127,42.27306],[-71.12142,42.27233],[-71.12156,42.27173],[-71.12169,42.27122],[-71.12178,42.27068],[-71.12144,42.27039],[-71.12141,42.27046],[-71.12135,42.2706],[-71.12119,42.27069],[-71.121,42.27056],[-71.12078,42.27042],[-71.12061,42.27029],[-71.12025,42.26982],[-71.12,42.26942],[-71.11952,42.26867],[-71.1189,42.26765],[-71.11839,42.26685],[-71.11827,42.2666],[-71.11825,42.26638],[-71.11812,42.26545],[-71.11803,42.26478],[-71.118,42.26459],[-71.11803,42.26436],[-71.11794,42.26431],[-71.11788,42.26418],[-71.11788,42.26403],[-71.11745,42.26415],[-71.11689,42.26427],[-71.1163,42.2644],[-71.11549,42.2646],[-71.115,42.26474],[-71.11413,42.265],[-71.1133,42.26527],[-71.11253,42.26553],[-71.11169,42.26577],[-71.11083,42.26607],[-71.11113,42.26656],[-71.11144,42.26704],[-71.11162,42.26737],[-71.11165,42.26749],[-71.11163,42.26762],[-71.11149,42.26797],[-71.111,42.26905],[-71.1109,42.26924],[-71.11067,42.26959],[-71.11057,42.26977],[-71.11034,42.27014],[-71.11024,42.27033],[-71.11019,42.27048],[-71.11017,42.2706],[-71.11016,42.27071],[-71.11157,42.27152],[-71.11214,42.27186],[-71.1122,42.27192],[-71.11219,42.27197],[-71.1121,42.27213],[-71.11157,42.27301],[-71.11115,42.27378],[-71.11067,42.27456],[-71.11037,42.27507]]]}},{"type":"Feature","properties":{"id":"1809","ward":18,"precinct":9},"geometry":{"type":"Polygon","coordinates":[[[-71.11999,42.27883],[-71.12002,42.27883],[-71.12038,42.27878],[-71.12055,42.27873],[-71.12087,42.27863],[-71.1211,42.27853],[-71.12153,42.27816],[-71.12169,42.27811],[-71.12193,42.27807],[-71.12234,42.27807],[-71.12314,42.27808],[-71.12359,42.27807],[-71.12364,42.27815],[-71.12366,42.27823],[-71.12367,42.27862],[-71.12371,42.27891],[-71.12376,42.27904],[-71.12387,42.27926],[-71.124,42.27948],[-71.12409,42.27959],[-71.12423,42.2797],[-71.12446,42.27994],[-71.12463,42.28012],[-71.12483,42.28039],[-71.125,42.28058],[-71.12526,42.28072],[-71.12581,42.28094],[-71.12639,42.28117],[-71.12662,42.28127],[-71.12671,42.28135],[-71.12758,42.28222],[-71.12777,42.28211],[-71.12819,42.28173],[-71.12861,42.28138],[-71.12908,42.28098],[-71.1295,42.28062],[-71.12984,42.28032],[-71.13026,42.27995],[-71.13063,42.27967],[-71.12931,42.27901],[-71.12905,42.27885],[-71.12871,42.27863],[-71.12848,42.27846],[-71.12818,42.27826],[-71.12783,42.27794],[-71.12733,42.27752],[-71.12708,42.27727],[-71.12652,42.27675],[-71.12629,42.2765],[-71.12567,42.27592],[-71.12656,42.27538],[-71.12678,42.27526],[-71.12708,42.27512],[-71.12735,42.27504],[-71.12757,42.27494],[-71.12771,42.27482],[-71.12794,42.27457],[-71.12825,42.27425],[-71.12769,42.27407],[-71.12685,42.27382],[-71.12635,42.27367],[-71.126,42.27356],[-71.12579,42.27348],[-71.12566,42.27341],[-71.12547,42.27324],[-71.12491,42.27271],[-71.1248,42.27259],[-71.12467,42.27247],[-71.12415,42.27196],[-71.12371,42.27153],[-71.12359,42.27142],[-71.12349,42.27136],[-71.12336,42.27132],[-71.12297,42.27123],[-71.12216,42.27105],[-71.12178,42.27068],[-71.12169,42.27122],[-71.12156,42.27173],[-71.12142,42.27233],[-71.12127,42.27306],[-71.12114,42.2737],[-71.12103,42.27422],[-71.12092,42.27473],[-71.12043,42.27651],[-71.12011,42.27817],[-71.11999,42.27883]]]}},{"type":"Feature","properties":{"id":"1810","ward":18,"precinct":10},"geometry":{"type":"Polygon","coordinates":[[[-71.12758,42.28222],[-71.12781,42.28252],[-71.12794,42.28267],[-71.12812,42.28307],[-71.12828,42.28356],[-71.1285,42.28421],[-71.12871,42.28497],[-71.12882,42.28534],[-71.12892,42.2856],[-71.12897,42.28568],[-71.12965,42.28506],[-71.13035,42.2844],[-71.13139,42.28343],[-71.13209,42.28277],[-71.1327,42.28221],[-71.13309,42.28183],[-71.13354,42.28142],[-71.13414,42.28087],[-71.13433,42.28069],[-71.13455,42.2805],[-71.13493,42.28013],[-71.13554,42.27956],[-71.13567,42.27946],[-71.13616,42.27904],[-71.13648,42.27876],[-71.137,42.27833],[-71.13642,42.27792],[-71.1359,42.2776],[-71.13571,42.27748],[-71.13535,42.27727],[-71.13479,42.27691],[-71.13463,42.27679],[-71.13408,42.27645],[-71.13375,42.27625],[-71.13315,42.27589],[-71.13286,42.27569],[-71.13212,42.27523],[-71.13164,42.27492],[-71.13095,42.27448],[-71.13048,42.27418],[-71.12967,42.27365],[-71.12943,42.27347],[-71.12913,42.27364],[-71.12867,42.2739],[-71.1284,42.27411],[-71.12825,42.27425],[-71.12794,42.27457],[-71.12771,42.27482],[-71.12757,42.27494],[-71.12735,42.27504],[-71.12708,42.27512],[-71.12678,42.27526],[-71.12656,42.27538],[-71.12567,42.27592],[-71.12629,42.2765],[-71.12652,42.27675],[-71.12708,42.27727],[-71.12733,42.27752],[-71.12783,42.27794],[-71.12818,42.27826],[-71.12848,42.27846],[-71.12871,42.27863],[-71.12905,42.27885],[-71.12931,42.27901],[-71.13063,42.27967],[-71.13026,42.27995],[-71.12984,42.28032],[-71.1295,42.28062],[-71.12908,42.28098],[-71.12861,42.28138],[-71.12819,42.28173],[-71.12777,42.28211],[-71.12758,42.28222]]]}},{"type":"Feature","properties":{"id":"1811","ward":18,"precinct":11},"geometry":{"type":"Polygon","coordinates":[[[-71.14151,42.26384],[-71.14129,42.26394],[-71.13799,42.26551],[-71.13208,42.26834],[-71.13155,42.26856],[-71.13162,42.26866],[-71.13169,42.26877],[-71.13172,42.26881],[-71.1319,42.26919],[-71.13209,42.26972],[-71.13211,42.2698],[-71.13216,42.27001],[-71.13215,42.27025],[-71.13203,42.27081],[-71.13195,42.27112],[-71.13183,42.27153],[-71.13178,42.27192],[-71.13173,42.27219],[-71.13166,42.27234],[-71.13145,42.27251],[-71.13102,42.27279],[-71.13086,42.27288],[-71.13056,42.27303],[-71.13017,42.27321],[-71.12967,42.27341],[-71.12943,42.27347],[-71.12967,42.27365],[-71.13048,42.27418],[-71.13095,42.27448],[-71.13164,42.27492],[-71.13212,42.27523],[-71.13286,42.27569],[-71.13315,42.27589],[-71.13375,42.27625],[-71.13408,42.27645],[-71.13463,42.27679],[-71.13479,42.27691],[-71.13535,42.27727],[-71.13571,42.27748],[-71.1359,42.2776],[-71.13642,42.27792],[-71.137,42.27833],[-71.13715,42.27819],[-71.13773,42.2777],[-71.13817,42.27732],[-71.13832,42.27718],[-71.13865,42.27691],[-71.13914,42.27649],[-71.13962,42.27608],[-71.14001,42.27572],[-71.14027,42.27548],[-71.14031,42.27544],[-71.14065,42.27519],[-71.14086,42.27504],[-71.14124,42.27477],[-71.14263,42.27368],[-71.14319,42.27324],[-71.14366,42.27286],[-71.14345,42.27264],[-71.14332,42.27257],[-71.14318,42.27252],[-71.14295,42.27247],[-71.14274,42.27241],[-71.14252,42.27239],[-71.1424,42.27238],[-71.14234,42.27239],[-71.14224,42.27241],[-71.14249,42.27228],[-71.14269,42.27222],[-71.14275,42.2722],[-71.1428,42.27219],[-71.14319,42.27213],[-71.14355,42.27209],[-71.1439,42.27203],[-71.14404,42.27199],[-71.14423,42.27192],[-71.14439,42.2718],[-71.14451,42.27168],[-71.14466,42.27147],[-71.14478,42.27125],[-71.14496,42.2708],[-71.14509,42.27056],[-71.1453,42.27024],[-71.1454,42.27002],[-71.14547,42.26973],[-71.14546,42.26944],[-71.14541,42.2692],[-71.14518,42.26858],[-71.14511,42.26835],[-71.14507,42.26815],[-71.14506,42.26799],[-71.14508,42.26766],[-71.14514,42.26717],[-71.14513,42.26698],[-71.14509,42.26678],[-71.14494,42.26655],[-71.14464,42.26626],[-71.14427,42.26596],[-71.14398,42.26573],[-71.14314,42.26522],[-71.14283,42.26499],[-71.14259,42.26476],[-71.1425,42.26467],[-71.1423,42.26456],[-71.14205,42.26443],[-71.14183,42.26429],[-71.14169,42.26417],[-71.1416,42.26407],[-71.14153,42.26393],[-71.14151,42.26384]]]}},{"type":"Feature","properties":{"id":"1812","ward":18,"precinct":12},"geometry":{"type":"Polygon","coordinates":[[[-71.13155,42.26856],[-71.13208,42.26834],[-71.13799,42.26551],[-71.14129,42.26394],[-71.14151,42.26384],[-71.14148,42.26375],[-71.14145,42.26339],[-71.1414,42.26316],[-71.14131,42.2628],[-71.14117,42.26242],[-71.1411,42.26211],[-71.14107,42.26189],[-71.1411,42.2617],[-71.14119,42.26134],[-71.14135,42.26091],[-71.14142,42.26064],[-71.14142,42.26046],[-71.14138,42.26032],[-71.14128,42.26014],[-71.14107,42.25992],[-71.14094,42.25982],[-71.14069,42.25965],[-71.14055,42.25952],[-71.14046,42.25939],[-71.14042,42.25928],[-71.1404,42.25899],[-71.14035,42.25876],[-71.14029,42.25862],[-71.1402,42.25846],[-71.14002,42.25848],[-71.13986,42.25846],[-71.13961,42.25842],[-71.13939,42.2584],[-71.13919,42.25841],[-71.13873,42.25847],[-71.13848,42.25854],[-71.13822,42.25862],[-71.13781,42.25879],[-71.13754,42.25887],[-71.13733,42.2589],[-71.13714,42.25891],[-71.1369,42.2589],[-71.13664,42.25884],[-71.13637,42.25873],[-71.13545,42.25818],[-71.13565,42.25798],[-71.1357,42.25791],[-71.13572,42.25784],[-71.13573,42.25772],[-71.13573,42.25754],[-71.13572,42.25739],[-71.13571,42.25728],[-71.13567,42.25717],[-71.13562,42.25709],[-71.13551,42.25696],[-71.13536,42.25684],[-71.13518,42.2567],[-71.13504,42.25657],[-71.13496,42.25646],[-71.13493,42.25637],[-71.1349,42.25624],[-71.13494,42.25613],[-71.13502,42.25594],[-71.13516,42.25575],[-71.13551,42.25529],[-71.13558,42.25519],[-71.13571,42.25503],[-71.13579,42.25496],[-71.13593,42.25487],[-71.13625,42.25475],[-71.13603,42.25478],[-71.13589,42.25477],[-71.13554,42.25472],[-71.13537,42.25468],[-71.13463,42.25449],[-71.13397,42.25432],[-71.13367,42.25424],[-71.13335,42.25416],[-71.13307,42.25408],[-71.13273,42.25398],[-71.13266,42.25394],[-71.13248,42.25387],[-71.13229,42.25376],[-71.1322,42.25369],[-71.13208,42.25358],[-71.13184,42.25333],[-71.13159,42.253],[-71.13127,42.25261],[-71.13114,42.25247],[-71.13096,42.25223],[-71.13086,42.25235],[-71.13068,42.25251],[-71.13032,42.2528],[-71.13012,42.25297],[-71.12998,42.2531],[-71.12965,42.25338],[-71.12947,42.25357],[-71.12927,42.25375],[-71.12899,42.25404],[-71.12884,42.25419],[-71.1288,42.25425],[-71.1287,42.25438],[-71.12859,42.25456],[-71.12849,42.25469],[-71.12833,42.25485],[-71.12818,42.25496],[-71.12807,42.25502],[-71.12801,42.25504],[-71.12779,42.25514],[-71.12757,42.25522],[-71.12718,42.25533],[-71.12681,42.2554],[-71.12634,42.25549],[-71.1259,42.25557],[-71.12559,42.25562],[-71.12531,42.25566],[-71.12506,42.25625],[-71.12487,42.25676],[-71.12471,42.25724],[-71.1245,42.25807],[-71.1243,42.25902],[-71.12391,42.26056],[-71.12382,42.26114],[-71.12371,42.26168],[-71.12357,42.26221],[-71.1239,42.26237],[-71.12461,42.26276],[-71.12505,42.26299],[-71.1254,42.26317],[-71.12559,42.26327],[-71.12591,42.26343],[-71.12613,42.26354],[-71.12637,42.26373],[-71.1268,42.2641],[-71.12693,42.2642],[-71.12733,42.26451],[-71.1277,42.26477],[-71.12777,42.26483],[-71.12808,42.26504],[-71.12862,42.26543],[-71.12884,42.26561],[-71.12912,42.26585],[-71.12938,42.2661],[-71.13005,42.26675],[-71.13021,42.26691],[-71.13038,42.26708],[-71.13071,42.26745],[-71.13094,42.2677],[-71.13113,42.26796],[-71.13143,42.26838],[-71.13155,42.26856]]]}},{"type":"Feature","properties":{"id":"1813","ward":18,"precinct":13},"geometry":{"type":"Polygon","coordinates":[[[-71.12531,42.25566],[-71.12413,42.25583],[-71.124,42.25626],[-71.12393,42.25658],[-71.12336,42.25664],[-71.12233,42.25675],[-71.122,42.25678],[-71.12116,42.25687],[-71.1206,42.25692],[-71.12047,42.2569],[-71.12026,42.25684],[-71.12045,42.25656],[-71.12058,42.25636],[-71.12071,42.25619],[-71.12085,42.25609],[-71.12093,42.25601],[-71.12103,42.25592],[-71.12108,42.25584],[-71.12107,42.25577],[-71.12104,42.25568],[-71.12032,42.25507],[-71.12028,42.25503],[-71.12019,42.25491],[-71.12008,42.25474],[-71.1199,42.25439],[-71.11976,42.25417],[-71.11967,42.25404],[-71.11958,42.2539],[-71.1195,42.25381],[-71.11938,42.25368],[-71.11937,42.25367],[-71.1187,42.25433],[-71.11806,42.25494],[-71.11698,42.25583],[-71.11713,42.25593],[-71.118,42.25644],[-71.11702,42.25726],[-71.1168,42.25745],[-71.11641,42.25783],[-71.11691,42.25807],[-71.11719,42.25822],[-71.11748,42.25836],[-71.11762,42.25844],[-71.11776,42.25855],[-71.118,42.25874],[-71.11828,42.25897],[-71.11875,42.25935],[-71.11894,42.25954],[-71.11961,42.26009],[-71.11979,42.26022],[-71.12003,42.26042],[-71.12035,42.26064],[-71.12079,42.26087],[-71.12095,42.26097],[-71.12135,42.26118],[-71.12157,42.2613],[-71.12217,42.26161],[-71.12275,42.26187],[-71.12326,42.26208],[-71.12334,42.26211],[-71.12357,42.26221],[-71.12371,42.26168],[-71.12382,42.26114],[-71.12391,42.26056],[-71.1243,42.25902],[-71.1245,42.25807],[-71.12471,42.25724],[-71.12487,42.25676],[-71.12506,42.25625],[-71.12531,42.25566]]]}},{"type":"Feature","properties":{"id":"1814","ward":18,"precinct":14},"geometry":{"type":"Polygon","coordinates":[[[-71.12178,42.27068],[-71.12187,42.2703],[-71.12202,42.26959],[-71.12212,42.26912],[-71.12219,42.26879],[-71.12229,42.26839],[-71.12252,42.26739],[-71.12272,42.26646],[-71.12286,42.2657],[-71.12297,42.26512],[-71.12314,42.26436],[-71.12325,42.26379],[-71.12331,42.26352],[-71.12337,42.26326],[-71.12357,42.26221],[-71.12334,42.26211],[-71.12326,42.26208],[-71.12275,42.26187],[-71.12217,42.26161],[-71.12157,42.2613],[-71.12135,42.26118],[-71.12095,42.26097],[-71.12079,42.26087],[-71.12035,42.26064],[-71.12003,42.26042],[-71.11979,42.26022],[-71.11961,42.26009],[-71.11894,42.25954],[-71.11883,42.25964],[-71.11865,42.25984],[-71.1182,42.26037],[-71.11777,42.26083],[-71.11765,42.26095],[-71.1184,42.26161],[-71.11863,42.26178],[-71.11896,42.26193],[-71.11837,42.26323],[-71.11819,42.26358],[-71.11804,42.26391],[-71.11797,42.26393],[-71.11792,42.26398],[-71.11788,42.26403],[-71.11788,42.26418],[-71.11794,42.26431],[-71.11803,42.26436],[-71.118,42.26459],[-71.11803,42.26478],[-71.11812,42.26545],[-71.11825,42.26638],[-71.11827,42.2666],[-71.11839,42.26685],[-71.1189,42.26765],[-71.11952,42.26867],[-71.12,42.26942],[-71.12025,42.26982],[-71.12061,42.27029],[-71.12078,42.27042],[-71.121,42.27056],[-71.12119,42.27069],[-71.12135,42.2706],[-71.12141,42.27046],[-71.12144,42.27039],[-71.12178,42.27068]]]}},{"type":"Feature","properties":{"id":"1815","ward":18,"precinct":15},"geometry":{"type":"Polygon","coordinates":[[[-71.10774,42.26298],[-71.10777,42.26297],[-71.10816,42.26279],[-71.10832,42.26268],[-71.10842,42.2626],[-71.10864,42.26289],[-71.10885,42.2632],[-71.10924,42.26377],[-71.10949,42.26411],[-71.10959,42.26428],[-71.10986,42.26467],[-71.11014,42.26508],[-71.11033,42.26537],[-71.11072,42.26591],[-71.11083,42.26607],[-71.11169,42.26577],[-71.11253,42.26553],[-71.1133,42.26527],[-71.11413,42.265],[-71.115,42.26474],[-71.11549,42.2646],[-71.1163,42.2644],[-71.11689,42.26427],[-71.11745,42.26415],[-71.11788,42.26403],[-71.11792,42.26398],[-71.11797,42.26393],[-71.11804,42.26391],[-71.11819,42.26358],[-71.11837,42.26323],[-71.11896,42.26193],[-71.11863,42.26178],[-71.1184,42.26161],[-71.11765,42.26095],[-71.11777,42.26083],[-71.1182,42.26037],[-71.11865,42.25984],[-71.11883,42.25964],[-71.11894,42.25954],[-71.11875,42.25935],[-71.11828,42.25897],[-71.118,42.25874],[-71.11776,42.25855],[-71.11762,42.25844],[-71.11748,42.25836],[-71.11719,42.25822],[-71.11691,42.25807],[-71.11641,42.25783],[-71.1168,42.25745],[-71.11702,42.25726],[-71.118,42.25644],[-71.11713,42.25593],[-71.11698,42.25583],[-71.11655,42.25615],[-71.11588,42.25662],[-71.11556,42.25682],[-71.11547,42.25688],[-71.11539,42.25694],[-71.11526,42.25704],[-71.1146,42.25751],[-71.11301,42.2587],[-71.11311,42.25879],[-71.11312,42.25881],[-71.11315,42.25884],[-71.11326,42.25893],[-71.11333,42.259],[-71.11328,42.25904],[-71.11301,42.25926],[-71.11276,42.25947],[-71.11256,42.25963],[-71.11235,42.25985],[-71.11215,42.26005],[-71.11187,42.26042],[-71.11166,42.26064],[-71.11146,42.26078],[-71.1111,42.26092],[-71.11075,42.26105],[-71.11047,42.26113],[-71.11033,42.26114],[-71.11022,42.26117],[-71.11008,42.2612],[-71.10999,42.26121],[-71.10985,42.26124],[-71.10961,42.26128],[-71.10951,42.26128],[-71.10928,42.26129],[-71.10924,42.26129],[-71.10915,42.2613],[-71.10895,42.2613],[-71.10868,42.26127],[-71.10847,42.26118],[-71.10841,42.26112],[-71.10839,42.26113],[-71.10836,42.26115],[-71.10827,42.2612],[-71.10809,42.26131],[-71.10773,42.26149],[-71.10732,42.26171],[-71.1069,42.26194],[-71.10726,42.26229],[-71.10774,42.26298]]]}},{"type":"Feature","properties":{"id":"1816","ward":18,"precinct":16},"geometry":{"type":"Polygon","coordinates":[[[-71.11301,42.2587],[-71.1146,42.25751],[-71.11526,42.25704],[-71.11539,42.25694],[-71.11547,42.25688],[-71.11556,42.25682],[-71.11588,42.25662],[-71.11655,42.25615],[-71.11698,42.25583],[-71.11806,42.25494],[-71.1187,42.25433],[-71.11937,42.25367],[-71.11931,42.25359],[-71.11925,42.25351],[-71.11918,42.25344],[-71.11904,42.2533],[-71.119,42.25326],[-71.11898,42.25325],[-71.11892,42.25319],[-71.11889,42.25317],[-71.11882,42.25308],[-71.11872,42.25298],[-71.11834,42.2526],[-71.11823,42.2525],[-71.11831,42.25244],[-71.11867,42.25219],[-71.11973,42.25154],[-71.11948,42.25128],[-71.1193,42.25111],[-71.11918,42.25104],[-71.11906,42.251],[-71.1188,42.25094],[-71.11871,42.25091],[-71.1186,42.25084],[-71.11852,42.25078],[-71.11846,42.25071],[-71.1184,42.25062],[-71.11837,42.25056],[-71.11832,42.25037],[-71.11831,42.25023],[-71.11832,42.24988],[-71.11815,42.24996],[-71.11715,42.25052],[-71.11718,42.25042],[-71.11717,42.25033],[-71.11713,42.25024],[-71.11705,42.25013],[-71.11686,42.24992],[-71.1168,42.24984],[-71.11677,42.24976],[-71.11677,42.24968],[-71.11681,42.24959],[-71.11692,42.24944],[-71.11706,42.24928],[-71.11713,42.24916],[-71.11715,42.24905],[-71.11715,42.24884],[-71.11713,42.24852],[-71.11701,42.24848],[-71.1169,42.24843],[-71.11681,42.24835],[-71.11647,42.24806],[-71.11639,42.24797],[-71.11618,42.24775],[-71.11575,42.24736],[-71.11562,42.24726],[-71.11547,42.24709],[-71.11539,42.24698],[-71.11531,42.24683],[-71.11525,42.24665],[-71.11514,42.24629],[-71.11513,42.24625],[-71.115,42.24591],[-71.11494,42.24579],[-71.11484,42.24561],[-71.11475,42.24549],[-71.1146,42.24533],[-71.11456,42.24529],[-71.11446,42.24535],[-71.11345,42.24587],[-71.11327,42.24596],[-71.11299,42.24611],[-71.11261,42.2463],[-71.11216,42.24654],[-71.11206,42.24659],[-71.11178,42.24674],[-71.11094,42.24719],[-71.11029,42.24751],[-71.10993,42.24769],[-71.10935,42.248],[-71.10935,42.24805],[-71.10936,42.2484],[-71.10937,42.24856],[-71.10938,42.24913],[-71.10941,42.25024],[-71.10943,42.25102],[-71.10946,42.25211],[-71.10947,42.25242],[-71.10949,42.25334],[-71.1095,42.25379],[-71.10952,42.25466],[-71.10953,42.25476],[-71.10954,42.25542],[-71.10973,42.2556],[-71.11043,42.25626],[-71.11086,42.25666],[-71.11139,42.25716],[-71.11237,42.25809],[-71.11239,42.25812],[-71.1124,42.25813],[-71.11243,42.25816],[-71.11247,42.25818],[-71.1125,42.25821],[-71.11258,42.25829],[-71.11262,42.25833],[-71.11295,42.25864],[-71.11301,42.2587]]]}},{"type":"Feature","properties":{"id":"1817","ward":18,"precinct":17},"geometry":{"type":"Polygon","coordinates":[[[-71.12638,42.23917],[-71.1258,42.23946],[-71.12567,42.23954],[-71.12255,42.24115],[-71.12212,42.24138],[-71.12139,42.24175],[-71.12052,42.2422],[-71.11993,42.24251],[-71.11964,42.24266],[-71.11942,42.24277],[-71.11653,42.24428],[-71.11641,42.24434],[-71.11616,42.24447],[-71.1154,42.24486],[-71.1152,42.24496],[-71.11507,42.24503],[-71.11465,42.24525],[-71.11456,42.24529],[-71.1146,42.24533],[-71.11475,42.24549],[-71.11484,42.24561],[-71.11494,42.24579],[-71.115,42.24591],[-71.11513,42.24625],[-71.11514,42.24629],[-71.11525,42.24665],[-71.11531,42.24683],[-71.11539,42.24698],[-71.11547,42.24709],[-71.11562,42.24726],[-71.11575,42.24736],[-71.11618,42.24775],[-71.11639,42.24797],[-71.11647,42.24806],[-71.11681,42.24835],[-71.1169,42.24843],[-71.11701,42.24848],[-71.11713,42.24852],[-71.11715,42.24884],[-71.11715,42.24905],[-71.11713,42.24916],[-71.11706,42.24928],[-71.11692,42.24944],[-71.11681,42.24959],[-71.11677,42.24968],[-71.11677,42.24976],[-71.1168,42.24984],[-71.11686,42.24992],[-71.11705,42.25013],[-71.11713,42.25024],[-71.11717,42.25033],[-71.11718,42.25042],[-71.11715,42.25052],[-71.11815,42.24996],[-71.11832,42.24988],[-71.1183,42.24963],[-71.11827,42.24939],[-71.11823,42.24928],[-71.11818,42.24917],[-71.11812,42.24909],[-71.11869,42.24877],[-71.11895,42.24861],[-71.11919,42.24849],[-71.11978,42.24815],[-71.12023,42.2479],[-71.1203,42.24787],[-71.12085,42.24754],[-71.12118,42.24736],[-71.12163,42.24712],[-71.12195,42.24692],[-71.12227,42.24675],[-71.12247,42.24663],[-71.1228,42.24645],[-71.12334,42.24615],[-71.12368,42.24595],[-71.12421,42.24567],[-71.12541,42.24687],[-71.1255,42.24697],[-71.12572,42.24723],[-71.1261,42.24682],[-71.12644,42.2464],[-71.1269,42.24579],[-71.12725,42.24525],[-71.12745,42.24492],[-71.12732,42.24485],[-71.12717,42.24474],[-71.12712,42.24467],[-71.12712,42.2446],[-71.1272,42.24433],[-71.12748,42.24365],[-71.12809,42.24244],[-71.12812,42.24235],[-71.12812,42.24217],[-71.12804,42.24192],[-71.12794,42.24179],[-71.12764,42.24158],[-71.12719,42.24141],[-71.12704,42.24125],[-71.12664,42.23952],[-71.1266,42.23941],[-71.12657,42.23932],[-71.12653,42.23926],[-71.12645,42.23913],[-71.12638,42.23917]]]}},{"type":"Feature","properties":{"id":"1818","ward":18,"precinct":18},"geometry":{"type":"Polygon","coordinates":[[[-71.12745,42.24492],[-71.12725,42.24525],[-71.1269,42.24579],[-71.12644,42.2464],[-71.1261,42.24682],[-71.12572,42.24723],[-71.1255,42.24697],[-71.12541,42.24687],[-71.12421,42.24567],[-71.12368,42.24595],[-71.12334,42.24615],[-71.1228,42.24645],[-71.12247,42.24663],[-71.12227,42.24675],[-71.12195,42.24692],[-71.12163,42.24712],[-71.12118,42.24736],[-71.12085,42.24754],[-71.1203,42.24787],[-71.12023,42.2479],[-71.11978,42.24815],[-71.11919,42.24849],[-71.11895,42.24861],[-71.11869,42.24877],[-71.11812,42.24909],[-71.11818,42.24917],[-71.11823,42.24928],[-71.11827,42.24939],[-71.1183,42.24963],[-71.11832,42.24988],[-71.11831,42.25023],[-71.11832,42.25037],[-71.11837,42.25056],[-71.1184,42.25062],[-71.11846,42.25071],[-71.11852,42.25078],[-71.1186,42.25084],[-71.11871,42.25091],[-71.1188,42.25094],[-71.11906,42.251],[-71.11918,42.25104],[-71.1193,42.25111],[-71.11948,42.25128],[-71.11973,42.25154],[-71.11867,42.25219],[-71.11831,42.25244],[-71.11823,42.2525],[-71.11834,42.2526],[-71.11872,42.25298],[-71.11882,42.25308],[-71.11889,42.25317],[-71.11892,42.25319],[-71.11898,42.25325],[-71.119,42.25326],[-71.11904,42.2533],[-71.11918,42.25344],[-71.11925,42.25351],[-71.11931,42.25359],[-71.11937,42.25367],[-71.11938,42.25368],[-71.1195,42.25381],[-71.11958,42.2539],[-71.11967,42.25404],[-71.11976,42.25417],[-71.1199,42.25439],[-71.12008,42.25474],[-71.12019,42.25491],[-71.12028,42.25503],[-71.12032,42.25507],[-71.12104,42.25568],[-71.12107,42.25577],[-71.12108,42.25584],[-71.12103,42.25592],[-71.12093,42.25601],[-71.12085,42.25609],[-71.12071,42.25619],[-71.12058,42.25636],[-71.12045,42.25656],[-71.12026,42.25684],[-71.12047,42.2569],[-71.1206,42.25692],[-71.12116,42.25687],[-71.122,42.25678],[-71.12233,42.25675],[-71.12336,42.25664],[-71.12393,42.25658],[-71.124,42.25626],[-71.12413,42.25583],[-71.12531,42.25566],[-71.12559,42.25562],[-71.1259,42.25557],[-71.12634,42.25549],[-71.12681,42.2554],[-71.12718,42.25533],[-71.12757,42.25522],[-71.12779,42.25514],[-71.12801,42.25504],[-71.12807,42.25502],[-71.12818,42.25496],[-71.12833,42.25485],[-71.12849,42.25469],[-71.12859,42.25456],[-71.12803,42.25428],[-71.12745,42.25397],[-71.12716,42.25384],[-71.12647,42.25346],[-71.1264,42.2534],[-71.12662,42.25294],[-71.12704,42.25207],[-71.12731,42.25149],[-71.12734,42.25142],[-71.12737,42.25136],[-71.1278,42.25048],[-71.12821,42.24964],[-71.12843,42.24918],[-71.12899,42.248],[-71.12981,42.2463],[-71.13005,42.2458],[-71.13024,42.2454],[-71.13055,42.24473],[-71.13099,42.24382],[-71.13109,42.24362],[-71.13196,42.24184],[-71.13221,42.2413],[-71.13281,42.23999],[-71.13306,42.23949],[-71.13301,42.23948],[-71.13241,42.23931],[-71.13215,42.23921],[-71.13242,42.23891],[-71.13258,42.23875],[-71.13272,42.23859],[-71.13277,42.23852],[-71.13278,42.23846],[-71.13276,42.23838],[-71.13266,42.23821],[-71.13232,42.23844],[-71.13193,42.23876],[-71.13153,42.23912],[-71.13102,42.23964],[-71.1306,42.24014],[-71.13012,42.24085],[-71.12965,42.24154],[-71.12906,42.24243],[-71.12838,42.24346],[-71.1276,42.24467],[-71.12755,42.24476],[-71.1275,42.24484],[-71.12745,42.24492]]]}},{"type":"Feature","properties":{"id":"1819","ward":18,"precinct":19},"geometry":{"type":"Polygon","coordinates":[[[-71.13306,42.23949],[-71.13281,42.23999],[-71.13221,42.2413],[-71.13196,42.24184],[-71.13109,42.24362],[-71.13099,42.24382],[-71.13055,42.24473],[-71.13024,42.2454],[-71.13005,42.2458],[-71.12981,42.2463],[-71.12899,42.248],[-71.12843,42.24918],[-71.12821,42.24964],[-71.1278,42.25048],[-71.12737,42.25136],[-71.12734,42.25142],[-71.12731,42.25149],[-71.12704,42.25207],[-71.12662,42.25294],[-71.1264,42.2534],[-71.12647,42.25346],[-71.12716,42.25384],[-71.12745,42.25397],[-71.12803,42.25428],[-71.12859,42.25456],[-71.1287,42.25438],[-71.1288,42.25425],[-71.12884,42.25419],[-71.12899,42.25404],[-71.12927,42.25375],[-71.12947,42.25357],[-71.12965,42.25338],[-71.12998,42.2531],[-71.13012,42.25297],[-71.13032,42.2528],[-71.13068,42.25251],[-71.13086,42.25235],[-71.13096,42.25223],[-71.13114,42.25247],[-71.13127,42.25261],[-71.13159,42.253],[-71.13184,42.25333],[-71.13208,42.25358],[-71.1322,42.25369],[-71.13229,42.25376],[-71.13248,42.25387],[-71.13266,42.25394],[-71.13273,42.25398],[-71.13307,42.25408],[-71.13335,42.25416],[-71.13367,42.25424],[-71.13397,42.25432],[-71.13463,42.25449],[-71.13537,42.25468],[-71.13554,42.25472],[-71.13589,42.25477],[-71.13603,42.25478],[-71.13625,42.25475],[-71.13593,42.25487],[-71.13579,42.25496],[-71.13571,42.25503],[-71.13558,42.25519],[-71.13551,42.25529],[-71.13516,42.25575],[-71.13502,42.25594],[-71.13494,42.25613],[-71.1349,42.25624],[-71.13493,42.25637],[-71.13496,42.25646],[-71.13504,42.25657],[-71.13518,42.2567],[-71.13536,42.25684],[-71.13551,42.25696],[-71.13562,42.25709],[-71.13567,42.25717],[-71.13571,42.25728],[-71.13572,42.25739],[-71.13573,42.25754],[-71.13573,42.25772],[-71.13572,42.25784],[-71.1357,42.25791],[-71.13565,42.25798],[-71.13545,42.25818],[-71.13637,42.25873],[-71.13664,42.25884],[-71.1369,42.2589],[-71.13714,42.25891],[-71.13733,42.2589],[-71.13754,42.25887],[-71.13781,42.25879],[-71.13822,42.25862],[-71.13848,42.25854],[-71.13873,42.25847],[-71.13919,42.25841],[-71.13939,42.2584],[-71.13961,42.25842],[-71.13986,42.25846],[-71.14002,42.25848],[-71.1402,42.25846],[-71.14043,42.25843],[-71.14059,42.25837],[-71.14081,42.25826],[-71.1411,42.25808],[-71.14153,42.25781],[-71.1417,42.25768],[-71.14184,42.25755],[-71.14197,42.25739],[-71.14211,42.25721],[-71.14226,42.25695],[-71.14241,42.25664],[-71.14257,42.25636],[-71.14283,42.25595],[-71.14308,42.25556],[-71.14316,42.25538],[-71.14339,42.25493],[-71.14356,42.25469],[-71.1438,42.25444],[-71.14417,42.25412],[-71.14449,42.25387],[-71.14491,42.25359],[-71.14516,42.25346],[-71.14541,42.25336],[-71.14567,42.25327],[-71.1459,42.25315],[-71.14606,42.25304],[-71.14613,42.25297],[-71.1456,42.2501],[-71.14537,42.24902],[-71.14501,42.24735],[-71.14494,42.24701],[-71.14472,42.246],[-71.14457,42.24529],[-71.14455,42.2452],[-71.14454,42.24515],[-71.14454,42.24512],[-71.14439,42.24442],[-71.14407,42.24283],[-71.14387,42.24185],[-71.1437,42.24191],[-71.14314,42.24216],[-71.14259,42.24223],[-71.14251,42.24224],[-71.14039,42.24251],[-71.1401,42.24253],[-71.13993,42.24254],[-71.13986,42.24254],[-71.13963,42.24248],[-71.13925,42.24235],[-71.13885,42.24223],[-71.13841,42.24208],[-71.13741,42.24175],[-71.13729,42.24193],[-71.13703,42.24239],[-71.13674,42.24286],[-71.13675,42.24289],[-71.13657,42.24317],[-71.13528,42.24362],[-71.1355,42.24386],[-71.13574,42.24444],[-71.13536,42.24452],[-71.13528,42.24449],[-71.13501,42.2444],[-71.1344,42.24424],[-71.13395,42.24411],[-71.13378,42.24407],[-71.13359,42.24451],[-71.133,42.24438],[-71.1317,42.24405],[-71.13191,42.24362],[-71.13193,42.2436],[-71.1322,42.24316],[-71.13223,42.24302],[-71.13232,42.2428],[-71.13257,42.24229],[-71.13301,42.24141],[-71.13328,42.24083],[-71.13342,42.24054],[-71.13366,42.24004],[-71.13376,42.23983],[-71.13377,42.23976],[-71.13377,42.23965],[-71.13372,42.23964],[-71.13357,42.23962],[-71.13348,42.2396],[-71.13336,42.23957],[-71.13326,42.23955],[-71.13308,42.2395],[-71.13306,42.23949]]]}},{"type":"Feature","properties":{"id":"1820","ward":18,"precinct":20},"geometry":{"type":"Polygon","coordinates":[[[-71.12638,42.23917],[-71.12645,42.23913],[-71.12653,42.23926],[-71.12657,42.23932],[-71.1266,42.23941],[-71.12664,42.23952],[-71.12704,42.24125],[-71.12719,42.24141],[-71.12764,42.24158],[-71.12794,42.24179],[-71.12804,42.24192],[-71.12812,42.24217],[-71.12812,42.24235],[-71.12809,42.24244],[-71.12748,42.24365],[-71.1272,42.24433],[-71.12712,42.2446],[-71.12712,42.24467],[-71.12717,42.24474],[-71.12732,42.24485],[-71.12745,42.24492],[-71.1275,42.24484],[-71.12755,42.24476],[-71.1276,42.24467],[-71.12838,42.24346],[-71.12906,42.24243],[-71.12965,42.24154],[-71.13012,42.24085],[-71.1306,42.24014],[-71.13102,42.23964],[-71.13153,42.23912],[-71.13193,42.23876],[-71.13232,42.23844],[-71.13266,42.23821],[-71.13276,42.23838],[-71.13278,42.23846],[-71.13277,42.23852],[-71.13272,42.23859],[-71.13258,42.23875],[-71.13242,42.23891],[-71.13215,42.23921],[-71.13241,42.23931],[-71.13301,42.23948],[-71.13306,42.23949],[-71.13308,42.2395],[-71.13326,42.23955],[-71.13336,42.23957],[-71.13348,42.2396],[-71.13357,42.23962],[-71.13372,42.23964],[-71.13377,42.23965],[-71.13377,42.23976],[-71.13376,42.23983],[-71.13366,42.24004],[-71.13342,42.24054],[-71.13328,42.24083],[-71.13301,42.24141],[-71.13257,42.24229],[-71.13232,42.2428],[-71.13223,42.24302],[-71.1322,42.24316],[-71.13193,42.2436],[-71.13191,42.24362],[-71.1317,42.24405],[-71.133,42.24438],[-71.13359,42.24451],[-71.13378,42.24407],[-71.13395,42.24411],[-71.1344,42.24424],[-71.13501,42.2444],[-71.13528,42.24449],[-71.13536,42.24452],[-71.13574,42.24444],[-71.1355,42.24386],[-71.13528,42.24362],[-71.13657,42.24317],[-71.13675,42.24289],[-71.13674,42.24286],[-71.13703,42.24239],[-71.13729,42.24193],[-71.13741,42.24175],[-71.13841,42.24208],[-71.13885,42.24223],[-71.13925,42.24235],[-71.13963,42.24248],[-71.13986,42.24254],[-71.13993,42.24254],[-71.1401,42.24253],[-71.14039,42.24251],[-71.14251,42.24224],[-71.14259,42.24223],[-71.14314,42.24216],[-71.1437,42.24191],[-71.14387,42.24185],[-71.14386,42.24178],[-71.14382,42.24162],[-71.14381,42.24156],[-71.14366,42.24084],[-71.1435,42.24007],[-71.14345,42.23978],[-71.14344,42.23973],[-71.14343,42.23968],[-71.1434,42.23955],[-71.14336,42.23935],[-71.14319,42.23852],[-71.14309,42.23802],[-71.14307,42.23792],[-71.143,42.23756],[-71.14288,42.23698],[-71.14285,42.23684],[-71.1428,42.2366],[-71.14276,42.2364],[-71.14275,42.23633],[-71.14268,42.23601],[-71.14239,42.23581],[-71.14214,42.23562],[-71.14159,42.23525],[-71.14095,42.23482],[-71.14003,42.2342],[-71.13924,42.23367],[-71.13877,42.23334],[-71.13825,42.23299],[-71.13805,42.23286],[-71.1371,42.23222],[-71.13687,42.23206],[-71.13667,42.23192],[-71.13582,42.23135],[-71.13302,42.22946],[-71.13263,42.22919],[-71.13252,42.22911],[-71.13243,42.22906],[-71.1322,42.22891],[-71.13194,42.22872],[-71.13181,42.22864],[-71.13151,42.22844],[-71.13147,42.22841],[-71.13131,42.2283],[-71.13121,42.22823],[-71.13111,42.22817],[-71.13097,42.22807],[-71.13085,42.22798],[-71.13077,42.22793],[-71.13075,42.22792],[-71.13066,42.22799],[-71.13053,42.2281],[-71.13035,42.22832],[-71.13027,42.22851],[-71.13019,42.2286],[-71.1301,42.22868],[-71.12996,42.22874],[-71.12967,42.22876],[-71.12949,42.22879],[-71.12946,42.22881],[-71.12936,42.22886],[-71.1292,42.22898],[-71.12907,42.22915],[-71.12895,42.22932],[-71.12891,42.22952],[-71.12889,42.22966],[-71.12886,42.22973],[-71.1288,42.22981],[-71.12875,42.22984],[-71.12868,42.22989],[-71.1285,42.23001],[-71.12825,42.23019],[-71.12808,42.23038],[-71.12796,42.23055],[-71.12776,42.23079],[-71.12764,42.23097],[-71.12753,42.23112],[-71.12742,42.23118],[-71.12722,42.23122],[-71.127,42.23124],[-71.12678,42.23123],[-71.12661,42.23127],[-71.12639,42.23138],[-71.12622,42.23154],[-71.12616,42.23164],[-71.12605,42.23176],[-71.12595,42.23183],[-71.12581,42.23188],[-71.12564,42.23188],[-71.12548,42.23189],[-71.12544,42.23191],[-71.12535,42.23195],[-71.12523,42.23207],[-71.12512,42.23224],[-71.12506,42.23237],[-71.12497,42.23248],[-71.12488,42.23255],[-71.12485,42.23257],[-71.12475,42.23263],[-71.12458,42.23279],[-71.12452,42.23291],[-71.1245,42.2331],[-71.12451,42.23317],[-71.12453,42.23323],[-71.12461,42.23332],[-71.12466,42.23351],[-71.12472,42.23365],[-71.12472,42.23375],[-71.12468,42.23385],[-71.12459,42.23402],[-71.1245,42.23413],[-71.12446,42.23417],[-71.1244,42.23421],[-71.12423,42.23429],[-71.12405,42.23433],[-71.12381,42.23433],[-71.12361,42.2343],[-71.12338,42.23426],[-71.12313,42.23424],[-71.12294,42.23426],[-71.12289,42.23427],[-71.12287,42.23428],[-71.12283,42.23429],[-71.12274,42.23432],[-71.12264,42.23438],[-71.1226,42.23445],[-71.1226,42.23452],[-71.1226,42.23465],[-71.12258,42.23472],[-71.12257,42.23477],[-71.12248,42.23486],[-71.12246,42.23494],[-71.12248,42.23506],[-71.12252,42.23521],[-71.12262,42.23532],[-71.12264,42.23539],[-71.12267,42.23541],[-71.12276,42.23543],[-71.12297,42.23558],[-71.12327,42.23579],[-71.12334,42.23586],[-71.12348,42.23593],[-71.12381,42.23619],[-71.12408,42.2364],[-71.12424,42.23655],[-71.12446,42.23687],[-71.12455,42.23716],[-71.12461,42.23727],[-71.12469,42.23737],[-71.12476,42.23744],[-71.12485,42.23748],[-71.12501,42.23755],[-71.12504,42.23756],[-71.12509,42.23757],[-71.12524,42.23763],[-71.12538,42.23769],[-71.12548,42.23775],[-71.12554,42.23779],[-71.12568,42.23791],[-71.1257,42.23798],[-71.12577,42.23821],[-71.12587,42.23842],[-71.12595,42.23857],[-71.12603,42.23871],[-71.12608,42.2388],[-71.12614,42.23893],[-71.1263,42.23907],[-71.12638,42.23917]]]}},{"type":"Feature","properties":{"id":"1821","ward":18,"precinct":21},"geometry":{"type":"Polygon","coordinates":[[[-71.09241,42.27122],[-71.09228,42.27148],[-71.09204,42.27217],[-71.09196,42.27247],[-71.09193,42.27263],[-71.09193,42.27271],[-71.09195,42.27317],[-71.09198,42.27362],[-71.09201,42.27392],[-71.09204,42.27406],[-71.09209,42.27441],[-71.09271,42.27379],[-71.09328,42.27325],[-71.09352,42.27304],[-71.0937,42.27289],[-71.09369,42.27309],[-71.0937,42.27327],[-71.0937,42.27339],[-71.09379,42.27337],[-71.09388,42.27334],[-71.09395,42.2733],[-71.09505,42.27302],[-71.09541,42.27291],[-71.09585,42.27272],[-71.09615,42.27251],[-71.09646,42.2722],[-71.09679,42.27187],[-71.09766,42.27238],[-71.09787,42.27251],[-71.09842,42.27283],[-71.09915,42.27324],[-71.09925,42.2733],[-71.09953,42.27345],[-71.09993,42.2737],[-71.09996,42.27371],[-71.10023,42.27388],[-71.10067,42.27414],[-71.10141,42.27455],[-71.1021,42.27497],[-71.10272,42.27526],[-71.1028,42.2753],[-71.10283,42.27533],[-71.10357,42.27566],[-71.1043,42.27606],[-71.10502,42.27646],[-71.10494,42.27655],[-71.10465,42.27681],[-71.10753,42.27831],[-71.10754,42.27821],[-71.10765,42.2778],[-71.10774,42.27751],[-71.10784,42.27729],[-71.10789,42.27718],[-71.10816,42.27651],[-71.10839,42.27598],[-71.10846,42.27578],[-71.10855,42.2755],[-71.10858,42.2754],[-71.10865,42.27526],[-71.10877,42.27504],[-71.1091,42.27452],[-71.10919,42.27437],[-71.10864,42.27373],[-71.10842,42.27351],[-71.10803,42.27312],[-71.10764,42.27271],[-71.10718,42.27221],[-71.10689,42.27198],[-71.1067,42.27186],[-71.10656,42.27178],[-71.10631,42.27169],[-71.10588,42.27158],[-71.10508,42.27141],[-71.10473,42.27134],[-71.10504,42.27108],[-71.10519,42.27091],[-71.10437,42.27049],[-71.10386,42.27025],[-71.10402,42.27004],[-71.10417,42.26987],[-71.10437,42.26954],[-71.10411,42.2693],[-71.10376,42.26901],[-71.10358,42.26885],[-71.10318,42.26851],[-71.10291,42.26827],[-71.10254,42.26797],[-71.1024,42.26783],[-71.10191,42.2674],[-71.10162,42.26714],[-71.10142,42.26699],[-71.10133,42.26691],[-71.10124,42.26684],[-71.10051,42.26753],[-71.09915,42.26884],[-71.09835,42.26963],[-71.09809,42.26986],[-71.09788,42.27004],[-71.09786,42.27003],[-71.09773,42.26996],[-71.09733,42.26979],[-71.09711,42.26965],[-71.09694,42.26954],[-71.09668,42.26933],[-71.0962,42.26896],[-71.0957,42.26948],[-71.09516,42.27002],[-71.09449,42.2707],[-71.09423,42.27097],[-71.09408,42.27111],[-71.09394,42.27118],[-71.09375,42.27121],[-71.09374,42.2717],[-71.0936,42.27183],[-71.09355,42.27183],[-71.09288,42.27148],[-71.09241,42.27122]]]}},{"type":"Feature","properties":{"id":"1822","ward":18,"precinct":22},"geometry":{"type":"Polygon","coordinates":[[[-71.12825,42.27425],[-71.1284,42.27411],[-71.12867,42.2739],[-71.12913,42.27364],[-71.12943,42.27347],[-71.12967,42.27341],[-71.13017,42.27321],[-71.13056,42.27303],[-71.13086,42.27288],[-71.13102,42.27279],[-71.13145,42.27251],[-71.13166,42.27234],[-71.13173,42.27219],[-71.13178,42.27192],[-71.13183,42.27153],[-71.13195,42.27112],[-71.13203,42.27081],[-71.13215,42.27025],[-71.13216,42.27001],[-71.13211,42.2698],[-71.13209,42.26972],[-71.1319,42.26919],[-71.13172,42.26881],[-71.13169,42.26877],[-71.13162,42.26866],[-71.13155,42.26856],[-71.13143,42.26838],[-71.13113,42.26796],[-71.13094,42.2677],[-71.13071,42.26745],[-71.13038,42.26708],[-71.13021,42.26691],[-71.13005,42.26675],[-71.12938,42.2661],[-71.12912,42.26585],[-71.12884,42.26561],[-71.12862,42.26543],[-71.12808,42.26504],[-71.12777,42.26483],[-71.1277,42.26477],[-71.12733,42.26451],[-71.12693,42.2642],[-71.1268,42.2641],[-71.12637,42.26373],[-71.12613,42.26354],[-71.12591,42.26343],[-71.12559,42.26327],[-71.1254,42.26317],[-71.12505,42.26299],[-71.12461,42.26276],[-71.1239,42.26237],[-71.12357,42.26221],[-71.12337,42.26326],[-71.12331,42.26352],[-71.12325,42.26379],[-71.12314,42.26436],[-71.12297,42.26512],[-71.12286,42.2657],[-71.12272,42.26646],[-71.12252,42.26739],[-71.12229,42.26839],[-71.12219,42.26879],[-71.12212,42.26912],[-71.12202,42.26959],[-71.12187,42.2703],[-71.12178,42.27068],[-71.12216,42.27105],[-71.12297,42.27123],[-71.12336,42.27132],[-71.12349,42.27136],[-71.12359,42.27142],[-71.12371,42.27153],[-71.12415,42.27196],[-71.12467,42.27247],[-71.1248,42.27259],[-71.12491,42.27271],[-71.12547,42.27324],[-71.12566,42.27341],[-71.12579,42.27348],[-71.126,42.27356],[-71.12635,42.27367],[-71.12685,42.27382],[-71.12769,42.27407],[-71.12825,42.27425]]]}},{"type":"Feature","properties":{"id":"1823","ward":18,"precinct":23},"geometry":{"type":"Polygon","coordinates":[[[-71.15002,42.25946],[-71.15133,42.25882],[-71.15127,42.25877],[-71.15195,42.25836],[-71.15212,42.25826],[-71.15158,42.25801],[-71.15039,42.25747],[-71.14943,42.25703],[-71.14873,42.25672],[-71.14774,42.25626],[-71.14664,42.25576],[-71.14662,42.25561],[-71.14639,42.25441],[-71.14631,42.25394],[-71.14613,42.25297],[-71.14606,42.25304],[-71.1459,42.25315],[-71.14567,42.25327],[-71.14541,42.25336],[-71.14516,42.25346],[-71.14491,42.25359],[-71.14449,42.25387],[-71.14417,42.25412],[-71.1438,42.25444],[-71.14356,42.25469],[-71.14339,42.25493],[-71.14316,42.25538],[-71.14308,42.25556],[-71.14283,42.25595],[-71.14257,42.25636],[-71.14241,42.25664],[-71.14226,42.25695],[-71.14211,42.25721],[-71.14197,42.25739],[-71.14184,42.25755],[-71.1417,42.25768],[-71.14153,42.25781],[-71.1411,42.25808],[-71.14081,42.25826],[-71.14059,42.25837],[-71.14043,42.25843],[-71.1402,42.25846],[-71.14029,42.25862],[-71.14035,42.25876],[-71.1404,42.25899],[-71.14042,42.25928],[-71.14046,42.25939],[-71.14055,42.25952],[-71.14069,42.25965],[-71.14094,42.25982],[-71.14107,42.25992],[-71.14128,42.26014],[-71.14138,42.26032],[-71.14142,42.26046],[-71.14142,42.26064],[-71.14135,42.26091],[-71.14119,42.26134],[-71.1411,42.2617],[-71.14107,42.26189],[-71.1411,42.26211],[-71.14117,42.26242],[-71.14131,42.2628],[-71.1414,42.26316],[-71.14145,42.26339],[-71.14148,42.26375],[-71.14151,42.26384],[-71.14699,42.261],[-71.14859,42.26016],[-71.14901,42.25994],[-71.14987,42.25953],[-71.15002,42.25946]]]}},{"type":"Feature","properties":{"id":"1901","ward":19,"precinct":1},"geometry":{"type":"Polygon","coordinates":[[[-71.10994,42.32203],[-71.10986,42.32203],[-71.10979,42.32201],[-71.10977,42.32199],[-71.10976,42.32195],[-71.10976,42.32191],[-71.1098,42.32186],[-71.10995,42.32171],[-71.11009,42.32153],[-71.11053,42.32101],[-71.11069,42.32076],[-71.11094,42.32048],[-71.11106,42.32033],[-71.11167,42.31955],[-71.11158,42.31948],[-71.11134,42.31936],[-71.11089,42.31909],[-71.1107,42.31897],[-71.11048,42.31885],[-71.10989,42.31858],[-71.10937,42.31837],[-71.10889,42.31817],[-71.10865,42.31808],[-71.10844,42.31802],[-71.10804,42.31789],[-71.10783,42.31782],[-71.10765,42.31774],[-71.10749,42.31767],[-71.10714,42.3175],[-71.10699,42.31743],[-71.10667,42.31728],[-71.1066,42.31739],[-71.10641,42.31764],[-71.1058,42.31841],[-71.10567,42.31855],[-71.10553,42.31874],[-71.10539,42.31894],[-71.10513,42.31929],[-71.10529,42.31937],[-71.10545,42.31952],[-71.10557,42.31961],[-71.10586,42.31997],[-71.10656,42.32092],[-71.10668,42.32105],[-71.10679,42.32116],[-71.1075,42.32173],[-71.10799,42.32212],[-71.10827,42.32233],[-71.10845,42.3224],[-71.10926,42.32217],[-71.10945,42.32212],[-71.10994,42.32203]]]}},{"type":"Feature","properties":{"id":"1902","ward":19,"precinct":2},"geometry":{"type":"Polygon","coordinates":[[[-71.13007,42.29819],[-71.12989,42.29812],[-71.12987,42.29803],[-71.12986,42.29787],[-71.12985,42.29775],[-71.12982,42.29757],[-71.12973,42.29738],[-71.12956,42.29707],[-71.12945,42.29684],[-71.12939,42.29673],[-71.12935,42.29665],[-71.12933,42.29651],[-71.12933,42.29637],[-71.12936,42.29622],[-71.12943,42.29604],[-71.12953,42.29589],[-71.13021,42.29518],[-71.13044,42.29488],[-71.13058,42.29457],[-71.13061,42.29439],[-71.1306,42.29411],[-71.13055,42.29371],[-71.13054,42.29362],[-71.13048,42.29344],[-71.13046,42.29322],[-71.13046,42.29316],[-71.12967,42.29274],[-71.1296,42.29282],[-71.12774,42.29131],[-71.12801,42.2911],[-71.12785,42.29101],[-71.12734,42.29101],[-71.12703,42.29076],[-71.1263,42.29019],[-71.12618,42.2901],[-71.1257,42.2907],[-71.1252,42.29138],[-71.12422,42.29259],[-71.12352,42.29331],[-71.12308,42.29374],[-71.1228,42.29401],[-71.1225,42.2943],[-71.12217,42.29456],[-71.12186,42.2948],[-71.12129,42.29521],[-71.12071,42.2956],[-71.12016,42.29596],[-71.12066,42.29614],[-71.1205,42.29625],[-71.12042,42.29633],[-71.12036,42.29641],[-71.12033,42.29652],[-71.1203,42.2967],[-71.1203,42.29685],[-71.12032,42.29703],[-71.12039,42.29723],[-71.12046,42.29749],[-71.12047,42.29758],[-71.12049,42.29765],[-71.12051,42.29785],[-71.12059,42.29782],[-71.12085,42.29773],[-71.12114,42.29766],[-71.12136,42.29764],[-71.12163,42.29763],[-71.12197,42.29766],[-71.12228,42.29774],[-71.12258,42.29783],[-71.12275,42.29791],[-71.1228,42.29797],[-71.12301,42.2982],[-71.12323,42.29836],[-71.12332,42.2985],[-71.12344,42.29871],[-71.12354,42.29885],[-71.12364,42.29892],[-71.12377,42.29899],[-71.12396,42.29905],[-71.12421,42.29912],[-71.12453,42.29923],[-71.12471,42.29933],[-71.12495,42.29948],[-71.12518,42.29968],[-71.12537,42.29991],[-71.12549,42.30014],[-71.12559,42.3004],[-71.12563,42.30062],[-71.12564,42.30081],[-71.12564,42.30098],[-71.1256,42.30118],[-71.12553,42.30144],[-71.12549,42.30164],[-71.12548,42.3018],[-71.1255,42.30201],[-71.12555,42.30214],[-71.1256,42.30221],[-71.1257,42.30229],[-71.12582,42.30233],[-71.12566,42.30256],[-71.1254,42.30289],[-71.1253,42.30284],[-71.12526,42.30276],[-71.12489,42.30257],[-71.12429,42.30274],[-71.12371,42.30282],[-71.12361,42.30291],[-71.12356,42.30293],[-71.12365,42.30338],[-71.12358,42.30415],[-71.12321,42.30456],[-71.12202,42.30652],[-71.12208,42.30654],[-71.12242,42.30669],[-71.1222,42.30691],[-71.12078,42.30837],[-71.12167,42.30866],[-71.12156,42.30868],[-71.12146,42.30869],[-71.12136,42.30874],[-71.1213,42.30879],[-71.12119,42.3089],[-71.12113,42.30893],[-71.12104,42.30896],[-71.12089,42.30899],[-71.12073,42.30902],[-71.12086,42.30911],[-71.12093,42.30917],[-71.12124,42.30942],[-71.12149,42.30967],[-71.12161,42.30981],[-71.12175,42.31005],[-71.12187,42.3103],[-71.12202,42.31072],[-71.12216,42.3112],[-71.12221,42.31153],[-71.12226,42.31189],[-71.12225,42.31222],[-71.12223,42.31245],[-71.1221,42.31273],[-71.12191,42.31292],[-71.12212,42.31277],[-71.12219,42.31274],[-71.12228,42.31273],[-71.12236,42.31274],[-71.12241,42.31277],[-71.12245,42.31281],[-71.12248,42.31294],[-71.12246,42.31306],[-71.12224,42.31334],[-71.12208,42.31356],[-71.12211,42.31365],[-71.12217,42.31373],[-71.12223,42.3138],[-71.12239,42.31393],[-71.12271,42.31415],[-71.12306,42.31444],[-71.1232,42.31463],[-71.12327,42.3148],[-71.12328,42.3149],[-71.12329,42.31499],[-71.12321,42.3155],[-71.12319,42.31569],[-71.12319,42.31584],[-71.1232,42.31594],[-71.12323,42.31603],[-71.12336,42.31633],[-71.12345,42.31658],[-71.12352,42.3168],[-71.12358,42.31745],[-71.1236,42.31758],[-71.12364,42.31781],[-71.1237,42.31799],[-71.12382,42.31827],[-71.12389,42.31851],[-71.12391,42.31869],[-71.12392,42.31897],[-71.12384,42.31921],[-71.12384,42.31931],[-71.12384,42.31938],[-71.12396,42.31932],[-71.12419,42.31923],[-71.12471,42.31901],[-71.12479,42.31898],[-71.12499,42.31891],[-71.12531,42.3188],[-71.12576,42.31871],[-71.12585,42.3187],[-71.12584,42.31861],[-71.12605,42.31861],[-71.12636,42.31865],[-71.12697,42.31863],[-71.127,42.31862],[-71.1271,42.31862],[-71.12718,42.31862],[-71.12735,42.31842],[-71.12819,42.31745],[-71.12833,42.31728],[-71.1286,42.31697],[-71.12896,42.31654],[-71.12942,42.31599],[-71.12964,42.31573],[-71.13026,42.31498],[-71.13054,42.31465],[-71.13064,42.31454],[-71.13096,42.31419],[-71.13133,42.31377],[-71.13175,42.31331],[-71.13186,42.31319],[-71.13283,42.3117],[-71.13316,42.31121],[-71.1341,42.30968],[-71.13436,42.30926],[-71.13446,42.3091],[-71.13489,42.3085],[-71.13501,42.30833],[-71.13533,42.30787],[-71.13539,42.30779],[-71.13611,42.30676],[-71.1365,42.30621],[-71.13824,42.30426],[-71.13861,42.30384],[-71.13931,42.30306],[-71.13966,42.30267],[-71.1401,42.30218],[-71.14014,42.30216],[-71.13983,42.30201],[-71.13956,42.3019],[-71.13912,42.30176],[-71.13902,42.30174],[-71.1378,42.30136],[-71.13744,42.30126],[-71.1371,42.30119],[-71.13692,42.3012],[-71.13659,42.30127],[-71.136,42.30143],[-71.13576,42.30149],[-71.13544,42.30159],[-71.13487,42.30173],[-71.13462,42.30176],[-71.13436,42.30175],[-71.13405,42.30171],[-71.13382,42.30166],[-71.13326,42.30155],[-71.13258,42.30143],[-71.13223,42.30138],[-71.13191,42.30135],[-71.13142,42.30133],[-71.13107,42.30132],[-71.1309,42.30128],[-71.13056,42.30115],[-71.13018,42.30101],[-71.12876,42.3005],[-71.12857,42.30042],[-71.12823,42.30029],[-71.12793,42.30017],[-71.12807,42.30004],[-71.1288,42.2993],[-71.12895,42.29916],[-71.12939,42.29874],[-71.12962,42.29854],[-71.12989,42.29832],[-71.13007,42.29819]]]}},{"type":"Feature","properties":{"id":"1903","ward":19,"precinct":3},"geometry":{"type":"Polygon","coordinates":[[[-71.11851,42.32127],[-71.11919,42.32139],[-71.11962,42.32146],[-71.11955,42.32183],[-71.11952,42.32206],[-71.11953,42.32227],[-71.11958,42.32252],[-71.11961,42.32262],[-71.11954,42.32275],[-71.11986,42.32279],[-71.11992,42.3228],[-71.11996,42.3228],[-71.12004,42.32282],[-71.12011,42.32284],[-71.12014,42.32286],[-71.12039,42.32305],[-71.12153,42.32389],[-71.12337,42.32258],[-71.12371,42.32272],[-71.12397,42.32232],[-71.12427,42.32186],[-71.12446,42.32165],[-71.12457,42.32153],[-71.12461,42.32149],[-71.12501,42.32104],[-71.12543,42.32058],[-71.12579,42.32016],[-71.12689,42.31894],[-71.12707,42.31874],[-71.12718,42.31862],[-71.1271,42.31862],[-71.127,42.31862],[-71.12697,42.31863],[-71.12636,42.31865],[-71.12605,42.31861],[-71.12584,42.31861],[-71.12585,42.3187],[-71.12576,42.31871],[-71.12531,42.3188],[-71.12499,42.31891],[-71.12479,42.31898],[-71.12471,42.31901],[-71.12419,42.31923],[-71.12396,42.31932],[-71.12384,42.31938],[-71.12384,42.31931],[-71.12384,42.31921],[-71.12392,42.31897],[-71.12391,42.31869],[-71.12389,42.31851],[-71.12382,42.31827],[-71.1237,42.31799],[-71.12364,42.31781],[-71.1236,42.31758],[-71.12358,42.31745],[-71.12352,42.3168],[-71.12345,42.31658],[-71.12336,42.31633],[-71.12323,42.31603],[-71.1232,42.31594],[-71.12319,42.31584],[-71.12319,42.31569],[-71.12321,42.3155],[-71.12329,42.31499],[-71.12328,42.3149],[-71.12327,42.3148],[-71.1232,42.31463],[-71.12306,42.31444],[-71.12271,42.31415],[-71.12239,42.31393],[-71.12223,42.3138],[-71.12217,42.31373],[-71.12211,42.31365],[-71.12208,42.31356],[-71.12224,42.31334],[-71.12246,42.31306],[-71.12248,42.31294],[-71.12245,42.31281],[-71.12241,42.31277],[-71.12236,42.31274],[-71.12228,42.31273],[-71.12219,42.31274],[-71.12212,42.31277],[-71.12191,42.31292],[-71.12174,42.31304],[-71.12132,42.3131],[-71.12111,42.31314],[-71.12101,42.31317],[-71.12082,42.31324],[-71.12059,42.31334],[-71.12031,42.31347],[-71.11962,42.31379],[-71.11946,42.31387],[-71.1191,42.3141],[-71.11883,42.3143],[-71.1185,42.31451],[-71.11798,42.31493],[-71.11771,42.3151],[-71.11741,42.31528],[-71.11718,42.31542],[-71.11709,42.31549],[-71.117,42.31559],[-71.1169,42.31576],[-71.11679,42.3161],[-71.11675,42.31639],[-71.11673,42.3167],[-71.11674,42.31708],[-71.11675,42.31749],[-71.11674,42.31764],[-71.11668,42.31784],[-71.11655,42.31811],[-71.11648,42.31831],[-71.11646,42.31844],[-71.11647,42.31859],[-71.11607,42.31848],[-71.11581,42.3184],[-71.11528,42.31821],[-71.11464,42.31801],[-71.11391,42.31777],[-71.11341,42.3176],[-71.11308,42.31749],[-71.11276,42.31793],[-71.11239,42.31847],[-71.11215,42.31881],[-71.11193,42.31911],[-71.11167,42.31955],[-71.11106,42.32033],[-71.11094,42.32048],[-71.11069,42.32076],[-71.11053,42.32101],[-71.11009,42.32153],[-71.10995,42.32171],[-71.1098,42.32186],[-71.10976,42.32191],[-71.10976,42.32195],[-71.10977,42.32199],[-71.10979,42.32201],[-71.10986,42.32203],[-71.10994,42.32203],[-71.11032,42.32192],[-71.11064,42.32184],[-71.11166,42.32169],[-71.11209,42.32161],[-71.11231,42.32158],[-71.11282,42.3215],[-71.11321,42.32143],[-71.11388,42.32133],[-71.11415,42.32129],[-71.1145,42.32124],[-71.11495,42.32118],[-71.11519,42.32114],[-71.11543,42.3211],[-71.1156,42.32107],[-71.11581,42.32106],[-71.11599,42.32104],[-71.11632,42.32102],[-71.11657,42.32103],[-71.11712,42.32106],[-71.11749,42.3211],[-71.11782,42.32114],[-71.11851,42.32127]]]}},{"type":"Feature","properties":{"id":"1904","ward":19,"precinct":4},"geometry":{"type":"Polygon","coordinates":[[[-71.10513,42.31929],[-71.10539,42.31894],[-71.10553,42.31874],[-71.10567,42.31855],[-71.1058,42.31841],[-71.10641,42.31764],[-71.1066,42.31739],[-71.10667,42.31728],[-71.10699,42.31743],[-71.10714,42.3175],[-71.10749,42.31767],[-71.10765,42.31774],[-71.10783,42.31782],[-71.10804,42.31789],[-71.10844,42.31802],[-71.10865,42.31808],[-71.10889,42.31817],[-71.10937,42.31837],[-71.10989,42.31858],[-71.11048,42.31885],[-71.1107,42.31897],[-71.11089,42.31909],[-71.11134,42.31936],[-71.11158,42.31948],[-71.11167,42.31955],[-71.11193,42.31911],[-71.11215,42.31881],[-71.11239,42.31847],[-71.11276,42.31793],[-71.11308,42.31749],[-71.11324,42.31726],[-71.11335,42.3171],[-71.1132,42.31701],[-71.11302,42.31695],[-71.11279,42.31684],[-71.11241,42.31663],[-71.1122,42.31648],[-71.11209,42.31639],[-71.11195,42.31629],[-71.11172,42.31629],[-71.1114,42.31628],[-71.11121,42.31625],[-71.11108,42.31622],[-71.11093,42.31617],[-71.1108,42.31609],[-71.11074,42.31602],[-71.11072,42.31593],[-71.11072,42.3158],[-71.11074,42.31549],[-71.1106,42.31546],[-71.11041,42.31539],[-71.11022,42.31533],[-71.11,42.31525],[-71.10962,42.31514],[-71.10986,42.31467],[-71.11003,42.31427],[-71.11019,42.31392],[-71.11026,42.3138],[-71.11019,42.31377],[-71.10986,42.31359],[-71.10976,42.31374],[-71.10958,42.31364],[-71.10903,42.31333],[-71.10885,42.31344],[-71.10863,42.31331],[-71.10855,42.31326],[-71.10813,42.31305],[-71.10779,42.3129],[-71.10754,42.31319],[-71.10725,42.31352],[-71.10698,42.31381],[-71.10676,42.31406],[-71.10661,42.31422],[-71.10626,42.31461],[-71.10611,42.31477],[-71.10605,42.31484],[-71.10538,42.31465],[-71.1052,42.31512],[-71.10506,42.3155],[-71.10494,42.3158],[-71.10462,42.3167],[-71.10448,42.31703],[-71.10421,42.31746],[-71.10397,42.31787],[-71.10368,42.3183],[-71.10343,42.31867],[-71.10294,42.31931],[-71.10299,42.31933],[-71.10315,42.31945],[-71.10347,42.31965],[-71.1038,42.31985],[-71.10399,42.31999],[-71.10458,42.31967],[-71.10485,42.31952],[-71.10498,42.31944],[-71.10504,42.31939],[-71.10513,42.31929]]]}},{"type":"Feature","properties":{"id":"1905","ward":19,"precinct":5},"geometry":{"type":"Polygon","coordinates":[[[-71.11308,42.31749],[-71.11341,42.3176],[-71.11391,42.31777],[-71.11464,42.31801],[-71.11528,42.31821],[-71.11581,42.3184],[-71.11607,42.31848],[-71.11647,42.31859],[-71.11646,42.31844],[-71.11648,42.31831],[-71.11655,42.31811],[-71.11668,42.31784],[-71.11674,42.31764],[-71.11675,42.31749],[-71.11674,42.31708],[-71.11673,42.3167],[-71.11675,42.31639],[-71.11679,42.3161],[-71.1169,42.31576],[-71.117,42.31559],[-71.11709,42.31549],[-71.11718,42.31542],[-71.11741,42.31528],[-71.11771,42.3151],[-71.11798,42.31493],[-71.1185,42.31451],[-71.11795,42.31413],[-71.11719,42.31357],[-71.11682,42.3133],[-71.11636,42.31298],[-71.1162,42.31287],[-71.11548,42.31234],[-71.11518,42.31214],[-71.11487,42.31191],[-71.11457,42.31171],[-71.1144,42.31163],[-71.11423,42.31217],[-71.11418,42.31232],[-71.11415,42.31253],[-71.1141,42.31304],[-71.1141,42.31324],[-71.11409,42.31345],[-71.1141,42.31368],[-71.11411,42.31414],[-71.11362,42.31413],[-71.11323,42.3141],[-71.11287,42.31409],[-71.11249,42.31406],[-71.11238,42.31405],[-71.11228,42.31402],[-71.11214,42.31395],[-71.11191,42.31381],[-71.11123,42.31344],[-71.11081,42.31321],[-71.11046,42.31354],[-71.1103,42.31372],[-71.11026,42.3138],[-71.11019,42.31392],[-71.11003,42.31427],[-71.10986,42.31467],[-71.10962,42.31514],[-71.11,42.31525],[-71.11022,42.31533],[-71.11041,42.31539],[-71.1106,42.31546],[-71.11074,42.31549],[-71.11072,42.3158],[-71.11072,42.31593],[-71.11074,42.31602],[-71.1108,42.31609],[-71.11093,42.31617],[-71.11108,42.31622],[-71.11121,42.31625],[-71.1114,42.31628],[-71.11172,42.31629],[-71.11195,42.31629],[-71.11209,42.31639],[-71.1122,42.31648],[-71.11241,42.31663],[-71.11279,42.31684],[-71.11302,42.31695],[-71.1132,42.31701],[-71.11335,42.3171],[-71.11324,42.31726],[-71.11308,42.31749]]]}},{"type":"Feature","properties":{"id":"1906","ward":19,"precinct":6},"geometry":{"type":"Polygon","coordinates":[[[-71.11026,42.3138],[-71.1103,42.31372],[-71.11046,42.31354],[-71.11081,42.31321],[-71.11123,42.31344],[-71.11191,42.31381],[-71.11214,42.31395],[-71.11228,42.31402],[-71.11238,42.31405],[-71.11249,42.31406],[-71.11287,42.31409],[-71.11323,42.3141],[-71.11362,42.31413],[-71.11411,42.31414],[-71.1141,42.31368],[-71.11409,42.31345],[-71.1141,42.31324],[-71.1141,42.31304],[-71.11415,42.31253],[-71.11418,42.31232],[-71.11423,42.31217],[-71.1144,42.31163],[-71.1145,42.31124],[-71.11457,42.31099],[-71.11465,42.31076],[-71.11476,42.31056],[-71.11485,42.3104],[-71.11513,42.31012],[-71.11491,42.31007],[-71.11467,42.31005],[-71.11394,42.31003],[-71.11379,42.31001],[-71.1137,42.30997],[-71.11348,42.30986],[-71.1133,42.30975],[-71.11304,42.30961],[-71.11292,42.30957],[-71.11267,42.30948],[-71.11157,42.30909],[-71.1114,42.30904],[-71.11176,42.30851],[-71.11185,42.3084],[-71.112,42.30841],[-71.11212,42.30843],[-71.11281,42.30863],[-71.11295,42.30865],[-71.11308,42.30866],[-71.11342,42.30864],[-71.1142,42.30857],[-71.11503,42.30851],[-71.11556,42.30848],[-71.11553,42.30807],[-71.11551,42.30766],[-71.11503,42.30771],[-71.11479,42.30773],[-71.11336,42.30784],[-71.11274,42.30789],[-71.11186,42.30797],[-71.11144,42.30799],[-71.11119,42.30799],[-71.1109,42.30796],[-71.11038,42.30791],[-71.1102,42.30788],[-71.11005,42.30783],[-71.10987,42.30775],[-71.10949,42.3076],[-71.10934,42.30753],[-71.10933,42.30753],[-71.10881,42.30828],[-71.10766,42.31011],[-71.10735,42.31063],[-71.10699,42.31116],[-71.10661,42.31175],[-71.10629,42.31234],[-71.10609,42.3128],[-71.10579,42.31345],[-71.10538,42.31465],[-71.10605,42.31484],[-71.10611,42.31477],[-71.10626,42.31461],[-71.10661,42.31422],[-71.10676,42.31406],[-71.10698,42.31381],[-71.10725,42.31352],[-71.10754,42.31319],[-71.10779,42.3129],[-71.10813,42.31305],[-71.10855,42.31326],[-71.10863,42.31331],[-71.10885,42.31344],[-71.10903,42.31333],[-71.10958,42.31364],[-71.10976,42.31374],[-71.10986,42.31359],[-71.11019,42.31377],[-71.11026,42.3138]]]}},{"type":"Feature","properties":{"id":"1907","ward":19,"precinct":7},"geometry":{"type":"Polygon","coordinates":[[[-71.11917,42.29121],[-71.11891,42.29121],[-71.11808,42.29117],[-71.11803,42.29117],[-71.11797,42.2912],[-71.11721,42.29118],[-71.11704,42.29116],[-71.1169,42.29177],[-71.1168,42.29235],[-71.11626,42.29229],[-71.11603,42.29228],[-71.11577,42.2923],[-71.11547,42.29236],[-71.11518,42.29248],[-71.1149,42.29266],[-71.11444,42.29305],[-71.11398,42.29257],[-71.1139,42.29249],[-71.11422,42.29203],[-71.11433,42.29184],[-71.11443,42.29158],[-71.11448,42.29135],[-71.11448,42.2912],[-71.11444,42.29083],[-71.1144,42.29066],[-71.1142,42.29005],[-71.11414,42.28981],[-71.11398,42.28949],[-71.11384,42.28932],[-71.11377,42.28925],[-71.11374,42.28923],[-71.11351,42.28907],[-71.11311,42.28886],[-71.11244,42.28856],[-71.11232,42.28851],[-71.11191,42.28832],[-71.11175,42.28823],[-71.11147,42.288],[-71.11075,42.28738],[-71.11068,42.28732],[-71.11059,42.2872],[-71.11057,42.2871],[-71.11056,42.28702],[-71.11056,42.28696],[-71.11032,42.28716],[-71.11012,42.28737],[-71.10992,42.28754],[-71.10976,42.28765],[-71.10922,42.28794],[-71.10852,42.2883],[-71.10795,42.28862],[-71.10776,42.28879],[-71.10764,42.28888],[-71.10742,42.28903],[-71.10709,42.28924],[-71.10687,42.28934],[-71.10611,42.28954],[-71.10588,42.28962],[-71.10567,42.28975],[-71.10548,42.28991],[-71.10535,42.29001],[-71.10471,42.29055],[-71.10427,42.29092],[-71.10403,42.29111],[-71.10393,42.2912],[-71.10375,42.29136],[-71.10369,42.29142],[-71.10291,42.29207],[-71.10269,42.29228],[-71.10195,42.29299],[-71.10168,42.29317],[-71.10139,42.29318],[-71.10101,42.29311],[-71.10052,42.29301],[-71.09982,42.29295],[-71.09895,42.29298],[-71.09655,42.29323],[-71.09641,42.29304],[-71.09636,42.29293],[-71.09633,42.29287],[-71.09618,42.29289],[-71.0962,42.29294],[-71.09633,42.29316],[-71.0964,42.29324],[-71.09662,42.29347],[-71.0969,42.29374],[-71.0974,42.29423],[-71.09885,42.29565],[-71.099,42.29579],[-71.09916,42.29595],[-71.09947,42.29625],[-71.09982,42.29658],[-71.10022,42.29697],[-71.10097,42.29768],[-71.10186,42.29852],[-71.10259,42.29918],[-71.10295,42.2995],[-71.10329,42.29981],[-71.10349,42.29994],[-71.10362,42.30002],[-71.10376,42.30009],[-71.10383,42.30011],[-71.10393,42.30014],[-71.10405,42.30018],[-71.10409,42.30019],[-71.10427,42.30024],[-71.10466,42.30028],[-71.10469,42.30018],[-71.10479,42.30004],[-71.10498,42.29984],[-71.10512,42.29968],[-71.10525,42.29947],[-71.10536,42.2993],[-71.10541,42.29916],[-71.10546,42.29899],[-71.10552,42.29884],[-71.1056,42.29875],[-71.1057,42.29865],[-71.10586,42.29856],[-71.10605,42.2985],[-71.10618,42.29848],[-71.10645,42.29844],[-71.10686,42.29842],[-71.10727,42.29839],[-71.10736,42.29838],[-71.10753,42.29862],[-71.10761,42.29865],[-71.10825,42.29891],[-71.1085,42.29901],[-71.1096,42.29911],[-71.11008,42.29852],[-71.10982,42.29817],[-71.11006,42.29794],[-71.11027,42.29778],[-71.11067,42.29748],[-71.11104,42.29703],[-71.11118,42.2969],[-71.11126,42.2971],[-71.11184,42.29752],[-71.11272,42.29814],[-71.11314,42.29844],[-71.11409,42.29912],[-71.11387,42.29948],[-71.1136,42.29988],[-71.11355,42.29995],[-71.11408,42.30006],[-71.11416,42.30019],[-71.1142,42.30013],[-71.11469,42.29935],[-71.11544,42.29821],[-71.1155,42.29811],[-71.11554,42.29806],[-71.11583,42.29756],[-71.11632,42.29686],[-71.11674,42.29624],[-71.11701,42.29584],[-71.11786,42.29448],[-71.11796,42.29431],[-71.11833,42.2936],[-71.11842,42.29342],[-71.11854,42.29316],[-71.11882,42.29254],[-71.11894,42.29222],[-71.11908,42.29172],[-71.11917,42.29121]]]}},{"type":"Feature","properties":{"id":"1908","ward":19,"precinct":8},"geometry":{"type":"Polygon","coordinates":[[[-71.12073,42.30902],[-71.1205,42.30902],[-71.12013,42.30896],[-71.11954,42.30888],[-71.11913,42.30882],[-71.11887,42.30879],[-71.11865,42.30877],[-71.11847,42.30876],[-71.11839,42.30876],[-71.11825,42.30878],[-71.118,42.30881],[-71.11731,42.30896],[-71.11716,42.30899],[-71.11672,42.30911],[-71.11653,42.30917],[-71.11642,42.30922],[-71.11621,42.30932],[-71.11606,42.30944],[-71.11583,42.30961],[-71.11566,42.30968],[-71.11547,42.30968],[-71.11536,42.30987],[-71.11513,42.31012],[-71.11485,42.3104],[-71.11476,42.31056],[-71.11465,42.31076],[-71.11457,42.31099],[-71.1145,42.31124],[-71.1144,42.31163],[-71.11457,42.31171],[-71.11487,42.31191],[-71.11518,42.31214],[-71.11548,42.31234],[-71.1162,42.31287],[-71.11636,42.31298],[-71.11682,42.3133],[-71.11719,42.31357],[-71.11795,42.31413],[-71.1185,42.31451],[-71.11883,42.3143],[-71.1191,42.3141],[-71.11946,42.31387],[-71.11962,42.31379],[-71.12031,42.31347],[-71.12059,42.31334],[-71.12082,42.31324],[-71.12101,42.31317],[-71.12111,42.31314],[-71.12132,42.3131],[-71.12174,42.31304],[-71.12191,42.31292],[-71.1221,42.31273],[-71.12223,42.31245],[-71.12225,42.31222],[-71.12226,42.31189],[-71.12221,42.31153],[-71.12216,42.3112],[-71.12202,42.31072],[-71.12187,42.3103],[-71.12175,42.31005],[-71.12161,42.30981],[-71.12149,42.30967],[-71.12124,42.30942],[-71.12093,42.30917],[-71.12086,42.30911],[-71.12073,42.30902]]]}},{"type":"Feature","properties":{"id":"1909","ward":19,"precinct":9},"geometry":{"type":"Polygon","coordinates":[[[-71.11416,42.30019],[-71.11467,42.30057],[-71.11462,42.30085],[-71.11459,42.30101],[-71.11455,42.30132],[-71.11454,42.30135],[-71.11451,42.3016],[-71.11451,42.30165],[-71.11448,42.30177],[-71.11446,42.30191],[-71.11472,42.30198],[-71.11502,42.30214],[-71.11555,42.30247],[-71.1163,42.30267],[-71.11669,42.30276],[-71.1169,42.30282],[-71.11704,42.30289],[-71.11773,42.30333],[-71.11812,42.30359],[-71.11843,42.30379],[-71.11893,42.30411],[-71.1194,42.30444],[-71.1196,42.30467],[-71.11966,42.3048],[-71.1197,42.30496],[-71.11971,42.30507],[-71.11971,42.30516],[-71.1197,42.30523],[-71.11967,42.30538],[-71.11958,42.30559],[-71.11949,42.30578],[-71.11932,42.30609],[-71.11928,42.30619],[-71.1192,42.30642],[-71.11919,42.30679],[-71.1192,42.30698],[-71.11901,42.30699],[-71.11849,42.30702],[-71.11828,42.30706],[-71.11799,42.3071],[-71.11755,42.30719],[-71.11724,42.30726],[-71.11679,42.30736],[-71.11656,42.30741],[-71.11621,42.30749],[-71.11578,42.30759],[-71.11551,42.30766],[-71.11553,42.30807],[-71.11556,42.30848],[-71.11503,42.30851],[-71.1142,42.30857],[-71.11342,42.30864],[-71.11308,42.30866],[-71.11295,42.30865],[-71.11281,42.30863],[-71.11212,42.30843],[-71.112,42.30841],[-71.11185,42.3084],[-71.11176,42.30851],[-71.1114,42.30904],[-71.11157,42.30909],[-71.11267,42.30948],[-71.11292,42.30957],[-71.11304,42.30961],[-71.1133,42.30975],[-71.11348,42.30986],[-71.1137,42.30997],[-71.11379,42.31001],[-71.11394,42.31003],[-71.11467,42.31005],[-71.11491,42.31007],[-71.11513,42.31012],[-71.11536,42.30987],[-71.11547,42.30968],[-71.11566,42.30968],[-71.11583,42.30961],[-71.11606,42.30944],[-71.11621,42.30932],[-71.11642,42.30922],[-71.11653,42.30917],[-71.11672,42.30911],[-71.11716,42.30899],[-71.11731,42.30896],[-71.118,42.30881],[-71.11825,42.30878],[-71.11839,42.30876],[-71.11847,42.30876],[-71.11865,42.30877],[-71.11887,42.30879],[-71.11913,42.30882],[-71.11954,42.30888],[-71.12013,42.30896],[-71.1205,42.30902],[-71.12073,42.30902],[-71.12089,42.30899],[-71.12104,42.30896],[-71.12113,42.30893],[-71.12119,42.3089],[-71.1213,42.30879],[-71.12136,42.30874],[-71.12146,42.30869],[-71.12156,42.30868],[-71.12167,42.30866],[-71.12078,42.30837],[-71.1222,42.30691],[-71.12242,42.30669],[-71.12208,42.30654],[-71.12202,42.30652],[-71.12321,42.30456],[-71.12358,42.30415],[-71.12365,42.30338],[-71.12356,42.30293],[-71.12361,42.30291],[-71.12371,42.30282],[-71.12429,42.30274],[-71.12489,42.30257],[-71.12526,42.30276],[-71.1253,42.30284],[-71.1254,42.30289],[-71.12566,42.30256],[-71.12582,42.30233],[-71.1257,42.30229],[-71.1256,42.30221],[-71.12555,42.30214],[-71.1255,42.30201],[-71.12548,42.3018],[-71.12549,42.30164],[-71.12553,42.30144],[-71.1256,42.30118],[-71.12564,42.30098],[-71.12564,42.30081],[-71.12563,42.30062],[-71.12559,42.3004],[-71.12549,42.30014],[-71.12537,42.29991],[-71.12518,42.29968],[-71.12495,42.29948],[-71.12471,42.29933],[-71.12453,42.29923],[-71.12421,42.29912],[-71.12396,42.29905],[-71.12377,42.29899],[-71.12364,42.29892],[-71.12354,42.29885],[-71.12344,42.29871],[-71.12332,42.2985],[-71.12323,42.29836],[-71.12301,42.2982],[-71.1228,42.29797],[-71.12275,42.29791],[-71.12258,42.29783],[-71.12228,42.29774],[-71.12197,42.29766],[-71.12163,42.29763],[-71.12136,42.29764],[-71.12114,42.29766],[-71.12085,42.29773],[-71.12059,42.29782],[-71.12051,42.29785],[-71.12049,42.29765],[-71.12047,42.29758],[-71.12046,42.29749],[-71.12039,42.29723],[-71.12032,42.29703],[-71.1203,42.29685],[-71.1203,42.2967],[-71.12033,42.29652],[-71.12036,42.29641],[-71.12042,42.29633],[-71.1205,42.29625],[-71.12066,42.29614],[-71.12016,42.29596],[-71.12071,42.2956],[-71.12129,42.29521],[-71.12081,42.29489],[-71.12049,42.29472],[-71.11979,42.2943],[-71.11992,42.29418],[-71.11932,42.29382],[-71.11913,42.29372],[-71.11907,42.2937],[-71.11842,42.29342],[-71.11833,42.2936],[-71.11796,42.29431],[-71.11786,42.29448],[-71.11701,42.29584],[-71.11674,42.29624],[-71.11632,42.29686],[-71.11583,42.29756],[-71.11554,42.29806],[-71.1155,42.29811],[-71.11544,42.29821],[-71.11469,42.29935],[-71.1142,42.30013],[-71.11416,42.30019]]]}},{"type":"Feature","properties":{"id":"1910","ward":19,"precinct":10},"geometry":{"type":"Polygon","coordinates":[[[-71.11971,42.2803],[-71.11967,42.28086],[-71.11963,42.28149],[-71.11962,42.28269],[-71.11959,42.28392],[-71.11957,42.28503],[-71.11955,42.28552],[-71.12017,42.28553],[-71.12012,42.28567],[-71.12012,42.2858],[-71.12013,42.28591],[-71.12017,42.28606],[-71.12028,42.28624],[-71.12043,42.28646],[-71.1205,42.28654],[-71.12067,42.28671],[-71.12076,42.28677],[-71.12108,42.28699],[-71.12158,42.28661],[-71.12211,42.28617],[-71.12281,42.28648],[-71.12332,42.28605],[-71.12392,42.28552],[-71.12407,42.28539],[-71.12452,42.285],[-71.12513,42.2845],[-71.12569,42.28492],[-71.1261,42.28518],[-71.12666,42.28552],[-71.12727,42.2859],[-71.12744,42.28601],[-71.12813,42.28646],[-71.12837,42.28624],[-71.12897,42.28568],[-71.12892,42.2856],[-71.12882,42.28534],[-71.12871,42.28497],[-71.1285,42.28421],[-71.12828,42.28356],[-71.12812,42.28307],[-71.12794,42.28267],[-71.12781,42.28252],[-71.12758,42.28222],[-71.12671,42.28135],[-71.12662,42.28127],[-71.12639,42.28117],[-71.12581,42.28094],[-71.12526,42.28072],[-71.125,42.28058],[-71.12483,42.28039],[-71.12463,42.28012],[-71.12446,42.27994],[-71.12423,42.2797],[-71.12409,42.27959],[-71.124,42.27948],[-71.12387,42.27926],[-71.12376,42.27904],[-71.12371,42.27891],[-71.12367,42.27862],[-71.12366,42.27823],[-71.12364,42.27815],[-71.12359,42.27807],[-71.12314,42.27808],[-71.12234,42.27807],[-71.12193,42.27807],[-71.12169,42.27811],[-71.12153,42.27816],[-71.1211,42.27853],[-71.12087,42.27863],[-71.12055,42.27873],[-71.12038,42.27878],[-71.12002,42.27883],[-71.11999,42.27883],[-71.11984,42.27955],[-71.11971,42.2803]]]}},{"type":"Feature","properties":{"id":"1911","ward":19,"precinct":11},"geometry":{"type":"Polygon","coordinates":[[[-71.11842,42.29342],[-71.11907,42.2937],[-71.11913,42.29372],[-71.11932,42.29382],[-71.11992,42.29418],[-71.11979,42.2943],[-71.12049,42.29472],[-71.12081,42.29489],[-71.12129,42.29521],[-71.12186,42.2948],[-71.12217,42.29456],[-71.1225,42.2943],[-71.1228,42.29401],[-71.12308,42.29374],[-71.12352,42.29331],[-71.12422,42.29259],[-71.1252,42.29138],[-71.1257,42.2907],[-71.12618,42.2901],[-71.12623,42.29004],[-71.12671,42.28956],[-71.12714,42.28917],[-71.12686,42.28901],[-71.12597,42.28849],[-71.12581,42.28862],[-71.1256,42.28882],[-71.12465,42.28972],[-71.12414,42.29021],[-71.1236,42.29072],[-71.12329,42.29052],[-71.12318,42.29048],[-71.12176,42.2901],[-71.12103,42.28992],[-71.12095,42.2899],[-71.12083,42.28986],[-71.12078,42.2898],[-71.12078,42.28973],[-71.12088,42.28935],[-71.12092,42.28929],[-71.12098,42.28922],[-71.12144,42.28885],[-71.12176,42.28865],[-71.12165,42.28863],[-71.12176,42.28832],[-71.12214,42.28801],[-71.12187,42.28783],[-71.12181,42.28778],[-71.12171,42.28787],[-71.12109,42.28747],[-71.12094,42.28758],[-71.12056,42.28789],[-71.12049,42.28795],[-71.12041,42.28801],[-71.1203,42.28812],[-71.12014,42.28825],[-71.12008,42.28832],[-71.12005,42.28843],[-71.12002,42.28865],[-71.12,42.28896],[-71.11972,42.29015],[-71.11971,42.29018],[-71.11957,42.29053],[-71.11926,42.29049],[-71.11924,42.29076],[-71.11917,42.29121],[-71.11908,42.29172],[-71.11894,42.29222],[-71.11882,42.29254],[-71.11854,42.29316],[-71.11842,42.29342]]]}},{"type":"Feature","properties":{"id":"1912","ward":19,"precinct":12},"geometry":{"type":"Polygon","coordinates":[[[-71.11917,42.29121],[-71.11924,42.29076],[-71.11926,42.29049],[-71.11928,42.29024],[-71.1193,42.29011],[-71.11939,42.28944],[-71.11949,42.28792],[-71.11949,42.28781],[-71.11952,42.28649],[-71.11955,42.28552],[-71.11882,42.28551],[-71.11873,42.28619],[-71.11869,42.28642],[-71.1179,42.28642],[-71.11718,42.28644],[-71.1164,42.28645],[-71.11622,42.28645],[-71.11547,42.28647],[-71.11513,42.28647],[-71.11487,42.28648],[-71.11462,42.28648],[-71.11404,42.28649],[-71.11358,42.28651],[-71.11328,42.2865],[-71.11258,42.28651],[-71.11218,42.28653],[-71.11196,42.28657],[-71.11161,42.28666],[-71.11111,42.28679],[-71.11078,42.28686],[-71.11064,42.28691],[-71.11056,42.28696],[-71.11056,42.28702],[-71.11057,42.2871],[-71.11059,42.2872],[-71.11068,42.28732],[-71.11075,42.28738],[-71.11147,42.288],[-71.11175,42.28823],[-71.11191,42.28832],[-71.11232,42.28851],[-71.11244,42.28856],[-71.11311,42.28886],[-71.11351,42.28907],[-71.11374,42.28923],[-71.11377,42.28925],[-71.11384,42.28932],[-71.11398,42.28949],[-71.11414,42.28981],[-71.1142,42.29005],[-71.1144,42.29066],[-71.11444,42.29083],[-71.11448,42.2912],[-71.11448,42.29135],[-71.11443,42.29158],[-71.11433,42.29184],[-71.11422,42.29203],[-71.1139,42.29249],[-71.11398,42.29257],[-71.11444,42.29305],[-71.1149,42.29266],[-71.11518,42.29248],[-71.11547,42.29236],[-71.11577,42.2923],[-71.11603,42.29228],[-71.11626,42.29229],[-71.1168,42.29235],[-71.1169,42.29177],[-71.11704,42.29116],[-71.11721,42.29118],[-71.11797,42.2912],[-71.11803,42.29117],[-71.11808,42.29117],[-71.11891,42.29121],[-71.11917,42.29121]]]}},{"type":"Feature","properties":{"id":"1913","ward":19,"precinct":13},"geometry":{"type":"Polygon","coordinates":[[[-71.12813,42.28646],[-71.12744,42.28601],[-71.12727,42.2859],[-71.12666,42.28552],[-71.1261,42.28518],[-71.12569,42.28492],[-71.12513,42.2845],[-71.12452,42.285],[-71.12407,42.28539],[-71.12392,42.28552],[-71.12332,42.28605],[-71.12281,42.28648],[-71.12211,42.28617],[-71.12158,42.28661],[-71.12108,42.28699],[-71.12076,42.28677],[-71.12067,42.28671],[-71.1205,42.28654],[-71.12043,42.28646],[-71.12028,42.28624],[-71.12017,42.28606],[-71.12013,42.28591],[-71.12012,42.2858],[-71.12012,42.28567],[-71.12017,42.28553],[-71.11955,42.28552],[-71.11952,42.28649],[-71.11949,42.28781],[-71.11949,42.28792],[-71.11939,42.28944],[-71.1193,42.29011],[-71.11928,42.29024],[-71.11926,42.29049],[-71.11957,42.29053],[-71.11971,42.29018],[-71.11972,42.29015],[-71.12,42.28896],[-71.12002,42.28865],[-71.12005,42.28843],[-71.12008,42.28832],[-71.12014,42.28825],[-71.1203,42.28812],[-71.12041,42.28801],[-71.12049,42.28795],[-71.12056,42.28789],[-71.12094,42.28758],[-71.12109,42.28747],[-71.12171,42.28787],[-71.12181,42.28778],[-71.12187,42.28783],[-71.12214,42.28801],[-71.12176,42.28832],[-71.12165,42.28863],[-71.12176,42.28865],[-71.12144,42.28885],[-71.12098,42.28922],[-71.12092,42.28929],[-71.12088,42.28935],[-71.12078,42.28973],[-71.12078,42.2898],[-71.12083,42.28986],[-71.12095,42.2899],[-71.12103,42.28992],[-71.12176,42.2901],[-71.12318,42.29048],[-71.12329,42.29052],[-71.1236,42.29072],[-71.12414,42.29021],[-71.12465,42.28972],[-71.1256,42.28882],[-71.12581,42.28862],[-71.12597,42.28849],[-71.12631,42.28816],[-71.12655,42.28793],[-71.12684,42.28765],[-71.12705,42.28747],[-71.12737,42.28711],[-71.12813,42.28646]]]}},{"type":"Feature","properties":{"id":"2001","ward":20,"precinct":1},"geometry":{"type":"Polygon","coordinates":[[[-71.14038,42.29077],[-71.14023,42.29065],[-71.13934,42.29008],[-71.13849,42.28951],[-71.1376,42.28894],[-71.13724,42.28869],[-71.13685,42.28834],[-71.13644,42.28801],[-71.13611,42.28819],[-71.13567,42.28833],[-71.13542,42.28839],[-71.1348,42.28862],[-71.1346,42.28869],[-71.13431,42.28883],[-71.13416,42.28892],[-71.13399,42.28908],[-71.13364,42.28946],[-71.13347,42.28967],[-71.13312,42.29005],[-71.13296,42.29025],[-71.1326,42.29064],[-71.13249,42.29078],[-71.13294,42.29111],[-71.13362,42.29166],[-71.13396,42.29192],[-71.13406,42.29199],[-71.13413,42.29206],[-71.13417,42.29214],[-71.1337,42.29251],[-71.13336,42.29283],[-71.13329,42.29289],[-71.13163,42.29431],[-71.13169,42.2948],[-71.13157,42.29481],[-71.13112,42.29484],[-71.13044,42.29488],[-71.13021,42.29518],[-71.12953,42.29589],[-71.12943,42.29604],[-71.12936,42.29622],[-71.12933,42.29637],[-71.12933,42.29651],[-71.12935,42.29665],[-71.12939,42.29673],[-71.12945,42.29684],[-71.12956,42.29707],[-71.12973,42.29738],[-71.12982,42.29757],[-71.12985,42.29775],[-71.12986,42.29787],[-71.12987,42.29803],[-71.12989,42.29812],[-71.13007,42.29819],[-71.13009,42.29818],[-71.13037,42.29801],[-71.1304,42.298],[-71.13061,42.29788],[-71.13087,42.29774],[-71.1313,42.29754],[-71.13191,42.2973],[-71.13204,42.29725],[-71.1325,42.29705],[-71.13298,42.29684],[-71.13327,42.29664],[-71.1333,42.29662],[-71.13363,42.2964],[-71.13366,42.29637],[-71.13429,42.29591],[-71.13483,42.29544],[-71.13523,42.29512],[-71.13601,42.29444],[-71.13634,42.29413],[-71.1367,42.29384],[-71.13731,42.29336],[-71.1379,42.29285],[-71.13855,42.29331],[-71.13867,42.29341],[-71.13906,42.2931],[-71.13992,42.29239],[-71.14057,42.29184],[-71.14023,42.2916],[-71.13975,42.29131],[-71.14038,42.29077]]]}},{"type":"Feature","properties":{"id":"2002","ward":20,"precinct":2},"geometry":{"type":"Polygon","coordinates":[[[-71.13966,42.28669],[-71.13963,42.28617],[-71.14055,42.28614],[-71.1406,42.28597],[-71.14128,42.2854],[-71.14185,42.2849],[-71.14189,42.28487],[-71.14214,42.28465],[-71.14244,42.28442],[-71.14264,42.28423],[-71.14196,42.28382],[-71.14181,42.28394],[-71.1411,42.28456],[-71.14044,42.28511],[-71.14032,42.28506],[-71.13983,42.28476],[-71.1395,42.28456],[-71.13947,42.28451],[-71.13944,42.28424],[-71.13939,42.28361],[-71.13842,42.28365],[-71.13777,42.28367],[-71.13748,42.28367],[-71.13732,42.2836],[-71.13712,42.28349],[-71.13639,42.28297],[-71.13604,42.28274],[-71.13589,42.28285],[-71.13541,42.28326],[-71.13533,42.28336],[-71.1347,42.28288],[-71.13444,42.28272],[-71.13412,42.28257],[-71.13372,42.28242],[-71.1327,42.28221],[-71.13209,42.28277],[-71.13139,42.28343],[-71.13035,42.2844],[-71.12965,42.28506],[-71.12897,42.28568],[-71.12837,42.28624],[-71.12813,42.28646],[-71.12737,42.28711],[-71.12705,42.28747],[-71.12684,42.28765],[-71.12655,42.28793],[-71.12631,42.28816],[-71.12597,42.28849],[-71.12686,42.28901],[-71.12714,42.28917],[-71.12723,42.28909],[-71.12768,42.28875],[-71.12821,42.28839],[-71.1288,42.28807],[-71.12889,42.28802],[-71.12908,42.28792],[-71.12931,42.28781],[-71.12964,42.28766],[-71.13012,42.28748],[-71.13068,42.2873],[-71.13116,42.28718],[-71.13166,42.28706],[-71.1322,42.28697],[-71.13264,42.2869],[-71.13312,42.28686],[-71.13375,42.28682],[-71.13443,42.28681],[-71.13706,42.28671],[-71.13703,42.28675],[-71.13692,42.28694],[-71.13687,42.28704],[-71.13682,42.2872],[-71.13876,42.28717],[-71.13914,42.28714],[-71.13967,42.28707],[-71.13966,42.28669]]]}},{"type":"Feature","properties":{"id":"2003","ward":20,"precinct":3},"geometry":{"type":"Polygon","coordinates":[[[-71.16042,42.26683],[-71.16035,42.26678],[-71.16022,42.26667],[-71.15948,42.26611],[-71.15871,42.26562],[-71.15857,42.26547],[-71.15846,42.26532],[-71.15832,42.26504],[-71.15822,42.26479],[-71.15816,42.26462],[-71.15793,42.26409],[-71.15776,42.26375],[-71.15761,42.26344],[-71.15753,42.26319],[-71.15749,42.26307],[-71.15728,42.26217],[-71.1572,42.26182],[-71.15707,42.26134],[-71.15705,42.26121],[-71.15694,42.26083],[-71.1567,42.2608],[-71.15652,42.2608],[-71.15627,42.26079],[-71.15603,42.26081],[-71.15595,42.26086],[-71.15581,42.26098],[-71.15575,42.261],[-71.15568,42.26102],[-71.15568,42.26109],[-71.15563,42.26118],[-71.15504,42.26186],[-71.15445,42.26133],[-71.15372,42.26072],[-71.15303,42.26015],[-71.1529,42.26005],[-71.15276,42.25995],[-71.15204,42.25938],[-71.15162,42.25907],[-71.15108,42.25934],[-71.1514,42.2596],[-71.15204,42.26008],[-71.15251,42.26048],[-71.15196,42.26082],[-71.15156,42.26052],[-71.15081,42.25995],[-71.15047,42.25966],[-71.15028,42.25974],[-71.15002,42.25946],[-71.14987,42.25953],[-71.14901,42.25994],[-71.14859,42.26016],[-71.14699,42.261],[-71.14151,42.26384],[-71.14153,42.26393],[-71.1416,42.26407],[-71.14169,42.26417],[-71.14183,42.26429],[-71.14205,42.26443],[-71.1423,42.26456],[-71.1425,42.26467],[-71.14259,42.26476],[-71.14283,42.26499],[-71.14314,42.26522],[-71.14398,42.26573],[-71.14427,42.26596],[-71.14464,42.26626],[-71.14494,42.26655],[-71.14509,42.26678],[-71.14513,42.26698],[-71.14514,42.26717],[-71.14508,42.26766],[-71.14506,42.26799],[-71.14507,42.26815],[-71.14511,42.26835],[-71.14518,42.26858],[-71.14541,42.2692],[-71.14546,42.26944],[-71.14547,42.26973],[-71.1454,42.27002],[-71.1453,42.27024],[-71.14509,42.27056],[-71.14496,42.2708],[-71.14478,42.27125],[-71.14466,42.27147],[-71.14451,42.27168],[-71.14439,42.2718],[-71.14423,42.27192],[-71.14404,42.27199],[-71.1439,42.27203],[-71.14355,42.27209],[-71.14319,42.27213],[-71.1428,42.27219],[-71.14275,42.2722],[-71.14269,42.27222],[-71.14249,42.27228],[-71.14224,42.27241],[-71.14234,42.27239],[-71.1424,42.27238],[-71.14252,42.27239],[-71.14274,42.27241],[-71.14295,42.27247],[-71.14318,42.27252],[-71.14332,42.27257],[-71.14345,42.27264],[-71.14366,42.27286],[-71.14387,42.27272],[-71.14443,42.27227],[-71.145,42.27181],[-71.14569,42.27127],[-71.14681,42.2704],[-71.14729,42.27],[-71.14809,42.26933],[-71.14848,42.26903],[-71.14853,42.26898],[-71.14881,42.26872],[-71.14885,42.26869],[-71.14923,42.26837],[-71.14937,42.26823],[-71.14964,42.26798],[-71.15009,42.26759],[-71.15047,42.26725],[-71.15067,42.26707],[-71.15081,42.26695],[-71.15112,42.26667],[-71.15124,42.26674],[-71.15157,42.26693],[-71.15201,42.26729],[-71.15238,42.26763],[-71.15272,42.26792],[-71.15406,42.26902],[-71.15468,42.26931],[-71.1576,42.26951],[-71.15789,42.26953],[-71.15864,42.26957],[-71.16001,42.26703],[-71.16015,42.26696],[-71.16042,42.26683]]]}},{"type":"Feature","properties":{"id":"2004","ward":20,"precinct":4},"geometry":{"type":"Polygon","coordinates":[[[-71.13044,42.29488],[-71.13112,42.29484],[-71.13157,42.29481],[-71.13169,42.2948],[-71.13163,42.29431],[-71.13329,42.29289],[-71.13336,42.29283],[-71.1337,42.29251],[-71.13417,42.29214],[-71.13413,42.29206],[-71.13406,42.29199],[-71.13396,42.29192],[-71.13362,42.29166],[-71.13294,42.29111],[-71.13249,42.29078],[-71.1326,42.29064],[-71.13296,42.29025],[-71.13312,42.29005],[-71.13347,42.28967],[-71.13364,42.28946],[-71.13399,42.28908],[-71.13416,42.28892],[-71.13431,42.28883],[-71.1346,42.28869],[-71.1348,42.28862],[-71.13542,42.28839],[-71.13567,42.28833],[-71.13611,42.28819],[-71.13644,42.28801],[-71.13663,42.28793],[-71.1368,42.28788],[-71.13708,42.28784],[-71.1376,42.28782],[-71.13831,42.28779],[-71.13897,42.28776],[-71.13974,42.28769],[-71.13972,42.28746],[-71.13967,42.28707],[-71.13914,42.28714],[-71.13876,42.28717],[-71.13682,42.2872],[-71.13687,42.28704],[-71.13692,42.28694],[-71.13703,42.28675],[-71.13706,42.28671],[-71.13443,42.28681],[-71.13375,42.28682],[-71.13312,42.28686],[-71.13264,42.2869],[-71.1322,42.28697],[-71.13166,42.28706],[-71.13116,42.28718],[-71.13068,42.2873],[-71.13012,42.28748],[-71.12964,42.28766],[-71.12931,42.28781],[-71.12908,42.28792],[-71.12889,42.28802],[-71.1288,42.28807],[-71.12821,42.28839],[-71.12768,42.28875],[-71.12723,42.28909],[-71.12714,42.28917],[-71.12671,42.28956],[-71.12623,42.29004],[-71.12618,42.2901],[-71.1263,42.29019],[-71.12703,42.29076],[-71.12734,42.29101],[-71.12785,42.29101],[-71.12801,42.2911],[-71.12774,42.29131],[-71.1296,42.29282],[-71.12967,42.29274],[-71.13046,42.29316],[-71.13046,42.29322],[-71.13048,42.29344],[-71.13054,42.29362],[-71.13055,42.29371],[-71.1306,42.29411],[-71.13061,42.29439],[-71.13058,42.29457],[-71.13044,42.29488]]]}},{"type":"Feature","properties":{"id":"2005","ward":20,"precinct":5},"geometry":{"type":"Polygon","coordinates":[[[-71.16185,42.26889],[-71.16174,42.26873],[-71.16154,42.26852],[-71.16136,42.26828],[-71.16123,42.26805],[-71.16105,42.26763],[-71.16091,42.26736],[-71.1608,42.26715],[-71.16042,42.26683],[-71.16015,42.26696],[-71.16001,42.26703],[-71.15864,42.26957],[-71.15822,42.26985],[-71.15661,42.27092],[-71.15475,42.27214],[-71.15442,42.27236],[-71.15399,42.27265],[-71.15357,42.27292],[-71.15338,42.27305],[-71.15248,42.27364],[-71.1522,42.27383],[-71.15171,42.27413],[-71.1515,42.27425],[-71.15178,42.27441],[-71.15212,42.27461],[-71.15236,42.27479],[-71.15227,42.27491],[-71.15219,42.27498],[-71.15165,42.27544],[-71.15115,42.27584],[-71.15107,42.27591],[-71.15144,42.27603],[-71.15179,42.27623],[-71.15222,42.27651],[-71.15234,42.27661],[-71.15296,42.27703],[-71.15309,42.27698],[-71.15397,42.27628],[-71.15406,42.2762],[-71.1546,42.2764],[-71.15492,42.27652],[-71.15526,42.27662],[-71.15557,42.2767],[-71.15607,42.27685],[-71.15646,42.27693],[-71.15655,42.27696],[-71.15677,42.27706],[-71.15712,42.27725],[-71.15774,42.27762],[-71.15802,42.2778],[-71.15834,42.27802],[-71.15866,42.2783],[-71.15891,42.27853],[-71.15917,42.27875],[-71.15926,42.2788],[-71.15931,42.27883],[-71.15937,42.27884],[-71.15943,42.27884],[-71.15906,42.27935],[-71.15886,42.27959],[-71.15847,42.28002],[-71.15831,42.28023],[-71.15823,42.28038],[-71.15818,42.28052],[-71.15815,42.2807],[-71.15817,42.28097],[-71.15815,42.28111],[-71.15796,42.28164],[-71.15782,42.28195],[-71.15769,42.28218],[-71.15761,42.28232],[-71.15737,42.28273],[-71.1573,42.28291],[-71.15721,42.28309],[-71.1572,42.28311],[-71.15748,42.28295],[-71.15862,42.28231],[-71.15889,42.28215],[-71.15926,42.28192],[-71.15958,42.28169],[-71.15981,42.28153],[-71.16023,42.2812],[-71.1606,42.28088],[-71.16087,42.28062],[-71.16115,42.28035],[-71.16146,42.28008],[-71.16166,42.27993],[-71.1619,42.27978],[-71.16196,42.27983],[-71.16248,42.28025],[-71.163,42.27993],[-71.16325,42.27973],[-71.16373,42.28012],[-71.16444,42.28074],[-71.16498,42.28116],[-71.16571,42.28071],[-71.16618,42.28109],[-71.16752,42.28224],[-71.16837,42.28293],[-71.16882,42.28266],[-71.16886,42.28263],[-71.16914,42.28245],[-71.16908,42.28222],[-71.16904,42.28205],[-71.16899,42.28192],[-71.16881,42.28167],[-71.1686,42.28139],[-71.16838,42.28112],[-71.16824,42.28091],[-71.1681,42.28068],[-71.16794,42.28037],[-71.16746,42.27933],[-71.16746,42.27931],[-71.16848,42.27943],[-71.16872,42.27946],[-71.16955,42.27957],[-71.17108,42.27977],[-71.17122,42.27979],[-71.17206,42.2799],[-71.17306,42.28003],[-71.17555,42.28033],[-71.17702,42.28041],[-71.17765,42.28042],[-71.17821,42.28038],[-71.1805,42.28008],[-71.18465,42.27957],[-71.18506,42.27953],[-71.18525,42.27952],[-71.18531,42.27951],[-71.18529,42.27947],[-71.18525,42.2794],[-71.1851,42.27915],[-71.18506,42.27908],[-71.18504,42.27904],[-71.185,42.27898],[-71.18495,42.27889],[-71.18478,42.27859],[-71.18465,42.27838],[-71.18455,42.27821],[-71.18393,42.27715],[-71.18389,42.27708],[-71.18386,42.27704],[-71.18379,42.27691],[-71.18349,42.27641],[-71.18326,42.276],[-71.18316,42.27592],[-71.18305,42.27586],[-71.1829,42.27586],[-71.18278,42.27589],[-71.1825,42.27597],[-71.18124,42.27621],[-71.18041,42.27638],[-71.17977,42.2765],[-71.17914,42.27661],[-71.17855,42.27672],[-71.17746,42.27688],[-71.17711,42.27687],[-71.17692,42.27685],[-71.17678,42.27681],[-71.17636,42.27665],[-71.17593,42.27647],[-71.17544,42.27625],[-71.17497,42.27601],[-71.17476,42.27585],[-71.17461,42.27567],[-71.17457,42.27558],[-71.17451,42.27548],[-71.17447,42.27538],[-71.17444,42.27531],[-71.17442,42.27505],[-71.17451,42.27479],[-71.17461,42.27459],[-71.17477,42.27434],[-71.17482,42.27423],[-71.17483,42.27421],[-71.17485,42.27407],[-71.17486,42.27382],[-71.17485,42.27374],[-71.17482,42.27354],[-71.17475,42.27333],[-71.17461,42.27302],[-71.17433,42.27263],[-71.17404,42.27227],[-71.17386,42.272],[-71.17371,42.2717],[-71.17362,42.27148],[-71.1736,42.27146],[-71.17358,42.27142],[-71.17353,42.27112],[-71.17341,42.27092],[-71.17334,42.27086],[-71.17315,42.27106],[-71.17311,42.2711],[-71.17302,42.27119],[-71.17273,42.27145],[-71.1726,42.27158],[-71.17225,42.27191],[-71.17171,42.27232],[-71.171,42.27292],[-71.17078,42.27307],[-71.17024,42.27353],[-71.17,42.27371],[-71.16952,42.27404],[-71.16944,42.27411],[-71.16928,42.27423],[-71.16895,42.27448],[-71.16852,42.2748],[-71.16805,42.27516],[-71.16795,42.27524],[-71.16773,42.27539],[-71.16739,42.27564],[-71.16712,42.27583],[-71.16703,42.2759],[-71.16654,42.27623],[-71.16594,42.27657],[-71.16584,42.27661],[-71.16551,42.27679],[-71.16523,42.27691],[-71.16486,42.27705],[-71.16458,42.27714],[-71.16424,42.27684],[-71.16381,42.27642],[-71.16373,42.27636],[-71.16313,42.27586],[-71.16239,42.27523],[-71.16197,42.27488],[-71.16179,42.27473],[-71.16161,42.27461],[-71.16149,42.27456],[-71.1613,42.2744],[-71.16152,42.27423],[-71.16155,42.274],[-71.16164,42.27384],[-71.16182,42.27332],[-71.16189,42.27322],[-71.16167,42.27321],[-71.16139,42.27318],[-71.16078,42.27314],[-71.1611,42.27263],[-71.16124,42.27241],[-71.16142,42.27205],[-71.16171,42.27145],[-71.16184,42.27116],[-71.1619,42.27095],[-71.16196,42.2703],[-71.162,42.26949],[-71.162,42.26925],[-71.16195,42.26907],[-71.16185,42.26889]]]}},{"type":"Feature","properties":{"id":"2006","ward":20,"precinct":6},"geometry":{"type":"Polygon","coordinates":[[[-71.14597,42.29795],[-71.14576,42.29754],[-71.14565,42.29726],[-71.14563,42.29704],[-71.14556,42.29679],[-71.14567,42.29621],[-71.14577,42.29594],[-71.14591,42.29555],[-71.14599,42.29527],[-71.14605,42.29492],[-71.14608,42.29456],[-71.14607,42.29425],[-71.14603,42.29394],[-71.14603,42.29373],[-71.14606,42.29352],[-71.14612,42.29331],[-71.14621,42.29311],[-71.14645,42.29274],[-71.14658,42.29252],[-71.14674,42.29219],[-71.14687,42.29185],[-71.14691,42.29167],[-71.14694,42.2915],[-71.14697,42.2913],[-71.14698,42.29107],[-71.14703,42.29063],[-71.14706,42.29014],[-71.14635,42.28954],[-71.14569,42.28901],[-71.1456,42.28893],[-71.1455,42.28881],[-71.14534,42.28853],[-71.14512,42.28812],[-71.14478,42.2882],[-71.14464,42.28824],[-71.14416,42.28835],[-71.14305,42.28861],[-71.14293,42.28867],[-71.14278,42.28875],[-71.14274,42.28878],[-71.14273,42.28879],[-71.14244,42.28904],[-71.14203,42.28941],[-71.14172,42.28965],[-71.14115,42.29013],[-71.14101,42.29024],[-71.14038,42.29077],[-71.13975,42.29131],[-71.14023,42.2916],[-71.14057,42.29184],[-71.13992,42.29239],[-71.13906,42.2931],[-71.13867,42.29341],[-71.13855,42.29331],[-71.1379,42.29285],[-71.13731,42.29336],[-71.1367,42.29384],[-71.13634,42.29413],[-71.13601,42.29444],[-71.13523,42.29512],[-71.13483,42.29544],[-71.13429,42.29591],[-71.13366,42.29637],[-71.13363,42.2964],[-71.1333,42.29662],[-71.13327,42.29664],[-71.13298,42.29684],[-71.1325,42.29705],[-71.13204,42.29725],[-71.13191,42.2973],[-71.1313,42.29754],[-71.13087,42.29774],[-71.13061,42.29788],[-71.1304,42.298],[-71.13037,42.29801],[-71.13009,42.29818],[-71.13007,42.29819],[-71.12989,42.29832],[-71.12962,42.29854],[-71.12939,42.29874],[-71.12895,42.29916],[-71.1288,42.2993],[-71.12807,42.30004],[-71.12793,42.30017],[-71.12823,42.30029],[-71.12857,42.30042],[-71.12876,42.3005],[-71.13018,42.30101],[-71.13056,42.30115],[-71.1309,42.30128],[-71.13107,42.30132],[-71.13142,42.30133],[-71.13191,42.30135],[-71.13223,42.30138],[-71.13258,42.30143],[-71.13326,42.30155],[-71.13382,42.30166],[-71.13405,42.30171],[-71.13436,42.30175],[-71.13462,42.30176],[-71.13487,42.30173],[-71.13544,42.30159],[-71.13576,42.30149],[-71.136,42.30143],[-71.13659,42.30127],[-71.13692,42.3012],[-71.1371,42.30119],[-71.13744,42.30126],[-71.1378,42.30136],[-71.13902,42.30174],[-71.13912,42.30176],[-71.13956,42.3019],[-71.13983,42.30201],[-71.14014,42.30216],[-71.14153,42.30115],[-71.14231,42.30059],[-71.14347,42.29975],[-71.14405,42.29933],[-71.14414,42.29926],[-71.14597,42.29795]]]}},{"type":"Feature","properties":{"id":"2007","ward":20,"precinct":7},"geometry":{"type":"Polygon","coordinates":[[[-71.14706,42.29014],[-71.14723,42.29028],[-71.14743,42.29044],[-71.14747,42.29034],[-71.14751,42.29006],[-71.14765,42.29002],[-71.14836,42.28974],[-71.14851,42.28967],[-71.14864,42.28963],[-71.14871,42.28972],[-71.14882,42.28988],[-71.14909,42.29021],[-71.14922,42.29038],[-71.14952,42.29078],[-71.1503,42.29045],[-71.15106,42.29011],[-71.15184,42.2898],[-71.15166,42.2896],[-71.15131,42.28921],[-71.15052,42.28841],[-71.15013,42.28799],[-71.15005,42.28789],[-71.15002,42.28783],[-71.15002,42.28774],[-71.15007,42.2873],[-71.15005,42.2872],[-71.1499,42.28677],[-71.14979,42.2866],[-71.14968,42.28645],[-71.14963,42.2864],[-71.14959,42.28636],[-71.14944,42.28623],[-71.1492,42.28606],[-71.14897,42.28591],[-71.14847,42.28561],[-71.14791,42.28524],[-71.14785,42.28519],[-71.14766,42.28505],[-71.14778,42.286],[-71.14777,42.28628],[-71.14775,42.28657],[-71.14617,42.28655],[-71.14521,42.28655],[-71.14125,42.28664],[-71.13966,42.28669],[-71.13967,42.28707],[-71.13972,42.28746],[-71.13974,42.28769],[-71.13897,42.28776],[-71.13831,42.28779],[-71.1376,42.28782],[-71.13708,42.28784],[-71.1368,42.28788],[-71.13663,42.28793],[-71.13644,42.28801],[-71.13685,42.28834],[-71.13724,42.28869],[-71.1376,42.28894],[-71.13849,42.28951],[-71.13934,42.29008],[-71.14023,42.29065],[-71.14038,42.29077],[-71.14101,42.29024],[-71.14115,42.29013],[-71.14172,42.28965],[-71.14203,42.28941],[-71.14244,42.28904],[-71.14273,42.28879],[-71.14274,42.28878],[-71.14278,42.28875],[-71.14293,42.28867],[-71.14305,42.28861],[-71.14416,42.28835],[-71.14464,42.28824],[-71.14478,42.2882],[-71.14512,42.28812],[-71.14534,42.28853],[-71.1455,42.28881],[-71.1456,42.28893],[-71.14569,42.28901],[-71.14635,42.28954],[-71.14706,42.29014]]]}},{"type":"Feature","properties":{"id":"2008","ward":20,"precinct":8},"geometry":{"type":"Polygon","coordinates":[[[-71.14381,42.28038],[-71.14347,42.2807],[-71.14289,42.28119],[-71.14228,42.28169],[-71.14123,42.28257],[-71.14075,42.28299],[-71.14035,42.28273],[-71.14012,42.28257],[-71.13933,42.28206],[-71.1393,42.28217],[-71.13929,42.28227],[-71.13931,42.28267],[-71.13937,42.28335],[-71.13939,42.28361],[-71.13944,42.28424],[-71.13947,42.28451],[-71.1395,42.28456],[-71.13983,42.28476],[-71.14032,42.28506],[-71.14044,42.28511],[-71.1411,42.28456],[-71.14181,42.28394],[-71.14196,42.28382],[-71.14264,42.28423],[-71.14244,42.28442],[-71.14214,42.28465],[-71.14189,42.28487],[-71.14185,42.2849],[-71.14128,42.2854],[-71.1406,42.28597],[-71.14055,42.28614],[-71.13963,42.28617],[-71.13966,42.28669],[-71.14125,42.28664],[-71.14521,42.28655],[-71.14617,42.28655],[-71.14775,42.28657],[-71.14777,42.28628],[-71.14778,42.286],[-71.14766,42.28505],[-71.1475,42.28419],[-71.1474,42.2839],[-71.14739,42.28388],[-71.14725,42.28362],[-71.14707,42.28336],[-71.14703,42.28329],[-71.14701,42.28326],[-71.14676,42.28295],[-71.14636,42.28254],[-71.14605,42.28226],[-71.14566,42.28194],[-71.14552,42.28181],[-71.14522,42.28158],[-71.14492,42.28134],[-71.14474,42.2812],[-71.14425,42.28078],[-71.14396,42.28051],[-71.14391,42.28047],[-71.14381,42.28038]]]}},{"type":"Feature","properties":{"id":"2009","ward":20,"precinct":9},"geometry":{"type":"Polygon","coordinates":[[[-71.14065,42.27519],[-71.14031,42.27544],[-71.14027,42.27548],[-71.14001,42.27572],[-71.13962,42.27608],[-71.13914,42.27649],[-71.13865,42.27691],[-71.13832,42.27718],[-71.13817,42.27732],[-71.13773,42.2777],[-71.13715,42.27819],[-71.137,42.27833],[-71.13648,42.27876],[-71.13616,42.27904],[-71.13567,42.27946],[-71.13554,42.27956],[-71.13493,42.28013],[-71.13455,42.2805],[-71.13433,42.28069],[-71.13414,42.28087],[-71.13354,42.28142],[-71.13309,42.28183],[-71.1327,42.28221],[-71.13372,42.28242],[-71.13412,42.28257],[-71.13444,42.28272],[-71.1347,42.28288],[-71.13533,42.28336],[-71.13541,42.28326],[-71.13589,42.28285],[-71.13604,42.28274],[-71.13639,42.28297],[-71.13712,42.28349],[-71.13732,42.2836],[-71.13748,42.28367],[-71.13777,42.28367],[-71.13842,42.28365],[-71.13939,42.28361],[-71.13937,42.28335],[-71.13931,42.28267],[-71.13929,42.28227],[-71.1393,42.28217],[-71.13933,42.28206],[-71.14012,42.28257],[-71.14035,42.28273],[-71.14075,42.28299],[-71.14123,42.28257],[-71.14228,42.28169],[-71.14289,42.28119],[-71.14347,42.2807],[-71.14381,42.28038],[-71.14373,42.28031],[-71.14357,42.28014],[-71.14348,42.28004],[-71.1429,42.27939],[-71.14259,42.27905],[-71.14235,42.27882],[-71.14177,42.27823],[-71.14138,42.27774],[-71.14115,42.27736],[-71.14093,42.27692],[-71.14075,42.2763],[-71.14068,42.27589],[-71.14066,42.27575],[-71.14065,42.27533],[-71.14065,42.27519]]]}},{"type":"Feature","properties":{"id":"2010","ward":20,"precinct":10},"geometry":{"type":"Polygon","coordinates":[[[-71.15864,42.26957],[-71.15789,42.26953],[-71.1576,42.26951],[-71.15468,42.26931],[-71.15406,42.26902],[-71.15272,42.26792],[-71.15238,42.26763],[-71.15201,42.26729],[-71.15157,42.26693],[-71.15124,42.26674],[-71.15112,42.26667],[-71.15081,42.26695],[-71.15067,42.26707],[-71.15047,42.26725],[-71.15009,42.26759],[-71.14964,42.26798],[-71.14937,42.26823],[-71.14923,42.26837],[-71.14885,42.26869],[-71.14881,42.26872],[-71.14853,42.26898],[-71.14848,42.26903],[-71.14809,42.26933],[-71.14729,42.27],[-71.14681,42.2704],[-71.14569,42.27127],[-71.145,42.27181],[-71.14443,42.27227],[-71.14387,42.27272],[-71.14366,42.27286],[-71.14319,42.27324],[-71.14263,42.27368],[-71.14124,42.27477],[-71.14086,42.27504],[-71.14065,42.27519],[-71.14065,42.27533],[-71.14066,42.27575],[-71.14068,42.27589],[-71.14075,42.2763],[-71.14093,42.27692],[-71.14115,42.27736],[-71.14138,42.27774],[-71.14177,42.27823],[-71.14235,42.27882],[-71.14259,42.27905],[-71.1429,42.27939],[-71.14348,42.28004],[-71.14357,42.28014],[-71.14373,42.28031],[-71.14381,42.28038],[-71.14391,42.28047],[-71.14396,42.28051],[-71.14425,42.28078],[-71.14474,42.2812],[-71.14492,42.28134],[-71.14522,42.28158],[-71.14552,42.28181],[-71.14566,42.28194],[-71.14605,42.28226],[-71.14636,42.28254],[-71.14676,42.28295],[-71.14701,42.28326],[-71.14703,42.28329],[-71.1473,42.28305],[-71.14774,42.28271],[-71.14856,42.28207],[-71.1484,42.28197],[-71.14803,42.2817],[-71.14743,42.28129],[-71.14575,42.28017],[-71.14662,42.27948],[-71.14677,42.27934],[-71.14708,42.27914],[-71.1473,42.27904],[-71.14756,42.27899],[-71.14776,42.27896],[-71.1481,42.27894],[-71.1483,42.27906],[-71.14842,42.27892],[-71.14847,42.27885],[-71.14886,42.2785],[-71.14934,42.2781],[-71.1497,42.27778],[-71.15045,42.27718],[-71.15113,42.27766],[-71.15174,42.27802],[-71.15219,42.27764],[-71.15282,42.2771],[-71.15296,42.27703],[-71.15234,42.27661],[-71.15222,42.27651],[-71.15179,42.27623],[-71.15144,42.27603],[-71.15107,42.27591],[-71.15115,42.27584],[-71.15165,42.27544],[-71.15219,42.27498],[-71.15227,42.27491],[-71.15236,42.27479],[-71.15212,42.27461],[-71.15178,42.27441],[-71.1515,42.27425],[-71.15171,42.27413],[-71.1522,42.27383],[-71.15248,42.27364],[-71.15338,42.27305],[-71.15357,42.27292],[-71.15399,42.27265],[-71.15442,42.27236],[-71.15475,42.27214],[-71.15661,42.27092],[-71.15822,42.26985],[-71.15864,42.26957]]]}},{"type":"Feature","properties":{"id":"2011","ward":20,"precinct":11},"geometry":{"type":"Polygon","coordinates":[[[-71.14703,42.28329],[-71.14707,42.28336],[-71.14725,42.28362],[-71.14739,42.28388],[-71.1474,42.2839],[-71.1475,42.28419],[-71.14766,42.28505],[-71.14785,42.28519],[-71.14791,42.28524],[-71.14847,42.28561],[-71.14897,42.28591],[-71.1492,42.28606],[-71.14944,42.28623],[-71.14959,42.28636],[-71.14963,42.2864],[-71.15002,42.2863],[-71.15035,42.28624],[-71.15076,42.28614],[-71.15124,42.28601],[-71.15175,42.28584],[-71.15222,42.28567],[-71.15271,42.28548],[-71.15339,42.28519],[-71.154,42.2849],[-71.15498,42.28436],[-71.15637,42.28357],[-71.15617,42.28348],[-71.15601,42.28341],[-71.15589,42.28334],[-71.15576,42.28321],[-71.15557,42.28296],[-71.15499,42.28216],[-71.15448,42.28237],[-71.15411,42.28249],[-71.15388,42.28259],[-71.15349,42.28237],[-71.15188,42.28136],[-71.15141,42.28104],[-71.15024,42.28031],[-71.14957,42.2809],[-71.14916,42.2812],[-71.14858,42.28081],[-71.14841,42.28071],[-71.14773,42.28024],[-71.14662,42.27948],[-71.14575,42.28017],[-71.14743,42.28129],[-71.14803,42.2817],[-71.1484,42.28197],[-71.14856,42.28207],[-71.14774,42.28271],[-71.1473,42.28305],[-71.14703,42.28329]]]}},{"type":"Feature","properties":{"id":"2012","ward":20,"precinct":12},"geometry":{"type":"Polygon","coordinates":[[[-71.1572,42.28311],[-71.15658,42.28345],[-71.15637,42.28357],[-71.15498,42.28436],[-71.15528,42.28451],[-71.15517,42.28459],[-71.1547,42.28487],[-71.15494,42.28504],[-71.15549,42.28543],[-71.15587,42.28569],[-71.15649,42.28615],[-71.15899,42.28791],[-71.15881,42.28804],[-71.1586,42.2882],[-71.15824,42.28842],[-71.15775,42.28876],[-71.15815,42.28909],[-71.15853,42.28943],[-71.15907,42.28985],[-71.15923,42.28999],[-71.15952,42.29024],[-71.15969,42.29037],[-71.15987,42.29053],[-71.16,42.29069],[-71.16016,42.2909],[-71.16059,42.29056],[-71.16088,42.29037],[-71.16105,42.29032],[-71.16129,42.29023],[-71.16145,42.29014],[-71.16176,42.28996],[-71.16206,42.28975],[-71.16285,42.28918],[-71.16368,42.28856],[-71.16397,42.28832],[-71.16418,42.28818],[-71.16463,42.2879],[-71.16532,42.28749],[-71.16496,42.28705],[-71.16572,42.28649],[-71.16625,42.28611],[-71.16646,42.28597],[-71.16594,42.28555],[-71.16578,42.28541],[-71.16547,42.28514],[-71.16498,42.28474],[-71.16444,42.28431],[-71.16398,42.28389],[-71.16256,42.28478],[-71.16215,42.28443],[-71.16198,42.28428],[-71.16181,42.28412],[-71.16164,42.28394],[-71.16151,42.28371],[-71.16123,42.28327],[-71.16084,42.28264],[-71.16011,42.28309],[-71.15952,42.28345],[-71.15894,42.28381],[-71.15851,42.28341],[-71.15829,42.28322],[-71.15815,42.28314],[-71.15769,42.283],[-71.15748,42.28295],[-71.1572,42.28311]]]}},{"type":"Feature","properties":{"id":"2013","ward":20,"precinct":13},"geometry":{"type":"Polygon","coordinates":[[[-71.15748,42.28295],[-71.15769,42.283],[-71.15815,42.28314],[-71.15829,42.28322],[-71.15851,42.28341],[-71.15894,42.28381],[-71.15952,42.28345],[-71.16011,42.28309],[-71.16084,42.28264],[-71.16123,42.28327],[-71.16151,42.28371],[-71.16164,42.28394],[-71.16181,42.28412],[-71.16198,42.28428],[-71.16215,42.28443],[-71.16256,42.28478],[-71.16398,42.28389],[-71.16444,42.28431],[-71.16498,42.28474],[-71.16547,42.28514],[-71.16578,42.28541],[-71.16594,42.28555],[-71.16646,42.28597],[-71.16682,42.28626],[-71.16693,42.28632],[-71.167,42.28633],[-71.16773,42.28587],[-71.16812,42.2856],[-71.16853,42.28534],[-71.16816,42.285],[-71.16779,42.28472],[-71.16857,42.2842],[-71.16884,42.28404],[-71.16928,42.28378],[-71.16921,42.28371],[-71.16837,42.28293],[-71.16752,42.28224],[-71.16618,42.28109],[-71.16571,42.28071],[-71.16498,42.28116],[-71.16444,42.28074],[-71.16373,42.28012],[-71.16325,42.27973],[-71.163,42.27993],[-71.16248,42.28025],[-71.16196,42.27983],[-71.1619,42.27978],[-71.16166,42.27993],[-71.16146,42.28008],[-71.16115,42.28035],[-71.16087,42.28062],[-71.1606,42.28088],[-71.16023,42.2812],[-71.15981,42.28153],[-71.15958,42.28169],[-71.15926,42.28192],[-71.15889,42.28215],[-71.15862,42.28231],[-71.15748,42.28295]]]}},{"type":"Feature","properties":{"id":"2014","ward":20,"precinct":14},"geometry":{"type":"Polygon","coordinates":[[[-71.15296,42.27703],[-71.15282,42.2771],[-71.15219,42.27764],[-71.15174,42.27802],[-71.15113,42.27766],[-71.15045,42.27718],[-71.1497,42.27778],[-71.14934,42.2781],[-71.14886,42.2785],[-71.14847,42.27885],[-71.14842,42.27892],[-71.1483,42.27906],[-71.1481,42.27894],[-71.14776,42.27896],[-71.14756,42.27899],[-71.1473,42.27904],[-71.14708,42.27914],[-71.14677,42.27934],[-71.14662,42.27948],[-71.14773,42.28024],[-71.14841,42.28071],[-71.14858,42.28081],[-71.14916,42.2812],[-71.14957,42.2809],[-71.15024,42.28031],[-71.15141,42.28104],[-71.15188,42.28136],[-71.15349,42.28237],[-71.15388,42.28259],[-71.15411,42.28249],[-71.15448,42.28237],[-71.15499,42.28216],[-71.15557,42.28296],[-71.15576,42.28321],[-71.15589,42.28334],[-71.15601,42.28341],[-71.15617,42.28348],[-71.15637,42.28357],[-71.15658,42.28345],[-71.1572,42.28311],[-71.15721,42.28309],[-71.1573,42.28291],[-71.15737,42.28273],[-71.15761,42.28232],[-71.15769,42.28218],[-71.15782,42.28195],[-71.15796,42.28164],[-71.15815,42.28111],[-71.15817,42.28097],[-71.15815,42.2807],[-71.15818,42.28052],[-71.15823,42.28038],[-71.15831,42.28023],[-71.15847,42.28002],[-71.15886,42.27959],[-71.15906,42.27935],[-71.15943,42.27884],[-71.15937,42.27884],[-71.15931,42.27883],[-71.15926,42.2788],[-71.15917,42.27875],[-71.15891,42.27853],[-71.15866,42.2783],[-71.15834,42.27802],[-71.15802,42.2778],[-71.15774,42.27762],[-71.15712,42.27725],[-71.15677,42.27706],[-71.15655,42.27696],[-71.15646,42.27693],[-71.15607,42.27685],[-71.15557,42.2767],[-71.15526,42.27662],[-71.15492,42.27652],[-71.1546,42.2764],[-71.15406,42.2762],[-71.15397,42.27628],[-71.15309,42.27698],[-71.15296,42.27703]]]}},{"type":"Feature","properties":{"id":"2015","ward":20,"precinct":15},"geometry":{"type":"Polygon","coordinates":[[[-71.16739,42.26221],[-71.16722,42.26207],[-71.16699,42.26189],[-71.16686,42.26179],[-71.16648,42.26148],[-71.16486,42.26019],[-71.16339,42.25903],[-71.16313,42.25882],[-71.16302,42.25873],[-71.16167,42.25764],[-71.16157,42.25755],[-71.16156,42.25755],[-71.16099,42.25709],[-71.16082,42.25696],[-71.16042,42.25663],[-71.15858,42.25516],[-71.1583,42.25531],[-71.15813,42.25539],[-71.15739,42.25577],[-71.1567,42.25612],[-71.15628,42.25633],[-71.15596,42.25649],[-71.156,42.25666],[-71.15615,42.25736],[-71.1563,42.258],[-71.15635,42.25822],[-71.15642,42.25856],[-71.15647,42.25882],[-71.1566,42.25941],[-71.15667,42.25968],[-71.15671,42.25996],[-71.15694,42.26083],[-71.15705,42.26121],[-71.15707,42.26134],[-71.1572,42.26182],[-71.15728,42.26217],[-71.15749,42.26307],[-71.15753,42.26319],[-71.15761,42.26344],[-71.15776,42.26375],[-71.15793,42.26409],[-71.15816,42.26462],[-71.15822,42.26479],[-71.15832,42.26504],[-71.15846,42.26532],[-71.15857,42.26547],[-71.15871,42.26562],[-71.15948,42.26611],[-71.16022,42.26667],[-71.16035,42.26678],[-71.16042,42.26683],[-71.1608,42.26715],[-71.16091,42.26736],[-71.16105,42.26763],[-71.16123,42.26805],[-71.16136,42.26828],[-71.16154,42.26852],[-71.16174,42.26873],[-71.16185,42.26889],[-71.16186,42.26882],[-71.16193,42.26866],[-71.16206,42.26852],[-71.16234,42.26822],[-71.16253,42.26801],[-71.16271,42.26776],[-71.16353,42.26813],[-71.16413,42.26842],[-71.16449,42.26858],[-71.16483,42.26869],[-71.16529,42.26886],[-71.16563,42.26896],[-71.16568,42.26897],[-71.166,42.26901],[-71.16609,42.26902],[-71.16626,42.26904],[-71.1668,42.26686],[-71.16711,42.26506],[-71.16739,42.26221]]]}},{"type":"Feature","properties":{"id":"2016","ward":20,"precinct":16},"geometry":{"type":"Polygon","coordinates":[[[-71.16739,42.26221],[-71.16711,42.26506],[-71.1668,42.26686],[-71.16626,42.26904],[-71.16609,42.26902],[-71.166,42.26901],[-71.16568,42.26897],[-71.16563,42.26896],[-71.16529,42.26886],[-71.16483,42.26869],[-71.16449,42.26858],[-71.16413,42.26842],[-71.16353,42.26813],[-71.16271,42.26776],[-71.16253,42.26801],[-71.16234,42.26822],[-71.16206,42.26852],[-71.16193,42.26866],[-71.16186,42.26882],[-71.16185,42.26889],[-71.16195,42.26907],[-71.162,42.26925],[-71.162,42.26949],[-71.16196,42.2703],[-71.1619,42.27095],[-71.16184,42.27116],[-71.16171,42.27145],[-71.16142,42.27205],[-71.16124,42.27241],[-71.1611,42.27263],[-71.16078,42.27314],[-71.16139,42.27318],[-71.16167,42.27321],[-71.16189,42.27322],[-71.16182,42.27332],[-71.16164,42.27384],[-71.16155,42.274],[-71.16152,42.27423],[-71.1613,42.2744],[-71.16149,42.27456],[-71.16161,42.27461],[-71.16179,42.27473],[-71.16197,42.27488],[-71.16239,42.27523],[-71.16313,42.27586],[-71.16373,42.27636],[-71.16381,42.27642],[-71.16424,42.27684],[-71.16458,42.27714],[-71.16486,42.27705],[-71.16523,42.27691],[-71.16551,42.27679],[-71.16584,42.27661],[-71.16594,42.27657],[-71.16654,42.27623],[-71.16703,42.2759],[-71.16712,42.27583],[-71.16739,42.27564],[-71.16773,42.27539],[-71.16795,42.27524],[-71.16805,42.27516],[-71.16852,42.2748],[-71.16895,42.27448],[-71.16928,42.27423],[-71.16944,42.27411],[-71.16952,42.27404],[-71.17,42.27371],[-71.17024,42.27353],[-71.17078,42.27307],[-71.171,42.27292],[-71.17171,42.27232],[-71.17225,42.27191],[-71.1726,42.27158],[-71.17273,42.27145],[-71.17302,42.27119],[-71.17311,42.2711],[-71.17315,42.27106],[-71.17334,42.27086],[-71.17318,42.27071],[-71.17315,42.27068],[-71.17299,42.27044],[-71.17295,42.27031],[-71.17296,42.27014],[-71.17302,42.27003],[-71.17322,42.26979],[-71.17342,42.26958],[-71.17348,42.26951],[-71.17353,42.26945],[-71.17356,42.26942],[-71.17366,42.26934],[-71.17382,42.26925],[-71.17416,42.269],[-71.17429,42.26889],[-71.17432,42.26886],[-71.1745,42.26866],[-71.17461,42.26838],[-71.1746,42.26814],[-71.17461,42.26808],[-71.1746,42.2679],[-71.17458,42.26783],[-71.17453,42.26762],[-71.17444,42.26735],[-71.17432,42.26719],[-71.17415,42.26703],[-71.17392,42.2669],[-71.1739,42.26688],[-71.17369,42.26676],[-71.17356,42.26671],[-71.17333,42.26665],[-71.17318,42.26663],[-71.17316,42.26663],[-71.1728,42.26655],[-71.17247,42.26652],[-71.17243,42.26652],[-71.17215,42.26644],[-71.1721,42.26643],[-71.17202,42.2664],[-71.17183,42.26636],[-71.1718,42.26634],[-71.1717,42.26629],[-71.17154,42.26615],[-71.17144,42.266],[-71.17138,42.26591],[-71.17132,42.2657],[-71.17132,42.26535],[-71.17121,42.26526],[-71.17105,42.26513],[-71.17103,42.26512],[-71.17066,42.26482],[-71.16875,42.26328],[-71.1686,42.26317],[-71.1685,42.26308],[-71.16837,42.26298],[-71.16739,42.26221]]]}},{"type":"Feature","properties":{"id":"2017","ward":20,"precinct":17},"geometry":{"type":"Polygon","coordinates":[[[-71.16837,42.28293],[-71.16921,42.28371],[-71.16928,42.28378],[-71.16884,42.28404],[-71.16857,42.2842],[-71.16779,42.28472],[-71.16816,42.285],[-71.16853,42.28534],[-71.16812,42.2856],[-71.16773,42.28587],[-71.167,42.28633],[-71.16693,42.28632],[-71.16682,42.28626],[-71.16646,42.28597],[-71.16625,42.28611],[-71.16572,42.28649],[-71.16496,42.28705],[-71.16532,42.28749],[-71.16463,42.2879],[-71.16418,42.28818],[-71.16397,42.28832],[-71.16368,42.28856],[-71.16285,42.28918],[-71.16206,42.28975],[-71.16176,42.28996],[-71.16145,42.29014],[-71.16129,42.29023],[-71.16105,42.29032],[-71.16088,42.29037],[-71.16059,42.29056],[-71.16016,42.2909],[-71.16063,42.29159],[-71.16077,42.29177],[-71.16101,42.29198],[-71.1614,42.29233],[-71.16206,42.29293],[-71.1625,42.29333],[-71.16264,42.29348],[-71.16295,42.29367],[-71.16313,42.29375],[-71.16349,42.29385],[-71.16382,42.29392],[-71.1642,42.29407],[-71.16432,42.29413],[-71.16472,42.29434],[-71.16494,42.29449],[-71.16533,42.295],[-71.1654,42.29509],[-71.16559,42.29525],[-71.16632,42.2957],[-71.16689,42.29601],[-71.16735,42.29634],[-71.16742,42.29639],[-71.16764,42.29657],[-71.16802,42.29696],[-71.1682,42.29716],[-71.16835,42.29738],[-71.16853,42.29769],[-71.16861,42.29781],[-71.16882,42.2982],[-71.16904,42.2986],[-71.1693,42.29909],[-71.16949,42.29952],[-71.16973,42.30009],[-71.16979,42.30025],[-71.1698,42.30031],[-71.16981,42.30035],[-71.16981,42.30045],[-71.17044,42.30003],[-71.17636,42.29611],[-71.17861,42.29462],[-71.17864,42.2946],[-71.18635,42.28747],[-71.18738,42.28652],[-71.18838,42.28559],[-71.19011,42.28399],[-71.1907,42.28344],[-71.1909,42.28326],[-71.19116,42.28307],[-71.19119,42.28304],[-71.19123,42.28301],[-71.19125,42.283],[-71.19123,42.28266],[-71.19113,42.28237],[-71.19097,42.28213],[-71.19075,42.28185],[-71.19051,42.28166],[-71.19025,42.28151],[-71.18993,42.2813],[-71.18953,42.28113],[-71.18908,42.28092],[-71.18866,42.28071],[-71.1884,42.28056],[-71.18832,42.28051],[-71.18821,42.28045],[-71.18817,42.28042],[-71.1881,42.28038],[-71.18802,42.28035],[-71.188,42.28034],[-71.18777,42.28024],[-71.18745,42.28015],[-71.18723,42.28007],[-71.18718,42.28006],[-71.18711,42.28006],[-71.18706,42.28004],[-71.18599,42.27978],[-71.18551,42.27969],[-71.18542,42.27965],[-71.18536,42.2796],[-71.18532,42.27953],[-71.18531,42.27951],[-71.18525,42.27952],[-71.18506,42.27953],[-71.18465,42.27957],[-71.1805,42.28008],[-71.17821,42.28038],[-71.17765,42.28042],[-71.17702,42.28041],[-71.17555,42.28033],[-71.17306,42.28003],[-71.17206,42.2799],[-71.17122,42.27979],[-71.17108,42.27977],[-71.16955,42.27957],[-71.16872,42.27946],[-71.16848,42.27943],[-71.16746,42.27931],[-71.16746,42.27933],[-71.16794,42.28037],[-71.1681,42.28068],[-71.16824,42.28091],[-71.16838,42.28112],[-71.1686,42.28139],[-71.16881,42.28167],[-71.16899,42.28192],[-71.16904,42.28205],[-71.16908,42.28222],[-71.16914,42.28245],[-71.16886,42.28263],[-71.16882,42.28266],[-71.16837,42.28293]]]}},{"type":"Feature","properties":{"id":"2018","ward":20,"precinct":18},"geometry":{"type":"Polygon","coordinates":[[[-71.15923,42.28999],[-71.15907,42.28985],[-71.15853,42.28943],[-71.15815,42.28909],[-71.15775,42.28876],[-71.15824,42.28842],[-71.1586,42.2882],[-71.15881,42.28804],[-71.15899,42.28791],[-71.15649,42.28615],[-71.15587,42.28569],[-71.15549,42.28543],[-71.15494,42.28504],[-71.1547,42.28487],[-71.15517,42.28459],[-71.15528,42.28451],[-71.15498,42.28436],[-71.154,42.2849],[-71.15339,42.28519],[-71.15271,42.28548],[-71.15222,42.28567],[-71.15175,42.28584],[-71.15124,42.28601],[-71.15076,42.28614],[-71.15035,42.28624],[-71.15002,42.2863],[-71.14963,42.2864],[-71.14968,42.28645],[-71.14979,42.2866],[-71.1499,42.28677],[-71.15005,42.2872],[-71.15007,42.2873],[-71.15002,42.28774],[-71.15002,42.28783],[-71.15005,42.28789],[-71.15013,42.28799],[-71.15052,42.28841],[-71.15131,42.28921],[-71.15166,42.2896],[-71.15184,42.2898],[-71.15237,42.29049],[-71.15272,42.29093],[-71.15347,42.2906],[-71.15425,42.29025],[-71.15436,42.2904],[-71.15448,42.29056],[-71.15481,42.29099],[-71.15523,42.29153],[-71.15551,42.29189],[-71.15566,42.29212],[-71.15618,42.29172],[-71.15629,42.29165],[-71.15656,42.29154],[-71.15677,42.29152],[-71.15698,42.29153],[-71.15726,42.29156],[-71.15734,42.2914],[-71.15852,42.29051],[-71.15923,42.28999]]]}},{"type":"Feature","properties":{"id":"2019","ward":20,"precinct":19},"geometry":{"type":"Polygon","coordinates":[[[-71.15272,42.29093],[-71.15237,42.29049],[-71.15184,42.2898],[-71.15106,42.29011],[-71.1503,42.29045],[-71.14952,42.29078],[-71.14922,42.29038],[-71.14909,42.29021],[-71.14882,42.28988],[-71.14871,42.28972],[-71.14864,42.28963],[-71.14851,42.28967],[-71.14836,42.28974],[-71.14765,42.29002],[-71.14751,42.29006],[-71.14747,42.29034],[-71.14743,42.29044],[-71.14723,42.29028],[-71.14706,42.29014],[-71.14703,42.29063],[-71.14698,42.29107],[-71.14697,42.2913],[-71.14694,42.2915],[-71.14691,42.29167],[-71.14687,42.29185],[-71.14674,42.29219],[-71.14658,42.29252],[-71.14645,42.29274],[-71.14621,42.29311],[-71.14612,42.29331],[-71.14606,42.29352],[-71.14603,42.29373],[-71.14603,42.29394],[-71.14607,42.29425],[-71.14608,42.29456],[-71.14605,42.29492],[-71.14599,42.29527],[-71.14591,42.29555],[-71.14577,42.29594],[-71.14567,42.29621],[-71.14556,42.29679],[-71.14563,42.29704],[-71.14565,42.29726],[-71.14576,42.29754],[-71.14597,42.29795],[-71.14682,42.29733],[-71.14688,42.29729],[-71.14704,42.29721],[-71.14729,42.29708],[-71.14748,42.29698],[-71.1475,42.29697],[-71.14792,42.29676],[-71.14829,42.29657],[-71.1486,42.29641],[-71.14878,42.29632],[-71.15001,42.29569],[-71.1503,42.29554],[-71.15038,42.2955],[-71.15114,42.29512],[-71.15199,42.2947],[-71.15203,42.29468],[-71.15215,42.29462],[-71.15218,42.29465],[-71.15221,42.29467],[-71.15261,42.29467],[-71.15279,42.29465],[-71.15378,42.29443],[-71.15411,42.29435],[-71.15441,42.29418],[-71.15395,42.29367],[-71.15349,42.29327],[-71.15377,42.29321],[-71.15431,42.29298],[-71.15396,42.29255],[-71.1538,42.29233],[-71.15335,42.29175],[-71.15301,42.29134],[-71.15272,42.29093]]]}},{"type":"Feature","properties":{"id":"2020","ward":20,"precinct":20},"geometry":{"type":"Polygon","coordinates":[[[-71.16016,42.2909],[-71.16,42.29069],[-71.15987,42.29053],[-71.15969,42.29037],[-71.15952,42.29024],[-71.15923,42.28999],[-71.15852,42.29051],[-71.15734,42.2914],[-71.15726,42.29156],[-71.15698,42.29153],[-71.15677,42.29152],[-71.15656,42.29154],[-71.15629,42.29165],[-71.15618,42.29172],[-71.15566,42.29212],[-71.15551,42.29189],[-71.15523,42.29153],[-71.15481,42.29099],[-71.15448,42.29056],[-71.15436,42.2904],[-71.15425,42.29025],[-71.15347,42.2906],[-71.15272,42.29093],[-71.15301,42.29134],[-71.15335,42.29175],[-71.1538,42.29233],[-71.15396,42.29255],[-71.15431,42.29298],[-71.15377,42.29321],[-71.15349,42.29327],[-71.15395,42.29367],[-71.15441,42.29418],[-71.15411,42.29435],[-71.15378,42.29443],[-71.15279,42.29465],[-71.15261,42.29467],[-71.15221,42.29467],[-71.15251,42.29489],[-71.15346,42.29558],[-71.15369,42.29575],[-71.1545,42.29635],[-71.15469,42.29649],[-71.15483,42.29659],[-71.15487,42.29662],[-71.15541,42.297],[-71.15544,42.29703],[-71.15545,42.29705],[-71.15547,42.29706],[-71.1555,42.29709],[-71.15555,42.29712],[-71.15559,42.29715],[-71.15564,42.29718],[-71.15575,42.29727],[-71.15684,42.29807],[-71.15698,42.29817],[-71.15721,42.29834],[-71.15772,42.29871],[-71.15874,42.29946],[-71.1601,42.30046],[-71.16151,42.3015],[-71.16287,42.3025],[-71.16317,42.30271],[-71.16344,42.30291],[-71.16459,42.30376],[-71.1647,42.30384],[-71.16512,42.30356],[-71.16654,42.30262],[-71.16711,42.30224],[-71.16725,42.30215],[-71.16734,42.30208],[-71.16792,42.3017],[-71.1681,42.30157],[-71.16827,42.30147],[-71.16829,42.30146],[-71.16842,42.30137],[-71.16981,42.30045],[-71.16981,42.30035],[-71.1698,42.30031],[-71.16979,42.30025],[-71.16973,42.30009],[-71.16949,42.29952],[-71.1693,42.29909],[-71.16904,42.2986],[-71.16882,42.2982],[-71.16861,42.29781],[-71.16853,42.29769],[-71.16835,42.29738],[-71.1682,42.29716],[-71.16802,42.29696],[-71.16764,42.29657],[-71.16742,42.29639],[-71.16735,42.29634],[-71.16689,42.29601],[-71.16632,42.2957],[-71.16559,42.29525],[-71.1654,42.29509],[-71.16533,42.295],[-71.16494,42.29449],[-71.16472,42.29434],[-71.16432,42.29413],[-71.1642,42.29407],[-71.16382,42.29392],[-71.16349,42.29385],[-71.16313,42.29375],[-71.16295,42.29367],[-71.16264,42.29348],[-71.1625,42.29333],[-71.16206,42.29293],[-71.1614,42.29233],[-71.16101,42.29198],[-71.16077,42.29177],[-71.16063,42.29159],[-71.16016,42.2909]]]}},{"type":"Feature","properties":{"id":"2021","ward":20,"precinct":21},"geometry":{"type":"Polygon","coordinates":[[[-71.15694,42.26083],[-71.15671,42.25996],[-71.15667,42.25968],[-71.1566,42.25941],[-71.15647,42.25882],[-71.15642,42.25856],[-71.15635,42.25822],[-71.1563,42.258],[-71.15615,42.25736],[-71.156,42.25666],[-71.15596,42.25649],[-71.15522,42.25687],[-71.15421,42.25738],[-71.15316,42.25792],[-71.15231,42.25834],[-71.15212,42.25826],[-71.15195,42.25836],[-71.15127,42.25877],[-71.15133,42.25882],[-71.15002,42.25946],[-71.15028,42.25974],[-71.15047,42.25966],[-71.15081,42.25995],[-71.15156,42.26052],[-71.15196,42.26082],[-71.15251,42.26048],[-71.15204,42.26008],[-71.1514,42.2596],[-71.15108,42.25934],[-71.15162,42.25907],[-71.15204,42.25938],[-71.15276,42.25995],[-71.1529,42.26005],[-71.15303,42.26015],[-71.15372,42.26072],[-71.15445,42.26133],[-71.15504,42.26186],[-71.15563,42.26118],[-71.15568,42.26109],[-71.15568,42.26102],[-71.15575,42.261],[-71.15581,42.26098],[-71.15595,42.26086],[-71.15603,42.26081],[-71.15627,42.26079],[-71.15652,42.2608],[-71.1567,42.2608],[-71.15694,42.26083]]]}},{"type":"Feature","properties":{"id":"2101","ward":21,"precinct":1},"geometry":{"type":"Polygon","coordinates":[[[-71.09749,42.33958],[-71.09749,42.3396],[-71.09742,42.33973],[-71.09833,42.34072],[-71.09841,42.3408],[-71.09854,42.34092],[-71.09879,42.34144],[-71.09899,42.34184],[-71.09919,42.34227],[-71.09937,42.34269],[-71.09952,42.34305],[-71.09955,42.34312],[-71.09961,42.34322],[-71.09977,42.34354],[-71.09998,42.34398],[-71.10006,42.3441],[-71.10033,42.34457],[-71.10047,42.34471],[-71.10076,42.34478],[-71.10098,42.34489],[-71.1008,42.34504],[-71.1006,42.34523],[-71.10032,42.34548],[-71.0997,42.34608],[-71.0995,42.34628],[-71.09935,42.34645],[-71.09896,42.34682],[-71.09858,42.34718],[-71.09817,42.34761],[-71.09812,42.34765],[-71.0998,42.34766],[-71.09991,42.34754],[-71.09997,42.34748],[-71.10025,42.34738],[-71.10091,42.34714],[-71.10125,42.34701],[-71.10133,42.34697],[-71.10209,42.34658],[-71.10219,42.34653],[-71.10282,42.3462],[-71.10288,42.34626],[-71.10311,42.34671],[-71.1033,42.34708],[-71.10335,42.34716],[-71.10377,42.34705],[-71.10384,42.34703],[-71.10398,42.347],[-71.10434,42.3469],[-71.10442,42.34688],[-71.10449,42.34686],[-71.10457,42.34684],[-71.10507,42.3467],[-71.1051,42.34677],[-71.10515,42.34689],[-71.10524,42.34696],[-71.10534,42.34716],[-71.10553,42.34755],[-71.10573,42.34791],[-71.1058,42.34805],[-71.10592,42.34829],[-71.106,42.34841],[-71.10621,42.34846],[-71.10639,42.3485],[-71.10673,42.34857],[-71.10689,42.3486],[-71.10696,42.34823],[-71.10698,42.34815],[-71.10703,42.34792],[-71.10705,42.34785],[-71.10706,42.34777],[-71.10711,42.34755],[-71.10712,42.34748],[-71.10721,42.34706],[-71.10719,42.34699],[-71.10708,42.34676],[-71.10707,42.34674],[-71.10704,42.34669],[-71.10703,42.34667],[-71.10699,42.34659],[-71.10686,42.34634],[-71.10682,42.34626],[-71.10681,42.34622],[-71.10678,42.34615],[-71.10676,42.34609],[-71.10674,42.34605],[-71.10671,42.34599],[-71.10662,42.34582],[-71.10659,42.34576],[-71.10657,42.34574],[-71.10653,42.34565],[-71.10651,42.34563],[-71.10648,42.34555],[-71.10638,42.34533],[-71.10635,42.34526],[-71.10633,42.34523],[-71.10625,42.34508],[-71.10591,42.34457],[-71.10583,42.34446],[-71.1058,42.34441],[-71.10578,42.34432],[-71.10567,42.34413],[-71.10558,42.34395],[-71.10556,42.34391],[-71.10552,42.34382],[-71.10537,42.34397],[-71.10529,42.34401],[-71.10524,42.34404],[-71.10518,42.34407],[-71.10506,42.34413],[-71.10492,42.3442],[-71.10462,42.3444],[-71.10434,42.34418],[-71.10439,42.34413],[-71.10431,42.34409],[-71.10426,42.34398],[-71.10417,42.34391],[-71.10304,42.34296],[-71.10274,42.34264],[-71.10228,42.3424],[-71.09983,42.34066],[-71.09949,42.34051],[-71.09749,42.33958]]]}},{"type":"Feature","properties":{"id":"2102","ward":21,"precinct":2},"geometry":{"type":"Polygon","coordinates":[[[-71.0998,42.34766],[-71.10015,42.34767],[-71.10062,42.3477],[-71.10087,42.34773],[-71.10114,42.34777],[-71.10098,42.34781],[-71.10056,42.34793],[-71.10082,42.34796],[-71.101,42.34798],[-71.10076,42.34811],[-71.10073,42.34835],[-71.10067,42.34872],[-71.10064,42.349],[-71.10059,42.34919],[-71.10057,42.34929],[-71.10056,42.3493],[-71.10056,42.34937],[-71.10284,42.34965],[-71.10362,42.34974],[-71.10348,42.35028],[-71.10343,42.35061],[-71.10332,42.35099],[-71.10327,42.35108],[-71.10325,42.35117],[-71.10316,42.35149],[-71.10303,42.35252],[-71.10341,42.35246],[-71.10432,42.35241],[-71.10601,42.35248],[-71.10664,42.3525],[-71.10747,42.35251],[-71.10922,42.35255],[-71.11008,42.35256],[-71.11036,42.35259],[-71.11059,42.35262],[-71.11121,42.35271],[-71.1113,42.35272],[-71.11138,42.35273],[-71.11151,42.35275],[-71.1116,42.35276],[-71.11186,42.35281],[-71.11215,42.35286],[-71.11246,42.35291],[-71.1127,42.35298],[-71.11283,42.35301],[-71.11293,42.35304],[-71.1132,42.35312],[-71.11371,42.35332],[-71.11446,42.35366],[-71.11517,42.35404],[-71.11591,42.35454],[-71.11653,42.35504],[-71.11654,42.35506],[-71.11685,42.35539],[-71.1169,42.35551],[-71.11698,42.35554],[-71.1171,42.3556],[-71.11781,42.35517],[-71.11804,42.35512],[-71.11813,42.3551],[-71.11824,42.35508],[-71.1183,42.35506],[-71.11834,42.35505],[-71.1185,42.35502],[-71.11856,42.35501],[-71.11909,42.35489],[-71.11949,42.35476],[-71.12002,42.35473],[-71.12073,42.35462],[-71.12069,42.35449],[-71.12083,42.35383],[-71.12099,42.35311],[-71.12104,42.3529],[-71.12111,42.35254],[-71.12126,42.35188],[-71.12128,42.35179],[-71.12131,42.35168],[-71.12111,42.35166],[-71.12054,42.35159],[-71.12049,42.35159],[-71.12029,42.35157],[-71.11992,42.35152],[-71.11972,42.3515],[-71.11881,42.35139],[-71.11844,42.35135],[-71.11841,42.35135],[-71.11834,42.35134],[-71.11831,42.35134],[-71.11828,42.35133],[-71.11807,42.35131],[-71.11745,42.35124],[-71.11724,42.35121],[-71.11695,42.35118],[-71.11609,42.35106],[-71.11581,42.35103],[-71.11563,42.351],[-71.11511,42.35094],[-71.11493,42.35092],[-71.1147,42.35089],[-71.11409,42.35082],[-71.11401,42.35082],[-71.11378,42.35079],[-71.11364,42.35078],[-71.11322,42.35073],[-71.11151,42.35052],[-71.11128,42.3505],[-71.11111,42.35048],[-71.11094,42.35045],[-71.11092,42.35045],[-71.11089,42.35045],[-71.11088,42.35045],[-71.11083,42.35045],[-71.11075,42.35043],[-71.1105,42.3504],[-71.11042,42.35039],[-71.1103,42.35037],[-71.10995,42.35032],[-71.10983,42.35031],[-71.10975,42.3503],[-71.10957,42.35028],[-71.1095,42.35028],[-71.10942,42.35027],[-71.10931,42.35026],[-71.10899,42.35022],[-71.10888,42.3502],[-71.10849,42.35016],[-71.1073,42.35001],[-71.10691,42.34996],[-71.10683,42.34995],[-71.10664,42.34993],[-71.10657,42.34992],[-71.1067,42.34944],[-71.10679,42.34906],[-71.10683,42.3489],[-71.10685,42.34877],[-71.10689,42.3486],[-71.10673,42.34857],[-71.10639,42.3485],[-71.10621,42.34846],[-71.106,42.34841],[-71.10592,42.34829],[-71.1058,42.34805],[-71.10573,42.34791],[-71.10553,42.34755],[-71.10534,42.34716],[-71.10524,42.34696],[-71.10515,42.34689],[-71.1051,42.34677],[-71.10507,42.3467],[-71.10457,42.34684],[-71.10449,42.34686],[-71.10442,42.34688],[-71.10434,42.3469],[-71.10398,42.347],[-71.10384,42.34703],[-71.10377,42.34705],[-71.10335,42.34716],[-71.1033,42.34708],[-71.10311,42.34671],[-71.10288,42.34626],[-71.10282,42.3462],[-71.10219,42.34653],[-71.10209,42.34658],[-71.10133,42.34697],[-71.10125,42.34701],[-71.10091,42.34714],[-71.10025,42.34738],[-71.09997,42.34748],[-71.09991,42.34754],[-71.0998,42.34766]]]}},{"type":"Feature","properties":{"id":"2103","ward":21,"precinct":3},"geometry":{"type":"Polygon","coordinates":[[[-71.12073,42.35462],[-71.12164,42.35475],[-71.12285,42.35493],[-71.1241,42.3551],[-71.12478,42.3552],[-71.12509,42.35524],[-71.12515,42.35495],[-71.12501,42.35493],[-71.12518,42.35437],[-71.12474,42.35431],[-71.1248,42.35402],[-71.12495,42.35336],[-71.12575,42.35346],[-71.12756,42.35369],[-71.1278,42.35372],[-71.12803,42.35373],[-71.12834,42.35261],[-71.12939,42.35274],[-71.12951,42.35276],[-71.1293,42.35263],[-71.1298,42.35076],[-71.13002,42.35078],[-71.13021,42.35076],[-71.13047,42.35072],[-71.13067,42.35067],[-71.13087,42.3506],[-71.13107,42.35051],[-71.13104,42.35043],[-71.13102,42.35041],[-71.13098,42.35034],[-71.13094,42.35027],[-71.13087,42.35014],[-71.13067,42.34987],[-71.13037,42.34954],[-71.13007,42.34926],[-71.13003,42.34923],[-71.1299,42.34907],[-71.12975,42.34886],[-71.12928,42.34908],[-71.12915,42.34925],[-71.129,42.34938],[-71.12878,42.34957],[-71.12858,42.3497],[-71.12858,42.34984],[-71.12794,42.34994],[-71.12767,42.34998],[-71.12751,42.35],[-71.12748,42.35001],[-71.12685,42.3501],[-71.12622,42.35042],[-71.12589,42.35059],[-71.12553,42.3508],[-71.12476,42.35124],[-71.1247,42.35127],[-71.12464,42.3513],[-71.12456,42.35134],[-71.12445,42.3514],[-71.12413,42.35153],[-71.12407,42.35156],[-71.12399,42.35155],[-71.12352,42.35149],[-71.12294,42.35142],[-71.12286,42.35187],[-71.12243,42.35182],[-71.1224,42.35182],[-71.12228,42.3518],[-71.12224,42.3518],[-71.12223,42.3518],[-71.12218,42.35179],[-71.12153,42.35171],[-71.12131,42.35168],[-71.12128,42.35179],[-71.12126,42.35188],[-71.12111,42.35254],[-71.12104,42.3529],[-71.12099,42.35311],[-71.12083,42.35383],[-71.12069,42.35449],[-71.12073,42.35462]]]}},{"type":"Feature","properties":{"id":"2104","ward":21,"precinct":4},"geometry":{"type":"Polygon","coordinates":[[[-71.1314,42.35611],[-71.13222,42.35579],[-71.1324,42.35572],[-71.13277,42.35555],[-71.13328,42.35532],[-71.13359,42.35518],[-71.13401,42.355],[-71.1344,42.35484],[-71.1345,42.3548],[-71.13508,42.35455],[-71.13572,42.35428],[-71.13602,42.35415],[-71.13628,42.35405],[-71.13668,42.35387],[-71.13675,42.35385],[-71.13708,42.35372],[-71.13734,42.3536],[-71.13693,42.35358],[-71.13683,42.35358],[-71.13667,42.35356],[-71.1358,42.35351],[-71.1355,42.35347],[-71.13539,42.35346],[-71.13456,42.35336],[-71.13445,42.35335],[-71.134,42.35329],[-71.13364,42.35325],[-71.13318,42.35319],[-71.13312,42.35318],[-71.13211,42.35307],[-71.13128,42.35296],[-71.13017,42.35284],[-71.12951,42.35276],[-71.12939,42.35274],[-71.12834,42.35261],[-71.12803,42.35373],[-71.1278,42.35372],[-71.12756,42.35369],[-71.12575,42.35346],[-71.12495,42.35336],[-71.1248,42.35402],[-71.12474,42.35431],[-71.12518,42.35437],[-71.12501,42.35493],[-71.12515,42.35495],[-71.12509,42.35524],[-71.12616,42.3554],[-71.12727,42.35556],[-71.12841,42.35571],[-71.12991,42.35593],[-71.13027,42.35597],[-71.13119,42.3561],[-71.1314,42.35611]]]}},{"type":"Feature","properties":{"id":"2105","ward":21,"precinct":5},"geometry":{"type":"Polygon","coordinates":[[[-71.13201,42.34778],[-71.13128,42.34813],[-71.13107,42.34822],[-71.13076,42.34838],[-71.13053,42.34848],[-71.13014,42.34867],[-71.12975,42.34886],[-71.1299,42.34907],[-71.13003,42.34923],[-71.13007,42.34926],[-71.13037,42.34954],[-71.13067,42.34987],[-71.13087,42.35014],[-71.13094,42.35027],[-71.13098,42.35034],[-71.13102,42.35041],[-71.13104,42.35043],[-71.13107,42.35051],[-71.13087,42.3506],[-71.13067,42.35067],[-71.13047,42.35072],[-71.13021,42.35076],[-71.13002,42.35078],[-71.1298,42.35076],[-71.1293,42.35263],[-71.12951,42.35276],[-71.13017,42.35284],[-71.13128,42.35296],[-71.13211,42.35307],[-71.13312,42.35318],[-71.13318,42.35319],[-71.13364,42.35325],[-71.134,42.35329],[-71.13403,42.35321],[-71.13416,42.35219],[-71.13416,42.35212],[-71.13413,42.35204],[-71.13389,42.35138],[-71.13372,42.35091],[-71.13364,42.35076],[-71.13335,42.35042],[-71.13325,42.35032],[-71.13349,42.35019],[-71.13299,42.34957],[-71.13353,42.34932],[-71.1339,42.34915],[-71.13439,42.3489],[-71.13487,42.34868],[-71.13524,42.3485],[-71.13521,42.34843],[-71.13517,42.34837],[-71.13513,42.3483],[-71.13504,42.34817],[-71.13475,42.34793],[-71.134,42.34727],[-71.13368,42.34747],[-71.13348,42.34756],[-71.13325,42.34768],[-71.13293,42.34782],[-71.13225,42.34816],[-71.13225,42.34809],[-71.13222,42.34802],[-71.13211,42.3479],[-71.13201,42.34778]]]}},{"type":"Feature","properties":{"id":"2106","ward":21,"precinct":6},"geometry":{"type":"Polygon","coordinates":[[[-71.14418,42.3549],[-71.14434,42.3546],[-71.14464,42.35407],[-71.1448,42.35376],[-71.14506,42.35333],[-71.14527,42.35291],[-71.14553,42.35248],[-71.14577,42.35205],[-71.14584,42.35193],[-71.14603,42.3516],[-71.14609,42.35145],[-71.14609,42.35137],[-71.14609,42.35128],[-71.14603,42.35119],[-71.14589,42.35105],[-71.14561,42.35079],[-71.14496,42.35108],[-71.14455,42.35126],[-71.14429,42.35135],[-71.14416,42.35139],[-71.14398,42.35144],[-71.14315,42.35161],[-71.143,42.35164],[-71.14289,42.3513],[-71.14283,42.3511],[-71.1421,42.35121],[-71.14138,42.3513],[-71.14008,42.35149],[-71.1401,42.35165],[-71.13991,42.35147],[-71.13977,42.35141],[-71.13956,42.35135],[-71.13931,42.3513],[-71.13915,42.35128],[-71.139,42.35129],[-71.1388,42.35132],[-71.13836,42.35148],[-71.13861,42.35205],[-71.1387,42.35228],[-71.13801,42.35241],[-71.13723,42.35254],[-71.13703,42.35187],[-71.13689,42.35183],[-71.13654,42.35138],[-71.13568,42.35174],[-71.13555,42.35184],[-71.13564,42.3517],[-71.13571,42.35159],[-71.13464,42.35124],[-71.13476,42.35103],[-71.13467,42.35101],[-71.13391,42.35081],[-71.13364,42.35076],[-71.13372,42.35091],[-71.13389,42.35138],[-71.13413,42.35204],[-71.13416,42.35212],[-71.13416,42.35219],[-71.13403,42.35321],[-71.134,42.35329],[-71.13445,42.35335],[-71.13456,42.35336],[-71.13539,42.35346],[-71.1355,42.35347],[-71.1358,42.35351],[-71.13667,42.35356],[-71.13683,42.35358],[-71.13693,42.35358],[-71.13734,42.3536],[-71.13745,42.3536],[-71.13763,42.35362],[-71.13809,42.35368],[-71.13907,42.3538],[-71.13962,42.35388],[-71.13993,42.35391],[-71.14052,42.35398],[-71.14068,42.35401],[-71.14166,42.35427],[-71.14237,42.35445],[-71.14258,42.3545],[-71.14335,42.35469],[-71.1438,42.35481],[-71.14418,42.3549]]]}},{"type":"Feature","properties":{"id":"2107","ward":21,"precinct":7},"geometry":{"type":"Polygon","coordinates":[[[-71.13524,42.3485],[-71.13487,42.34868],[-71.13439,42.3489],[-71.1339,42.34915],[-71.13353,42.34932],[-71.13299,42.34957],[-71.13349,42.35019],[-71.13325,42.35032],[-71.13335,42.35042],[-71.13364,42.35076],[-71.13391,42.35081],[-71.13467,42.35101],[-71.13476,42.35103],[-71.13464,42.35124],[-71.13571,42.35159],[-71.13564,42.3517],[-71.13555,42.35184],[-71.13568,42.35174],[-71.13654,42.35138],[-71.13689,42.35183],[-71.13703,42.35187],[-71.13723,42.35254],[-71.13801,42.35241],[-71.1387,42.35228],[-71.13861,42.35205],[-71.13836,42.35148],[-71.1388,42.35132],[-71.139,42.35129],[-71.13915,42.35128],[-71.13931,42.3513],[-71.13956,42.35135],[-71.13977,42.35141],[-71.13991,42.35147],[-71.1401,42.35165],[-71.14008,42.35149],[-71.14007,42.35034],[-71.13996,42.34947],[-71.13993,42.34933],[-71.13973,42.34899],[-71.13963,42.34901],[-71.13927,42.34905],[-71.13908,42.34906],[-71.1389,42.34904],[-71.13858,42.34898],[-71.13841,42.34893],[-71.13827,42.34889],[-71.13758,42.34866],[-71.13723,42.34854],[-71.1368,42.3484],[-71.13659,42.34835],[-71.13651,42.34834],[-71.13638,42.34832],[-71.13621,42.34831],[-71.136,42.34831],[-71.13574,42.34834],[-71.13552,42.3484],[-71.13531,42.34846],[-71.13524,42.3485]]]}},{"type":"Feature","properties":{"id":"2108","ward":21,"precinct":8},"geometry":{"type":"Polygon","coordinates":[[[-71.13201,42.34778],[-71.13211,42.3479],[-71.13222,42.34802],[-71.13225,42.34809],[-71.13225,42.34816],[-71.13293,42.34782],[-71.13325,42.34768],[-71.13348,42.34756],[-71.13368,42.34747],[-71.134,42.34727],[-71.13475,42.34793],[-71.13504,42.34817],[-71.13513,42.3483],[-71.13517,42.34837],[-71.13521,42.34843],[-71.13524,42.3485],[-71.13531,42.34846],[-71.13552,42.3484],[-71.13574,42.34834],[-71.136,42.34831],[-71.13621,42.34831],[-71.13638,42.34832],[-71.13651,42.34834],[-71.13659,42.34835],[-71.1368,42.3484],[-71.13723,42.34854],[-71.13758,42.34866],[-71.1376,42.34861],[-71.13761,42.3486],[-71.13767,42.34852],[-71.13772,42.34845],[-71.13778,42.34835],[-71.13801,42.34795],[-71.13823,42.3476],[-71.13855,42.34706],[-71.13864,42.34689],[-71.13877,42.34664],[-71.13893,42.34638],[-71.13907,42.34613],[-71.13922,42.34589],[-71.13942,42.34557],[-71.13948,42.34546],[-71.13958,42.34533],[-71.13967,42.34522],[-71.1398,42.3451],[-71.13955,42.34495],[-71.13905,42.34462],[-71.13839,42.34423],[-71.13825,42.34413],[-71.13782,42.34388],[-71.13736,42.34427],[-71.13711,42.34447],[-71.13676,42.34475],[-71.13599,42.34537],[-71.13546,42.3458],[-71.13528,42.34595],[-71.13516,42.34603],[-71.13425,42.34659],[-71.13338,42.34713],[-71.13201,42.34778]]]}},{"type":"Feature","properties":{"id":"2109","ward":21,"precinct":9},"geometry":{"type":"Polygon","coordinates":[[[-71.13758,42.34866],[-71.13827,42.34889],[-71.13841,42.34893],[-71.13858,42.34898],[-71.1389,42.34904],[-71.13908,42.34906],[-71.13927,42.34905],[-71.13963,42.34901],[-71.13973,42.34899],[-71.13993,42.34933],[-71.13996,42.34947],[-71.14007,42.35034],[-71.14008,42.35149],[-71.14138,42.3513],[-71.1421,42.35121],[-71.14283,42.3511],[-71.14289,42.3513],[-71.143,42.35164],[-71.14315,42.35161],[-71.14398,42.35144],[-71.14416,42.35139],[-71.14429,42.35135],[-71.14455,42.35126],[-71.14496,42.35108],[-71.14561,42.35079],[-71.14651,42.35043],[-71.14708,42.35017],[-71.14739,42.35006],[-71.14803,42.34981],[-71.14816,42.34977],[-71.14862,42.34959],[-71.14898,42.34942],[-71.14934,42.34925],[-71.14953,42.34919],[-71.14994,42.34904],[-71.15015,42.34899],[-71.15036,42.34898],[-71.15027,42.34878],[-71.14996,42.34842],[-71.14976,42.34819],[-71.14937,42.34776],[-71.14905,42.34747],[-71.14865,42.34721],[-71.14834,42.34703],[-71.14804,42.34687],[-71.14774,42.34676],[-71.14732,42.34659],[-71.14651,42.34626],[-71.14635,42.34618],[-71.14624,42.34611],[-71.1461,42.34599],[-71.14586,42.34576],[-71.14566,42.34553],[-71.14556,42.34542],[-71.14505,42.34577],[-71.14485,42.3459],[-71.14463,42.34604],[-71.14452,42.34613],[-71.14442,42.3462],[-71.14436,42.34623],[-71.14428,42.34625],[-71.1442,42.34625],[-71.14409,42.34622],[-71.14401,42.34617],[-71.14391,42.34603],[-71.14383,42.34594],[-71.14364,42.34578],[-71.14351,42.34569],[-71.14326,42.3455],[-71.14307,42.34538],[-71.14292,42.34531],[-71.14271,42.34522],[-71.14231,42.34508],[-71.14209,42.34545],[-71.14173,42.34598],[-71.1417,42.34603],[-71.14145,42.34594],[-71.14136,42.3459],[-71.14124,42.34586],[-71.1412,42.34584],[-71.14075,42.34564],[-71.14052,42.34553],[-71.14017,42.34533],[-71.1398,42.3451],[-71.13967,42.34522],[-71.13958,42.34533],[-71.13948,42.34546],[-71.13942,42.34557],[-71.13922,42.34589],[-71.13907,42.34613],[-71.13893,42.34638],[-71.13877,42.34664],[-71.13864,42.34689],[-71.13855,42.34706],[-71.13823,42.3476],[-71.13801,42.34795],[-71.13778,42.34835],[-71.13772,42.34845],[-71.13767,42.34852],[-71.13761,42.3486],[-71.1376,42.34861],[-71.13758,42.34866]]]}},{"type":"Feature","properties":{"id":"2110","ward":21,"precinct":10},"geometry":{"type":"Polygon","coordinates":[[[-71.1398,42.3451],[-71.14017,42.34533],[-71.14052,42.34553],[-71.14075,42.34564],[-71.1412,42.34584],[-71.14124,42.34586],[-71.14136,42.3459],[-71.14145,42.34594],[-71.1417,42.34603],[-71.14173,42.34598],[-71.14209,42.34545],[-71.14231,42.34508],[-71.14271,42.34522],[-71.14292,42.34531],[-71.14307,42.34538],[-71.14326,42.3455],[-71.14351,42.34569],[-71.14364,42.34578],[-71.14383,42.34594],[-71.14391,42.34603],[-71.14401,42.34617],[-71.14409,42.34622],[-71.1442,42.34625],[-71.14428,42.34625],[-71.14436,42.34623],[-71.14442,42.3462],[-71.14452,42.34613],[-71.14463,42.34604],[-71.14485,42.3459],[-71.14505,42.34577],[-71.14556,42.34542],[-71.14534,42.34521],[-71.14505,42.34497],[-71.14454,42.34463],[-71.14469,42.34449],[-71.14489,42.34432],[-71.14512,42.34413],[-71.14471,42.34386],[-71.14443,42.34369],[-71.14409,42.34349],[-71.14359,42.34323],[-71.14343,42.34346],[-71.14311,42.34389],[-71.14296,42.3438],[-71.14284,42.34373],[-71.14274,42.34368],[-71.14268,42.34364],[-71.14231,42.34342],[-71.14211,42.3433],[-71.14192,42.3432],[-71.14152,42.34296],[-71.14101,42.34268],[-71.14066,42.34251],[-71.14043,42.3424],[-71.13998,42.34215],[-71.1389,42.34302],[-71.13881,42.3431],[-71.13875,42.34314],[-71.13865,42.34322],[-71.1385,42.34335],[-71.13797,42.34378],[-71.13782,42.34388],[-71.13825,42.34413],[-71.13839,42.34423],[-71.13905,42.34462],[-71.13955,42.34495],[-71.1398,42.3451]]]}},{"type":"Feature","properties":{"id":"2111","ward":21,"precinct":11},"geometry":{"type":"Polygon","coordinates":[[[-71.14556,42.34542],[-71.14566,42.34553],[-71.14586,42.34576],[-71.1461,42.34599],[-71.14624,42.34611],[-71.14635,42.34618],[-71.14651,42.34626],[-71.14732,42.34659],[-71.14774,42.34676],[-71.14788,42.34656],[-71.14805,42.34633],[-71.14831,42.34588],[-71.14835,42.34582],[-71.14881,42.34522],[-71.14942,42.34536],[-71.15023,42.34556],[-71.15066,42.34567],[-71.15109,42.34502],[-71.15102,42.345],[-71.15059,42.3449],[-71.15032,42.3448],[-71.15016,42.3447],[-71.15004,42.34456],[-71.15003,42.34439],[-71.14998,42.34413],[-71.15001,42.34381],[-71.15002,42.34371],[-71.15008,42.34357],[-71.15015,42.34336],[-71.15015,42.34326],[-71.15013,42.34315],[-71.15004,42.34306],[-71.14997,42.34301],[-71.14979,42.34296],[-71.14955,42.34294],[-71.14936,42.34294],[-71.14953,42.34227],[-71.1494,42.34227],[-71.14917,42.34225],[-71.14904,42.34221],[-71.14892,42.34215],[-71.14881,42.34204],[-71.14863,42.34182],[-71.14807,42.34184],[-71.14763,42.34181],[-71.14731,42.34179],[-71.14701,42.34179],[-71.14674,42.3418],[-71.14646,42.34182],[-71.14612,42.34187],[-71.14592,42.34191],[-71.14548,42.34202],[-71.14512,42.34215],[-71.14473,42.34233],[-71.14436,42.34253],[-71.14407,42.34275],[-71.14382,42.34299],[-71.14366,42.34315],[-71.14359,42.34323],[-71.14409,42.34349],[-71.14443,42.34369],[-71.14471,42.34386],[-71.14512,42.34413],[-71.14489,42.34432],[-71.14469,42.34449],[-71.14454,42.34463],[-71.14505,42.34497],[-71.14534,42.34521],[-71.14556,42.34542]]]}},{"type":"Feature","properties":{"id":"2112","ward":21,"precinct":12},"geometry":{"type":"Polygon","coordinates":[[[-71.14622,42.33864],[-71.14616,42.33871],[-71.1458,42.33896],[-71.14556,42.33914],[-71.14528,42.33935],[-71.14478,42.33967],[-71.14469,42.33972],[-71.14466,42.33975],[-71.14421,42.34003],[-71.14263,42.34006],[-71.14251,42.34007],[-71.14249,42.34007],[-71.1424,42.34007],[-71.14234,42.34006],[-71.14194,42.34002],[-71.14175,42.3404],[-71.14162,42.34065],[-71.14145,42.34088],[-71.14135,42.34102],[-71.14133,42.34106],[-71.1413,42.34108],[-71.1411,42.34124],[-71.14071,42.34156],[-71.14007,42.3421],[-71.13998,42.34215],[-71.14043,42.3424],[-71.14066,42.34251],[-71.14101,42.34268],[-71.14152,42.34296],[-71.14192,42.3432],[-71.14211,42.3433],[-71.14231,42.34342],[-71.14268,42.34364],[-71.14274,42.34368],[-71.14284,42.34373],[-71.14296,42.3438],[-71.14311,42.34389],[-71.14343,42.34346],[-71.14359,42.34323],[-71.14366,42.34315],[-71.14382,42.34299],[-71.14407,42.34275],[-71.14436,42.34253],[-71.14473,42.34233],[-71.14512,42.34215],[-71.14548,42.34202],[-71.14592,42.34191],[-71.14587,42.34178],[-71.14583,42.34167],[-71.1458,42.34159],[-71.14578,42.34152],[-71.14596,42.34149],[-71.14631,42.34143],[-71.14686,42.34138],[-71.14689,42.34133],[-71.14698,42.3412],[-71.14733,42.34085],[-71.14757,42.34062],[-71.14739,42.34063],[-71.14729,42.34062],[-71.14714,42.34059],[-71.14702,42.34054],[-71.14689,42.34045],[-71.1468,42.34035],[-71.14674,42.34028],[-71.14689,42.34019],[-71.14698,42.34013],[-71.14707,42.34002],[-71.14711,42.3399],[-71.14715,42.33971],[-71.14714,42.33953],[-71.14711,42.3394],[-71.14705,42.33924],[-71.14694,42.33905],[-71.14684,42.33897],[-71.14674,42.3389],[-71.14666,42.33888],[-71.14654,42.33885],[-71.14636,42.33887],[-71.14625,42.33872],[-71.14622,42.33864]]]}},{"type":"Feature","properties":{"id":"2113","ward":21,"precinct":13},"geometry":{"type":"Polygon","coordinates":[[[-71.14757,42.34062],[-71.14733,42.34085],[-71.14698,42.3412],[-71.14689,42.34133],[-71.14686,42.34138],[-71.14631,42.34143],[-71.14596,42.34149],[-71.14578,42.34152],[-71.1458,42.34159],[-71.14583,42.34167],[-71.14587,42.34178],[-71.14592,42.34191],[-71.14612,42.34187],[-71.14646,42.34182],[-71.14674,42.3418],[-71.14701,42.34179],[-71.14731,42.34179],[-71.14763,42.34181],[-71.14807,42.34184],[-71.14863,42.34182],[-71.14881,42.34204],[-71.14892,42.34215],[-71.14904,42.34221],[-71.14917,42.34225],[-71.1494,42.34227],[-71.14953,42.34227],[-71.14936,42.34294],[-71.14955,42.34294],[-71.14979,42.34296],[-71.14997,42.34301],[-71.15004,42.34306],[-71.15013,42.34315],[-71.15015,42.34326],[-71.15015,42.34336],[-71.15008,42.34357],[-71.15002,42.34371],[-71.15001,42.34381],[-71.14998,42.34413],[-71.15003,42.34439],[-71.15004,42.34456],[-71.15016,42.3447],[-71.15032,42.3448],[-71.15059,42.3449],[-71.15102,42.345],[-71.15109,42.34502],[-71.15066,42.34567],[-71.15124,42.34582],[-71.15165,42.34592],[-71.15245,42.3461],[-71.15281,42.34616],[-71.15307,42.34616],[-71.15335,42.34665],[-71.15345,42.34679],[-71.15379,42.34726],[-71.15425,42.34656],[-71.15459,42.34604],[-71.15474,42.34583],[-71.15482,42.34569],[-71.15502,42.34539],[-71.15503,42.34538],[-71.15515,42.34524],[-71.15429,42.34496],[-71.15327,42.34466],[-71.15337,42.34451],[-71.15343,42.34432],[-71.15346,42.34415],[-71.15345,42.34396],[-71.15342,42.34382],[-71.15339,42.34349],[-71.15342,42.3433],[-71.15346,42.34319],[-71.15363,42.34294],[-71.15384,42.34259],[-71.1542,42.34207],[-71.15436,42.34185],[-71.15455,42.34157],[-71.15473,42.34121],[-71.15462,42.34124],[-71.15454,42.34123],[-71.15446,42.34121],[-71.15406,42.34099],[-71.15378,42.34086],[-71.15353,42.3408],[-71.15311,42.3407],[-71.15262,42.34064],[-71.1522,42.34063],[-71.15196,42.34061],[-71.15165,42.34054],[-71.15138,42.34043],[-71.15129,42.34037],[-71.15124,42.34033],[-71.15115,42.34028],[-71.15083,42.34009],[-71.15065,42.34003],[-71.1504,42.33995],[-71.15023,42.33989],[-71.15007,42.33981],[-71.1499,42.33967],[-71.14975,42.33956],[-71.14961,42.33948],[-71.14939,42.33942],[-71.14919,42.33937],[-71.14903,42.33935],[-71.14885,42.33937],[-71.1487,42.33955],[-71.14838,42.33991],[-71.14808,42.34018],[-71.14757,42.34062]]]}},{"type":"Feature","properties":{"id":"2114","ward":21,"precinct":14},"geometry":{"type":"Polygon","coordinates":[[[-71.14622,42.33864],[-71.14625,42.33872],[-71.14636,42.33887],[-71.14654,42.33885],[-71.14666,42.33888],[-71.14674,42.3389],[-71.14684,42.33897],[-71.14694,42.33905],[-71.14705,42.33924],[-71.14711,42.3394],[-71.14714,42.33953],[-71.14715,42.33971],[-71.14711,42.3399],[-71.14707,42.34002],[-71.14698,42.34013],[-71.14689,42.34019],[-71.14674,42.34028],[-71.1468,42.34035],[-71.14689,42.34045],[-71.14702,42.34054],[-71.14714,42.34059],[-71.14729,42.34062],[-71.14739,42.34063],[-71.14757,42.34062],[-71.14808,42.34018],[-71.14838,42.33991],[-71.1487,42.33955],[-71.14885,42.33937],[-71.14929,42.33864],[-71.14947,42.33829],[-71.14966,42.33799],[-71.14984,42.33767],[-71.15011,42.3372],[-71.15031,42.33685],[-71.1504,42.33667],[-71.15054,42.33641],[-71.1506,42.33626],[-71.15078,42.33601],[-71.15069,42.33585],[-71.15043,42.33556],[-71.15037,42.3355],[-71.15025,42.3354],[-71.1501,42.33529],[-71.15006,42.3354],[-71.14965,42.3355],[-71.1496,42.33551],[-71.14853,42.33576],[-71.1483,42.33582],[-71.14847,42.33624],[-71.14848,42.33626],[-71.14849,42.33628],[-71.14852,42.33634],[-71.14856,42.33643],[-71.14858,42.3365],[-71.14871,42.3368],[-71.14874,42.33687],[-71.14727,42.33721],[-71.14675,42.33732],[-71.14645,42.33739],[-71.14616,42.33745],[-71.14626,42.33778],[-71.14634,42.33804],[-71.14642,42.33811],[-71.14649,42.33817],[-71.14661,42.33855],[-71.14651,42.33856],[-71.14625,42.3386],[-71.14622,42.33864]]]}},{"type":"Feature","properties":{"id":"2115","ward":21,"precinct":15},"geometry":{"type":"Polygon","coordinates":[[[-71.14885,42.33937],[-71.14903,42.33935],[-71.14919,42.33937],[-71.14939,42.33942],[-71.14961,42.33948],[-71.14975,42.33956],[-71.1499,42.33967],[-71.15007,42.33981],[-71.15023,42.33989],[-71.1504,42.33995],[-71.15065,42.34003],[-71.15083,42.34009],[-71.15115,42.34028],[-71.15124,42.34033],[-71.15129,42.34037],[-71.15138,42.34043],[-71.15165,42.34054],[-71.15196,42.34061],[-71.1522,42.34063],[-71.15262,42.34064],[-71.15311,42.3407],[-71.15353,42.3408],[-71.15378,42.34086],[-71.15406,42.34099],[-71.15446,42.34121],[-71.15454,42.34123],[-71.15462,42.34124],[-71.15473,42.34121],[-71.15491,42.34098],[-71.15526,42.34044],[-71.15529,42.34035],[-71.15506,42.34039],[-71.15484,42.34038],[-71.15463,42.34032],[-71.15427,42.34017],[-71.15395,42.33998],[-71.15373,42.33977],[-71.15362,42.33961],[-71.15348,42.33942],[-71.15332,42.33926],[-71.15319,42.33916],[-71.15296,42.33903],[-71.15259,42.3389],[-71.15269,42.33872],[-71.15274,42.33865],[-71.15263,42.33862],[-71.15254,42.33859],[-71.15245,42.33857],[-71.15209,42.33847],[-71.15188,42.33843],[-71.15171,42.33842],[-71.15137,42.33842],[-71.15112,42.3384],[-71.15075,42.33832],[-71.15069,42.33828],[-71.15075,42.33804],[-71.15077,42.33787],[-71.15073,42.33765],[-71.15066,42.3375],[-71.15162,42.33731],[-71.15226,42.33719],[-71.15126,42.33635],[-71.1506,42.33626],[-71.15054,42.33641],[-71.1504,42.33667],[-71.15031,42.33685],[-71.15011,42.3372],[-71.14984,42.33767],[-71.14966,42.33799],[-71.14947,42.33829],[-71.14929,42.33864],[-71.14885,42.33937]]]}},{"type":"Feature","properties":{"id":"2116","ward":21,"precinct":16},"geometry":{"type":"Polygon","coordinates":[[[-71.1506,42.33626],[-71.15126,42.33635],[-71.15226,42.33719],[-71.15162,42.33731],[-71.15066,42.3375],[-71.15073,42.33765],[-71.15077,42.33787],[-71.15075,42.33804],[-71.15069,42.33828],[-71.15075,42.33832],[-71.15112,42.3384],[-71.15137,42.33842],[-71.15171,42.33842],[-71.15188,42.33843],[-71.15209,42.33847],[-71.15245,42.33857],[-71.15254,42.33859],[-71.15263,42.33862],[-71.15274,42.33865],[-71.15269,42.33872],[-71.15259,42.3389],[-71.15296,42.33903],[-71.15319,42.33916],[-71.15332,42.33926],[-71.15348,42.33942],[-71.15362,42.33961],[-71.15373,42.33977],[-71.15395,42.33998],[-71.15427,42.34017],[-71.15463,42.34032],[-71.15484,42.34038],[-71.15506,42.34039],[-71.15529,42.34035],[-71.15554,42.34027],[-71.15568,42.34025],[-71.15607,42.34017],[-71.15662,42.34003],[-71.15718,42.33988],[-71.15753,42.33979],[-71.15788,42.33974],[-71.15896,42.33996],[-71.15976,42.34007],[-71.16062,42.34014],[-71.16105,42.34015],[-71.16109,42.34015],[-71.16117,42.34016],[-71.16147,42.34017],[-71.16153,42.34017],[-71.16159,42.34017],[-71.16161,42.34017],[-71.16288,42.34021],[-71.16352,42.34022],[-71.16413,42.34023],[-71.16429,42.34023],[-71.16458,42.34023],[-71.1649,42.34022],[-71.16556,42.34017],[-71.16613,42.3401],[-71.16655,42.34005],[-71.16657,42.34004],[-71.1667,42.34002],[-71.16674,42.33986],[-71.16681,42.3393],[-71.1677,42.33897],[-71.16773,42.33896],[-71.16832,42.33875],[-71.16863,42.33864],[-71.16894,42.33846],[-71.16909,42.33825],[-71.16922,42.33808],[-71.16919,42.33789],[-71.16912,42.33738],[-71.16886,42.33631],[-71.16889,42.33583],[-71.16857,42.33515],[-71.16847,42.33509],[-71.16841,42.33503],[-71.16819,42.3348],[-71.16802,42.33443],[-71.16757,42.33345],[-71.16677,42.33354],[-71.16646,42.33357],[-71.16544,42.33368],[-71.16519,42.3337],[-71.16478,42.33376],[-71.16431,42.33381],[-71.16403,42.33384],[-71.16367,42.33388],[-71.16297,42.33396],[-71.16273,42.33397],[-71.16253,42.33397],[-71.1623,42.33397],[-71.1621,42.33395],[-71.16172,42.33389],[-71.1613,42.33379],[-71.16092,42.33365],[-71.16035,42.33337],[-71.16026,42.33333],[-71.16017,42.33328],[-71.15972,42.33304],[-71.15933,42.33278],[-71.15896,42.33243],[-71.15872,42.33217],[-71.15855,42.33199],[-71.15767,42.33107],[-71.15751,42.33089],[-71.15735,42.33072],[-71.15711,42.33047],[-71.15704,42.3304],[-71.15626,42.33086],[-71.15496,42.33162],[-71.14985,42.33464],[-71.14996,42.3347],[-71.15046,42.33498],[-71.15013,42.33522],[-71.1501,42.33529],[-71.15025,42.3354],[-71.15037,42.3355],[-71.15043,42.33556],[-71.15069,42.33585],[-71.15078,42.33601],[-71.1506,42.33626]]]}},{"type":"Feature","properties":{"id":"2201","ward":22,"precinct":1},"geometry":{"type":"Polygon","coordinates":[[[-71.1169,42.35551],[-71.11707,42.35587],[-71.11708,42.35599],[-71.11711,42.35638],[-71.11717,42.35701],[-71.11707,42.35755],[-71.11698,42.35783],[-71.11673,42.35854],[-71.11668,42.35874],[-71.11665,42.35885],[-71.1166,42.35919],[-71.11658,42.35958],[-71.11661,42.36009],[-71.1167,42.36119],[-71.1167,42.36126],[-71.11684,42.36276],[-71.11694,42.36369],[-71.11692,42.36425],[-71.11689,42.36531],[-71.11687,42.36589],[-71.11697,42.36666],[-71.11708,42.36704],[-71.11715,42.36719],[-71.11723,42.36738],[-71.11754,42.36788],[-71.11769,42.36815],[-71.11793,42.36839],[-71.11819,42.36854],[-71.11844,42.36862],[-71.11852,42.36865],[-71.11896,42.36877],[-71.11955,42.36885],[-71.12009,42.36883],[-71.12076,42.36879],[-71.12126,42.36875],[-71.12146,42.36874],[-71.12159,42.36872],[-71.12204,42.36871],[-71.12248,42.36877],[-71.12311,42.36891],[-71.1232,42.36895],[-71.12332,42.36899],[-71.12334,42.36899],[-71.1234,42.36901],[-71.12383,42.36917],[-71.12417,42.36934],[-71.12445,42.36952],[-71.1245,42.36957],[-71.12454,42.36962],[-71.12458,42.36964],[-71.12459,42.36966],[-71.1246,42.36968],[-71.12461,42.3697],[-71.12465,42.36977],[-71.12472,42.36986],[-71.1249,42.37011],[-71.12499,42.37025],[-71.12505,42.37035],[-71.12511,42.37046],[-71.12518,42.37056],[-71.12521,42.37062],[-71.12525,42.37068],[-71.12529,42.37076],[-71.12536,42.37088],[-71.12539,42.37094],[-71.12541,42.37097],[-71.12542,42.371],[-71.12546,42.37106],[-71.12553,42.3712],[-71.12602,42.37196],[-71.12647,42.37239],[-71.12669,42.37258],[-71.12701,42.37285],[-71.12728,42.37303],[-71.12763,42.37327],[-71.12792,42.37344],[-71.1282,42.37358],[-71.12863,42.37375],[-71.12895,42.37384],[-71.12963,42.37395],[-71.13017,42.37397],[-71.13064,42.37393],[-71.13069,42.37393],[-71.131,42.3739],[-71.13115,42.37388],[-71.13153,42.37381],[-71.13207,42.3736],[-71.13246,42.37339],[-71.13272,42.37321],[-71.13296,42.37295],[-71.1331,42.37271],[-71.13315,42.37257],[-71.13316,42.37246],[-71.13318,42.37235],[-71.13314,42.37217],[-71.13309,42.37198],[-71.13304,42.37192],[-71.13302,42.37183],[-71.13298,42.37177],[-71.13291,42.37169],[-71.13287,42.37165],[-71.13278,42.37155],[-71.13232,42.37114],[-71.13221,42.37102],[-71.13206,42.37083],[-71.13194,42.3706],[-71.13185,42.3704],[-71.13179,42.37011],[-71.13178,42.37001],[-71.13176,42.36987],[-71.13177,42.3698],[-71.13179,42.36969],[-71.13187,42.36951],[-71.13197,42.36934],[-71.13212,42.36915],[-71.13237,42.3689],[-71.13294,42.3685],[-71.13344,42.36816],[-71.1338,42.36795],[-71.13417,42.36777],[-71.13472,42.36758],[-71.13507,42.36749],[-71.13522,42.36744],[-71.13535,42.3674],[-71.13551,42.36735],[-71.13559,42.36732],[-71.13572,42.36728],[-71.13581,42.36724],[-71.13595,42.36715],[-71.13616,42.36701],[-71.1363,42.36692],[-71.13623,42.36664],[-71.13581,42.36568],[-71.13555,42.36508],[-71.13557,42.36503],[-71.13555,42.36494],[-71.13545,42.36486],[-71.1354,42.36475],[-71.1354,42.36457],[-71.13536,42.36411],[-71.13535,42.36407],[-71.13532,42.36351],[-71.13531,42.36331],[-71.13533,42.36318],[-71.13456,42.36329],[-71.13429,42.36333],[-71.13381,42.36339],[-71.13359,42.3634],[-71.13334,42.3634],[-71.13309,42.36339],[-71.13265,42.36334],[-71.13221,42.36325],[-71.13179,42.36317],[-71.13152,42.3631],[-71.13142,42.36306],[-71.13092,42.3629],[-71.13037,42.36271],[-71.13022,42.3627],[-71.1303,42.36252],[-71.13036,42.36236],[-71.13041,42.36213],[-71.13042,42.36197],[-71.13058,42.36199],[-71.13074,42.36186],[-71.13137,42.36132],[-71.13157,42.36117],[-71.13198,42.36081],[-71.1324,42.36048],[-71.13281,42.36012],[-71.13291,42.35999],[-71.13298,42.35989],[-71.13307,42.35973],[-71.13311,42.35961],[-71.13316,42.3594],[-71.13316,42.35923],[-71.13311,42.35895],[-71.13308,42.35856],[-71.13248,42.35858],[-71.13224,42.35859],[-71.13217,42.35861],[-71.13204,42.35865],[-71.13184,42.35874],[-71.13162,42.35881],[-71.13149,42.3586],[-71.13127,42.35873],[-71.13099,42.35893],[-71.13083,42.35903],[-71.1308,42.35892],[-71.13073,42.35876],[-71.13065,42.35856],[-71.13051,42.35833],[-71.13028,42.35806],[-71.1302,42.35797],[-71.13014,42.35781],[-71.13006,42.35764],[-71.12991,42.35741],[-71.12968,42.35709],[-71.12971,42.35678],[-71.12972,42.35666],[-71.13023,42.35649],[-71.13074,42.35637],[-71.1308,42.35634],[-71.13128,42.35617],[-71.1314,42.35611],[-71.13119,42.3561],[-71.13027,42.35597],[-71.12991,42.35593],[-71.12841,42.35571],[-71.12727,42.35556],[-71.12616,42.3554],[-71.12509,42.35524],[-71.12478,42.3552],[-71.1241,42.3551],[-71.12285,42.35493],[-71.12164,42.35475],[-71.12073,42.35462],[-71.12002,42.35473],[-71.11949,42.35476],[-71.11909,42.35489],[-71.11856,42.35501],[-71.1185,42.35502],[-71.11834,42.35505],[-71.1183,42.35506],[-71.11824,42.35508],[-71.11813,42.3551],[-71.11804,42.35512],[-71.11781,42.35517],[-71.1171,42.3556],[-71.11698,42.35554],[-71.1169,42.35551]]]}},{"type":"Feature","properties":{"id":"2202","ward":22,"precinct":2},"geometry":{"type":"Polygon","coordinates":[[[-71.13907,42.3538],[-71.13809,42.35368],[-71.13763,42.35362],[-71.13745,42.3536],[-71.13734,42.3536],[-71.13708,42.35372],[-71.13675,42.35385],[-71.13668,42.35387],[-71.13628,42.35405],[-71.13602,42.35415],[-71.13572,42.35428],[-71.13508,42.35455],[-71.1345,42.3548],[-71.1344,42.35484],[-71.13401,42.355],[-71.13359,42.35518],[-71.13328,42.35532],[-71.13277,42.35555],[-71.1324,42.35572],[-71.13222,42.35579],[-71.1314,42.35611],[-71.13128,42.35617],[-71.1308,42.35634],[-71.13074,42.35637],[-71.13023,42.35649],[-71.12972,42.35666],[-71.12971,42.35678],[-71.12968,42.35709],[-71.12991,42.35741],[-71.13006,42.35764],[-71.13014,42.35781],[-71.1302,42.35797],[-71.13028,42.35806],[-71.13051,42.35833],[-71.13065,42.35856],[-71.13073,42.35876],[-71.1308,42.35892],[-71.13083,42.35903],[-71.13099,42.35893],[-71.13127,42.35873],[-71.13149,42.3586],[-71.13162,42.35881],[-71.13184,42.35874],[-71.13204,42.35865],[-71.13217,42.35861],[-71.13224,42.35859],[-71.13248,42.35858],[-71.13308,42.35856],[-71.13311,42.35895],[-71.13316,42.35923],[-71.13316,42.3594],[-71.13311,42.35961],[-71.13307,42.35973],[-71.13298,42.35989],[-71.13291,42.35999],[-71.13281,42.36012],[-71.1324,42.36048],[-71.13198,42.36081],[-71.13157,42.36117],[-71.13137,42.36132],[-71.13074,42.36186],[-71.13058,42.36199],[-71.13042,42.36197],[-71.13041,42.36213],[-71.13036,42.36236],[-71.1303,42.36252],[-71.13022,42.3627],[-71.13037,42.36271],[-71.13092,42.3629],[-71.13142,42.36306],[-71.13152,42.3631],[-71.13179,42.36317],[-71.13221,42.36325],[-71.13265,42.36334],[-71.13309,42.36339],[-71.13334,42.3634],[-71.13359,42.3634],[-71.13381,42.36339],[-71.13429,42.36333],[-71.13456,42.36329],[-71.13533,42.36318],[-71.13641,42.36303],[-71.13737,42.36292],[-71.1377,42.36288],[-71.13847,42.36279],[-71.13841,42.36225],[-71.13849,42.36212],[-71.13861,42.36193],[-71.13898,42.36132],[-71.13899,42.36126],[-71.13924,42.36081],[-71.13956,42.36023],[-71.13974,42.35991],[-71.13987,42.35967],[-71.14012,42.35925],[-71.14018,42.35911],[-71.14046,42.35855],[-71.14078,42.35799],[-71.13988,42.35787],[-71.13847,42.35768],[-71.13803,42.35762],[-71.13798,42.35762],[-71.13808,42.35743],[-71.13814,42.35729],[-71.13819,42.35714],[-71.1382,42.3571],[-71.13831,42.3568],[-71.13833,42.35676],[-71.13835,42.35662],[-71.13836,42.35657],[-71.13842,42.35632],[-71.1385,42.35606],[-71.1386,42.35567],[-71.13863,42.35545],[-71.13862,42.35535],[-71.13861,42.35527],[-71.13861,42.35518],[-71.13863,42.35507],[-71.13882,42.35456],[-71.13907,42.3538]]]}},{"type":"Feature","properties":{"id":"2203","ward":22,"precinct":3},"geometry":{"type":"Polygon","coordinates":[[[-71.14708,42.35017],[-71.1475,42.35026],[-71.14786,42.35035],[-71.14736,42.3512],[-71.14728,42.35136],[-71.14714,42.35158],[-71.14674,42.3523],[-71.14726,42.35244],[-71.1481,42.35265],[-71.14864,42.35279],[-71.14928,42.35295],[-71.15039,42.35325],[-71.15088,42.35336],[-71.15113,42.35291],[-71.15137,42.35256],[-71.15172,42.35195],[-71.15192,42.35165],[-71.1521,42.35135],[-71.15238,42.35091],[-71.15327,42.35114],[-71.15403,42.35138],[-71.15386,42.35165],[-71.15357,42.35216],[-71.15443,42.3524],[-71.1548,42.35187],[-71.15494,42.35161],[-71.15502,42.35143],[-71.1553,42.3506],[-71.15592,42.35072],[-71.15692,42.3509],[-71.15697,42.35042],[-71.15698,42.35031],[-71.15705,42.3495],[-71.15708,42.34923],[-71.15708,42.3491],[-71.15648,42.34911],[-71.15575,42.34912],[-71.15522,42.34913],[-71.15472,42.34914],[-71.15499,42.34851],[-71.15512,42.34817],[-71.15514,42.34807],[-71.15523,42.34782],[-71.15508,42.34778],[-71.15439,42.34761],[-71.1541,42.34755],[-71.15395,42.34756],[-71.15379,42.34726],[-71.15345,42.34679],[-71.15335,42.34665],[-71.15307,42.34616],[-71.15281,42.34616],[-71.15245,42.3461],[-71.15165,42.34592],[-71.15124,42.34582],[-71.15066,42.34567],[-71.15023,42.34556],[-71.14942,42.34536],[-71.14881,42.34522],[-71.14835,42.34582],[-71.14831,42.34588],[-71.14805,42.34633],[-71.14788,42.34656],[-71.14774,42.34676],[-71.14804,42.34687],[-71.14834,42.34703],[-71.14865,42.34721],[-71.14905,42.34747],[-71.14937,42.34776],[-71.14976,42.34819],[-71.14996,42.34842],[-71.15027,42.34878],[-71.15036,42.34898],[-71.15015,42.34899],[-71.14994,42.34904],[-71.14953,42.34919],[-71.14934,42.34925],[-71.14898,42.34942],[-71.14862,42.34959],[-71.14816,42.34977],[-71.14803,42.34981],[-71.14739,42.35006],[-71.14708,42.35017]]]}},{"type":"Feature","properties":{"id":"2204","ward":22,"precinct":4},"geometry":{"type":"Polygon","coordinates":[[[-71.1719,42.34666],[-71.17162,42.34669],[-71.17092,42.34676],[-71.17058,42.34679],[-71.17027,42.34681],[-71.16999,42.34682],[-71.16934,42.34677],[-71.16865,42.34672],[-71.16766,42.34665],[-71.16729,42.34662],[-71.16696,42.34659],[-71.16665,42.34656],[-71.16488,42.34643],[-71.16516,42.34656],[-71.16646,42.34697],[-71.16622,42.34734],[-71.16614,42.3475],[-71.16598,42.34784],[-71.16581,42.34806],[-71.1658,42.34808],[-71.16567,42.34824],[-71.16526,42.34853],[-71.16531,42.34855],[-71.1657,42.34867],[-71.1666,42.34893],[-71.16737,42.34913],[-71.16831,42.34939],[-71.16851,42.34947],[-71.16837,42.34956],[-71.16798,42.34984],[-71.16779,42.35],[-71.16775,42.35011],[-71.16773,42.35024],[-71.16761,42.35061],[-71.16776,42.35063],[-71.16788,42.35066],[-71.16811,42.35067],[-71.16825,42.35067],[-71.16843,42.35067],[-71.16871,42.35086],[-71.16896,42.35102],[-71.16909,42.35108],[-71.16925,42.35115],[-71.16979,42.35135],[-71.16997,42.35142],[-71.1703,42.35156],[-71.17086,42.35184],[-71.17175,42.35229],[-71.17261,42.35271],[-71.17352,42.35319],[-71.17387,42.35337],[-71.17391,42.35339],[-71.17394,42.35341],[-71.174,42.3532],[-71.17403,42.35309],[-71.17413,42.35275],[-71.17426,42.35232],[-71.1743,42.35217],[-71.17438,42.35193],[-71.1744,42.35184],[-71.17444,42.35173],[-71.17446,42.35164],[-71.17457,42.35127],[-71.17463,42.35109],[-71.17464,42.35104],[-71.17471,42.35083],[-71.17475,42.35067],[-71.1748,42.35052],[-71.17485,42.35035],[-71.1748,42.35029],[-71.1748,42.35027],[-71.17471,42.35016],[-71.17427,42.34959],[-71.17342,42.34854],[-71.17317,42.34822],[-71.17232,42.34718],[-71.1719,42.34666]]]}},{"type":"Feature","properties":{"id":"2205","ward":22,"precinct":5},"geometry":{"type":"Polygon","coordinates":[[[-71.14717,42.36176],[-71.14703,42.36175],[-71.14695,42.36174],[-71.14693,42.36174],[-71.14651,42.3617],[-71.14622,42.36167],[-71.14617,42.36167],[-71.14613,42.36166],[-71.14605,42.36165],[-71.14602,42.36165],[-71.14583,42.36163],[-71.14571,42.36162],[-71.14589,42.36151],[-71.14578,42.3615],[-71.14617,42.36088],[-71.14625,42.36074],[-71.14647,42.36039],[-71.14695,42.35964],[-71.14711,42.35937],[-71.1474,42.35886],[-71.1476,42.35888],[-71.14758,42.35863],[-71.14775,42.35841],[-71.14786,42.35824],[-71.1479,42.35813],[-71.14791,42.35811],[-71.14798,42.35802],[-71.1483,42.35742],[-71.14857,42.357],[-71.14908,42.35616],[-71.14841,42.35599],[-71.14839,42.35598],[-71.14799,42.35587],[-71.14754,42.35576],[-71.14659,42.35553],[-71.14632,42.35545],[-71.14612,42.3554],[-71.1459,42.35535],[-71.14562,42.35528],[-71.14516,42.35516],[-71.14418,42.3549],[-71.1438,42.35481],[-71.14335,42.35469],[-71.14258,42.3545],[-71.14237,42.35445],[-71.14166,42.35427],[-71.14068,42.35401],[-71.14052,42.35398],[-71.13993,42.35391],[-71.13962,42.35388],[-71.13907,42.3538],[-71.13882,42.35456],[-71.13863,42.35507],[-71.13861,42.35518],[-71.13861,42.35527],[-71.13862,42.35535],[-71.13863,42.35545],[-71.1386,42.35567],[-71.1385,42.35606],[-71.13842,42.35632],[-71.13836,42.35657],[-71.13835,42.35662],[-71.13833,42.35676],[-71.13831,42.3568],[-71.1382,42.3571],[-71.13819,42.35714],[-71.13814,42.35729],[-71.13808,42.35743],[-71.13798,42.35762],[-71.13803,42.35762],[-71.13847,42.35768],[-71.13988,42.35787],[-71.14078,42.35799],[-71.14046,42.35855],[-71.14018,42.35911],[-71.14012,42.35925],[-71.13987,42.35967],[-71.13974,42.35991],[-71.13956,42.36023],[-71.13924,42.36081],[-71.13899,42.36126],[-71.13898,42.36132],[-71.13861,42.36193],[-71.13849,42.36212],[-71.13841,42.36225],[-71.13847,42.36279],[-71.1377,42.36288],[-71.13737,42.36292],[-71.13641,42.36303],[-71.13533,42.36318],[-71.13531,42.36331],[-71.13532,42.36351],[-71.13535,42.36407],[-71.13536,42.36411],[-71.1354,42.36457],[-71.1354,42.36475],[-71.13545,42.36486],[-71.13555,42.36494],[-71.13557,42.36503],[-71.13555,42.36508],[-71.13581,42.36568],[-71.13623,42.36664],[-71.1363,42.36692],[-71.13657,42.36674],[-71.13698,42.36648],[-71.13705,42.36643],[-71.13754,42.36601],[-71.13856,42.36511],[-71.13897,42.36482],[-71.13915,42.36471],[-71.13946,42.36456],[-71.13969,42.36448],[-71.13989,42.36445],[-71.14013,42.36442],[-71.14041,42.36441],[-71.14064,42.36443],[-71.141,42.3645],[-71.14139,42.36458],[-71.14191,42.36474],[-71.14214,42.36482],[-71.14248,42.36495],[-71.14291,42.36503],[-71.14329,42.36509],[-71.14367,42.36509],[-71.1438,42.36506],[-71.14407,42.36501],[-71.14449,42.36483],[-71.14474,42.36464],[-71.14496,42.36444],[-71.14524,42.36416],[-71.1454,42.36395],[-71.14555,42.36371],[-71.14564,42.36346],[-71.14577,42.36325],[-71.14593,42.36295],[-71.14614,42.3627],[-71.14634,42.36248],[-71.14665,42.36222],[-71.14698,42.36195],[-71.14717,42.36176]]]}},{"type":"Feature","properties":{"id":"2206","ward":22,"precinct":6},"geometry":{"type":"Polygon","coordinates":[[[-71.14908,42.35616],[-71.14954,42.35547],[-71.14981,42.35504],[-71.14997,42.35481],[-71.15009,42.35462],[-71.15036,42.3542],[-71.15053,42.35389],[-71.15071,42.35361],[-71.15088,42.35336],[-71.15039,42.35325],[-71.14928,42.35295],[-71.14864,42.35279],[-71.1481,42.35265],[-71.14726,42.35244],[-71.14674,42.3523],[-71.14714,42.35158],[-71.14728,42.35136],[-71.14736,42.3512],[-71.14786,42.35035],[-71.1475,42.35026],[-71.14708,42.35017],[-71.14651,42.35043],[-71.14561,42.35079],[-71.14589,42.35105],[-71.14603,42.35119],[-71.14609,42.35128],[-71.14609,42.35137],[-71.14609,42.35145],[-71.14603,42.3516],[-71.14584,42.35193],[-71.14577,42.35205],[-71.14553,42.35248],[-71.14527,42.35291],[-71.14506,42.35333],[-71.1448,42.35376],[-71.14464,42.35407],[-71.14434,42.3546],[-71.14418,42.3549],[-71.14516,42.35516],[-71.14562,42.35528],[-71.1459,42.35535],[-71.14612,42.3554],[-71.14632,42.35545],[-71.14659,42.35553],[-71.14754,42.35576],[-71.14799,42.35587],[-71.14839,42.35598],[-71.14841,42.35599],[-71.14908,42.35616]]]}},{"type":"Feature","properties":{"id":"2207","ward":22,"precinct":7},"geometry":{"type":"Polygon","coordinates":[[[-71.16526,42.34853],[-71.16521,42.34856],[-71.16473,42.34874],[-71.16371,42.34854],[-71.16357,42.3488],[-71.16359,42.34892],[-71.16346,42.34898],[-71.16333,42.34912],[-71.16309,42.34905],[-71.16276,42.34903],[-71.16243,42.349],[-71.16214,42.349],[-71.16208,42.35076],[-71.16206,42.35102],[-71.16201,42.35235],[-71.16199,42.35256],[-71.16237,42.3525],[-71.16217,42.35343],[-71.16202,42.35408],[-71.16199,42.35422],[-71.16185,42.35474],[-71.16167,42.35538],[-71.16256,42.35554],[-71.16261,42.35539],[-71.16279,42.35483],[-71.16337,42.3551],[-71.16422,42.35553],[-71.16497,42.35591],[-71.16537,42.3561],[-71.16549,42.35615],[-71.16566,42.35621],[-71.16588,42.35624],[-71.1661,42.35623],[-71.16623,42.35621],[-71.16645,42.35616],[-71.16665,42.3561],[-71.16682,42.35608],[-71.16695,42.35576],[-71.16716,42.35516],[-71.16722,42.35497],[-71.1674,42.3545],[-71.16757,42.35394],[-71.16764,42.3538],[-71.16775,42.35352],[-71.16782,42.35329],[-71.16783,42.3532],[-71.16781,42.35285],[-71.16775,42.35261],[-71.16769,42.35195],[-71.16758,42.35122],[-71.1676,42.35079],[-71.16761,42.35061],[-71.16773,42.35024],[-71.16775,42.35011],[-71.16779,42.35],[-71.16798,42.34984],[-71.16837,42.34956],[-71.16851,42.34947],[-71.16831,42.34939],[-71.16737,42.34913],[-71.1666,42.34893],[-71.1657,42.34867],[-71.16531,42.34855],[-71.16526,42.34853]]]}},{"type":"Feature","properties":{"id":"2208","ward":22,"precinct":8},"geometry":{"type":"Polygon","coordinates":[[[-71.15976,42.34007],[-71.15958,42.34037],[-71.15928,42.3409],[-71.15904,42.34134],[-71.15895,42.34152],[-71.15867,42.34199],[-71.15854,42.34216],[-71.15829,42.34258],[-71.15814,42.34281],[-71.15803,42.34298],[-71.15798,42.3431],[-71.1579,42.34326],[-71.15786,42.34341],[-71.15783,42.34358],[-71.15782,42.34407],[-71.15781,42.34414],[-71.1578,42.34424],[-71.15778,42.34431],[-71.15772,42.3446],[-71.1577,42.3447],[-71.15769,42.34482],[-71.15768,42.34491],[-71.15769,42.34513],[-71.15772,42.34533],[-71.15778,42.34556],[-71.15789,42.34578],[-71.1581,42.3461],[-71.15858,42.34606],[-71.15931,42.34599],[-71.15929,42.34621],[-71.15932,42.34629],[-71.15938,42.34633],[-71.15963,42.34642],[-71.16075,42.34671],[-71.16043,42.34733],[-71.16131,42.34758],[-71.16146,42.34735],[-71.16168,42.34701],[-71.16202,42.34652],[-71.16212,42.34638],[-71.16261,42.3464],[-71.16374,42.34641],[-71.16488,42.34643],[-71.16665,42.34656],[-71.16696,42.34659],[-71.16729,42.34662],[-71.16766,42.34665],[-71.16865,42.34672],[-71.16934,42.34677],[-71.16999,42.34682],[-71.17027,42.34681],[-71.17058,42.34679],[-71.17092,42.34676],[-71.17162,42.34669],[-71.1719,42.34666],[-71.17,42.34426],[-71.16942,42.34354],[-71.16832,42.34218],[-71.16812,42.34193],[-71.16699,42.34047],[-71.16668,42.34011],[-71.16669,42.34008],[-71.1667,42.34002],[-71.16657,42.34004],[-71.16655,42.34005],[-71.16613,42.3401],[-71.16556,42.34017],[-71.1649,42.34022],[-71.16458,42.34023],[-71.16429,42.34023],[-71.16413,42.34023],[-71.16352,42.34022],[-71.16288,42.34021],[-71.16161,42.34017],[-71.16159,42.34017],[-71.16153,42.34017],[-71.16147,42.34017],[-71.16117,42.34016],[-71.16109,42.34015],[-71.16105,42.34015],[-71.16062,42.34014],[-71.15976,42.34007]]]}},{"type":"Feature","properties":{"id":"2209","ward":22,"precinct":9},"geometry":{"type":"Polygon","coordinates":[[[-71.15529,42.34035],[-71.15526,42.34044],[-71.15491,42.34098],[-71.15473,42.34121],[-71.15455,42.34157],[-71.15436,42.34185],[-71.1542,42.34207],[-71.15384,42.34259],[-71.15363,42.34294],[-71.15346,42.34319],[-71.15342,42.3433],[-71.15339,42.34349],[-71.15342,42.34382],[-71.15345,42.34396],[-71.15346,42.34415],[-71.15343,42.34432],[-71.15337,42.34451],[-71.15327,42.34466],[-71.15429,42.34496],[-71.15515,42.34524],[-71.15503,42.34538],[-71.15502,42.34539],[-71.15482,42.34569],[-71.15474,42.34583],[-71.15459,42.34604],[-71.15425,42.34656],[-71.15379,42.34726],[-71.15395,42.34756],[-71.1541,42.34755],[-71.15439,42.34761],[-71.15508,42.34778],[-71.15523,42.34782],[-71.15514,42.34807],[-71.15512,42.34817],[-71.15499,42.34851],[-71.15472,42.34914],[-71.15522,42.34913],[-71.15575,42.34912],[-71.15648,42.34911],[-71.15708,42.3491],[-71.15719,42.34892],[-71.15734,42.34859],[-71.15744,42.34834],[-71.15746,42.3482],[-71.15748,42.34812],[-71.15754,42.34762],[-71.1576,42.34744],[-71.15766,42.34735],[-71.15781,42.34716],[-71.15785,42.34711],[-71.15805,42.34692],[-71.15816,42.3468],[-71.15823,42.34664],[-71.15895,42.34683],[-71.15934,42.34693],[-71.15942,42.34697],[-71.15964,42.3471],[-71.16043,42.34733],[-71.16075,42.34671],[-71.15963,42.34642],[-71.15938,42.34633],[-71.15932,42.34629],[-71.15929,42.34621],[-71.15931,42.34599],[-71.15858,42.34606],[-71.1581,42.3461],[-71.15789,42.34578],[-71.15778,42.34556],[-71.15772,42.34533],[-71.15769,42.34513],[-71.15768,42.34491],[-71.15769,42.34482],[-71.1577,42.3447],[-71.15772,42.3446],[-71.15778,42.34431],[-71.1578,42.34424],[-71.15781,42.34414],[-71.15782,42.34407],[-71.15783,42.34358],[-71.15786,42.34341],[-71.1579,42.34326],[-71.15798,42.3431],[-71.15803,42.34298],[-71.15814,42.34281],[-71.15829,42.34258],[-71.15854,42.34216],[-71.15867,42.34199],[-71.15895,42.34152],[-71.15904,42.34134],[-71.15928,42.3409],[-71.15958,42.34037],[-71.15976,42.34007],[-71.15896,42.33996],[-71.15788,42.33974],[-71.15753,42.33979],[-71.15718,42.33988],[-71.15662,42.34003],[-71.15607,42.34017],[-71.15568,42.34025],[-71.15554,42.34027],[-71.15529,42.34035]]]}},{"type":"Feature","properties":{"id":"2210","ward":22,"precinct":10},"geometry":{"type":"Polygon","coordinates":[[[-71.16488,42.34643],[-71.16374,42.34641],[-71.16261,42.3464],[-71.16212,42.34638],[-71.16202,42.34652],[-71.16168,42.34701],[-71.16146,42.34735],[-71.16131,42.34758],[-71.16043,42.34733],[-71.15964,42.3471],[-71.15942,42.34697],[-71.15934,42.34693],[-71.15895,42.34683],[-71.15823,42.34664],[-71.15816,42.3468],[-71.15805,42.34692],[-71.15785,42.34711],[-71.15781,42.34716],[-71.15766,42.34735],[-71.1576,42.34744],[-71.15754,42.34762],[-71.15748,42.34812],[-71.15746,42.3482],[-71.15744,42.34834],[-71.15734,42.34859],[-71.15719,42.34892],[-71.15708,42.3491],[-71.15708,42.34923],[-71.15705,42.3495],[-71.15698,42.35031],[-71.15697,42.35042],[-71.15692,42.3509],[-71.15592,42.35072],[-71.1553,42.3506],[-71.15502,42.35143],[-71.15494,42.35161],[-71.1555,42.35172],[-71.1559,42.3518],[-71.15625,42.35186],[-71.15662,42.3519],[-71.15753,42.35192],[-71.15807,42.35192],[-71.15806,42.35266],[-71.15807,42.35338],[-71.15806,42.35408],[-71.1585,42.35388],[-71.15859,42.35382],[-71.15869,42.35404],[-71.15874,42.35414],[-71.1588,42.35417],[-71.1589,42.3542],[-71.15912,42.35423],[-71.15957,42.35432],[-71.16185,42.35474],[-71.16199,42.35422],[-71.16202,42.35408],[-71.16217,42.35343],[-71.16237,42.3525],[-71.16199,42.35256],[-71.16201,42.35235],[-71.16206,42.35102],[-71.16208,42.35076],[-71.16214,42.349],[-71.16243,42.349],[-71.16276,42.34903],[-71.16309,42.34905],[-71.16333,42.34912],[-71.16346,42.34898],[-71.16359,42.34892],[-71.16357,42.3488],[-71.16371,42.34854],[-71.16473,42.34874],[-71.16521,42.34856],[-71.16526,42.34853],[-71.16567,42.34824],[-71.1658,42.34808],[-71.16581,42.34806],[-71.16598,42.34784],[-71.16614,42.3475],[-71.16622,42.34734],[-71.16646,42.34697],[-71.16516,42.34656],[-71.16488,42.34643]]]}},{"type":"Feature","properties":{"id":"2211","ward":22,"precinct":11},"geometry":{"type":"Polygon","coordinates":[[[-71.16682,42.35608],[-71.16665,42.3561],[-71.16645,42.35616],[-71.16623,42.35621],[-71.1661,42.35623],[-71.16588,42.35624],[-71.16566,42.35621],[-71.16549,42.35615],[-71.16537,42.3561],[-71.16497,42.35591],[-71.16422,42.35553],[-71.16337,42.3551],[-71.16279,42.35483],[-71.16261,42.35539],[-71.16256,42.35554],[-71.16167,42.35538],[-71.16185,42.35474],[-71.15957,42.35432],[-71.15912,42.35423],[-71.1589,42.3542],[-71.1588,42.35417],[-71.15874,42.35414],[-71.15869,42.35404],[-71.15859,42.35382],[-71.1585,42.35388],[-71.15806,42.35408],[-71.15807,42.35338],[-71.15775,42.35337],[-71.15718,42.35339],[-71.15719,42.35369],[-71.15716,42.35378],[-71.15708,42.35385],[-71.15673,42.35398],[-71.15613,42.35423],[-71.15652,42.35461],[-71.15671,42.35474],[-71.15641,42.35508],[-71.15614,42.35536],[-71.15585,42.35556],[-71.15568,42.35564],[-71.15547,42.35571],[-71.15525,42.35574],[-71.155,42.35574],[-71.15433,42.35568],[-71.15427,42.35608],[-71.15405,42.35674],[-71.15389,42.35715],[-71.15382,42.35733],[-71.15376,42.35753],[-71.15386,42.3576],[-71.15389,42.35762],[-71.15396,42.35767],[-71.15409,42.35777],[-71.15432,42.35791],[-71.1545,42.35801],[-71.15469,42.35815],[-71.15491,42.35816],[-71.15563,42.35821],[-71.15595,42.35823],[-71.15628,42.35824],[-71.1566,42.35824],[-71.15708,42.35824],[-71.15732,42.35826],[-71.15754,42.35829],[-71.15803,42.35843],[-71.15818,42.35846],[-71.1583,42.35849],[-71.1584,42.35851],[-71.15895,42.3586],[-71.15939,42.3586],[-71.1601,42.35858],[-71.16045,42.35857],[-71.16055,42.35858],[-71.16068,42.35859],[-71.1609,42.35863],[-71.16117,42.35877],[-71.16135,42.35885],[-71.16148,42.35897],[-71.16151,42.35898],[-71.16169,42.35887],[-71.16188,42.35874],[-71.16211,42.35864],[-71.16229,42.35857],[-71.1626,42.35852],[-71.16301,42.35848],[-71.16327,42.35847],[-71.16342,42.35847],[-71.16363,42.3585],[-71.16389,42.35853],[-71.16422,42.35864],[-71.16457,42.35881],[-71.16523,42.35938],[-71.16535,42.35947],[-71.16569,42.35972],[-71.16588,42.3598],[-71.16616,42.35992],[-71.16649,42.35999],[-71.16682,42.36004],[-71.1673,42.36008],[-71.1674,42.36008],[-71.16751,42.36009],[-71.16761,42.3601],[-71.16763,42.36008],[-71.16764,42.36006],[-71.16807,42.35954],[-71.16826,42.35934],[-71.16828,42.35932],[-71.16853,42.35906],[-71.16862,42.35896],[-71.16947,42.35806],[-71.16989,42.35765],[-71.1699,42.35763],[-71.17006,42.35748],[-71.1704,42.35712],[-71.17034,42.35712],[-71.16994,42.35711],[-71.16849,42.35715],[-71.16767,42.35717],[-71.16654,42.35718],[-71.1666,42.35684],[-71.16677,42.35629],[-71.16682,42.35608]]]}},{"type":"Feature","properties":{"id":"2212","ward":22,"precinct":12},"geometry":{"type":"Polygon","coordinates":[[[-71.1476,42.35888],[-71.1474,42.35886],[-71.14711,42.35937],[-71.14695,42.35964],[-71.14647,42.36039],[-71.14625,42.36074],[-71.14617,42.36088],[-71.14578,42.3615],[-71.14589,42.36151],[-71.14571,42.36162],[-71.14583,42.36163],[-71.14602,42.36165],[-71.14605,42.36165],[-71.14613,42.36166],[-71.14617,42.36167],[-71.14622,42.36167],[-71.14651,42.3617],[-71.14693,42.36174],[-71.14695,42.36174],[-71.14703,42.36175],[-71.14717,42.36176],[-71.14724,42.3617],[-71.1473,42.36164],[-71.14757,42.36145],[-71.14781,42.36131],[-71.14808,42.36121],[-71.14833,42.36113],[-71.14864,42.36108],[-71.14903,42.36104],[-71.14945,42.36101],[-71.14973,42.36099],[-71.15007,42.36095],[-71.15065,42.36089],[-71.15145,42.36083],[-71.15199,42.36077],[-71.15248,42.36069],[-71.15295,42.36052],[-71.15371,42.36026],[-71.15415,42.36013],[-71.15448,42.36004],[-71.15482,42.35997],[-71.15525,42.3599],[-71.15561,42.35988],[-71.15636,42.35986],[-71.15673,42.3599],[-71.15707,42.35995],[-71.15791,42.35997],[-71.1585,42.35998],[-71.15883,42.35997],[-71.15928,42.35991],[-71.15975,42.35979],[-71.16052,42.35951],[-71.16096,42.3593],[-71.16135,42.35908],[-71.16151,42.35898],[-71.16148,42.35897],[-71.16135,42.35885],[-71.16117,42.35877],[-71.1609,42.35863],[-71.16068,42.35859],[-71.16055,42.35858],[-71.16045,42.35857],[-71.1601,42.35858],[-71.15939,42.3586],[-71.15895,42.3586],[-71.1584,42.35851],[-71.1583,42.35849],[-71.15818,42.35846],[-71.15803,42.35843],[-71.15754,42.35829],[-71.15732,42.35826],[-71.15708,42.35824],[-71.1566,42.35824],[-71.15628,42.35824],[-71.15595,42.35823],[-71.15563,42.35821],[-71.15491,42.35816],[-71.15469,42.35815],[-71.1545,42.35801],[-71.15432,42.35791],[-71.15409,42.35777],[-71.15396,42.35767],[-71.15389,42.35762],[-71.15386,42.3576],[-71.15376,42.35753],[-71.15382,42.35733],[-71.15389,42.35715],[-71.15405,42.35674],[-71.15427,42.35608],[-71.15433,42.35568],[-71.155,42.35574],[-71.15525,42.35574],[-71.15547,42.35571],[-71.15568,42.35564],[-71.15585,42.35556],[-71.15614,42.35536],[-71.15641,42.35508],[-71.15671,42.35474],[-71.15652,42.35461],[-71.15613,42.35423],[-71.15673,42.35398],[-71.15708,42.35385],[-71.15716,42.35378],[-71.15719,42.35369],[-71.15718,42.35339],[-71.15775,42.35337],[-71.15807,42.35338],[-71.15806,42.35266],[-71.15807,42.35192],[-71.15753,42.35192],[-71.15662,42.3519],[-71.15625,42.35186],[-71.1559,42.3518],[-71.1555,42.35172],[-71.15494,42.35161],[-71.1548,42.35187],[-71.15443,42.3524],[-71.15357,42.35216],[-71.15386,42.35165],[-71.15403,42.35138],[-71.15327,42.35114],[-71.15238,42.35091],[-71.1521,42.35135],[-71.15192,42.35165],[-71.15172,42.35195],[-71.15137,42.35256],[-71.15113,42.35291],[-71.15088,42.35336],[-71.15071,42.35361],[-71.15053,42.35389],[-71.15036,42.3542],[-71.15009,42.35462],[-71.14997,42.35481],[-71.14981,42.35504],[-71.14954,42.35547],[-71.14908,42.35616],[-71.14857,42.357],[-71.1483,42.35742],[-71.14798,42.35802],[-71.14791,42.35811],[-71.1479,42.35813],[-71.14786,42.35824],[-71.14775,42.35841],[-71.14758,42.35863],[-71.1476,42.35888]]]}},{"type":"Feature","properties":{"id":"2213","ward":22,"precinct":13},"geometry":{"type":"Polygon","coordinates":[[[-71.16761,42.35061],[-71.1676,42.35079],[-71.16758,42.35122],[-71.16769,42.35195],[-71.16775,42.35261],[-71.16781,42.35285],[-71.16783,42.3532],[-71.16782,42.35329],[-71.16775,42.35352],[-71.16764,42.3538],[-71.16757,42.35394],[-71.1674,42.3545],[-71.16722,42.35497],[-71.16716,42.35516],[-71.16695,42.35576],[-71.16682,42.35608],[-71.16677,42.35629],[-71.1666,42.35684],[-71.16654,42.35718],[-71.16767,42.35717],[-71.16849,42.35715],[-71.16994,42.35711],[-71.17034,42.35712],[-71.1704,42.35712],[-71.17066,42.35686],[-71.171,42.3565],[-71.17117,42.35632],[-71.17139,42.3561],[-71.17155,42.35593],[-71.17231,42.35514],[-71.17258,42.35486],[-71.17269,42.35474],[-71.17277,42.35466],[-71.17289,42.35454],[-71.17353,42.35387],[-71.17392,42.35347],[-71.17394,42.35341],[-71.17391,42.35339],[-71.17387,42.35337],[-71.17352,42.35319],[-71.17261,42.35271],[-71.17175,42.35229],[-71.17086,42.35184],[-71.1703,42.35156],[-71.16997,42.35142],[-71.16979,42.35135],[-71.16925,42.35115],[-71.16909,42.35108],[-71.16896,42.35102],[-71.16871,42.35086],[-71.16843,42.35067],[-71.16825,42.35067],[-71.16811,42.35067],[-71.16788,42.35066],[-71.16776,42.35063],[-71.16761,42.35061]]]}}]}